﻿<?xml version="1.0" encoding="utf-8"?>
<Map>
  <Monsters>
    <Monster ID="1" Code="2161" X="6333" Y="688" Radius="300" Num="20" Timeslot="10" PursuitRadius="60" BirthType="0" TimePoints="0" BirthRate="1" />
	<Monster ID="2" Code="2161" X="7603" Y="1538" Radius="300" Num="20" Timeslot="10" PursuitRadius="60" BirthType="0" TimePoints="0" BirthRate="1" />
	<Monster ID="3" Code="2161" X="7159" Y="2477" Radius="300" Num="20" Timeslot="10" PursuitRadius="60" BirthType="0" TimePoints="0" BirthRate="1" />
		
	<Monster ID="4" Code="2159" X="4453" Y="3864" Radius="300" Num="20" Timeslot="10" PursuitRadius="60" BirthType="0" TimePoints="0" BirthRate="1" />
	<Monster ID="5" Code="2159" X="5053" Y="2683" Radius="300" Num="20" Timeslot="10" PursuitRadius="60" BirthType="0" TimePoints="0" BirthRate="1" />
	<Monster ID="6" Code="2159" X="3640" Y="2821" Radius="300" Num="20" Timeslot="10" PursuitRadius="60" BirthType="0" TimePoints="0" BirthRate="1" />
	<Monster ID="7" Code="2159" X="3760" Y="4847" Radius="300" Num="20" Timeslot="10" PursuitRadius="60" BirthType="0" TimePoints="0" BirthRate="1" />
	<Monster ID="8" Code="2159" X="2014" Y="4837" Radius="300" Num="20" Timeslot="10" PursuitRadius="60" BirthType="0" TimePoints="0" BirthRate="1" />
		
	<Monster ID="9" Code="2160" X="1499" Y="2705" Radius="300" Num="20" Timeslot="10" PursuitRadius="60" BirthType="0" TimePoints="0" BirthRate="1" />
	<Monster ID="10" Code="2160" X="2405" Y="2210" Radius="300" Num="20" Timeslot="10" PursuitRadius="60" BirthType="0" TimePoints="0" BirthRate="1" />
	<Monster ID="11" Code="2160" X="1934" Y="1240" Radius="300" Num="20" Timeslot="10" PursuitRadius="60" BirthType="0" TimePoints="0" BirthRate="1" />
	<Monster ID="12" Code="2160" X="2276" Y="618" Radius="300" Num="20" Timeslot="10" PursuitRadius="60" BirthType="0" TimePoints="0" BirthRate="1" />

<!-- Hai Tac -->
	 <Monster ID="15" Code="3051" X="1500" Y="580" Radius="100" Num="1" Timeslot="300" PursuitRadius="10" BirthType="0" TimePoints="0" BirthRate="1" /> --
	 <Monster ID="16" Code="3052" X="1047" Y="3279" Radius="100" Num="1" Timeslot="300" PursuitRadius="10" BirthType="0" TimePoints="0" BirthRate="1" />
	 <Monster ID="17" Code="3053" X="4339" Y="2777" Radius="100" Num="1" Timeslot="300" PursuitRadius="10" BirthType="0" TimePoints="0" BirthRate="1" />
	 <Monster ID="18" Code="3054" X="7884" Y="4772" Radius="100" Num="1" Timeslot="300" PursuitRadius="10" BirthType="0" TimePoints="0" BirthRate="1" />
	
  </Monsters>
</Map>