<?xml version="1.0" encoding="utf-8"?>
<ChatFilter xmlns:xsi="http://www.w3.org/2001/XMLSchema-instance" xmlns:xsd="http://www.w3.org/2001/XMLSchema">
	<Word Value="cmnr" />
	<Word Value="﻿﻿âm đạo"/>
<Word Value="âm hộ"/>
<Word Value="âm mao"/>
<Word Value="âm vật"/>
<Word Value="âmđạo"/>
<Word Value="âmhộ"/>
<Word Value="âmmao"/>
<Word Value="âmvật"/>
<Word Value="âu cơ"/>
<Word Value="âu lạc"/>
<Word Value="âucơ"/>
<Word Value="âulạc"/>
<Word Value="đút cặc vào"/>
<Word Value="đútcặcvào"/>
<Word Value="đù má"/>
<Word Value="đù má mày"/>
<Word Value="đù mẹ"/>
<Word Value="đù mẹ đù cha"/>
<Word Value="đù mẹ mày"/>
<Word Value="đùmá"/>
<Word Value="đùmámày"/>
<Word Value="đùmẹ"/>
<Word Value="đùmẹđùcha"/>
<Word Value="đùmẹmày"/>
<Word Value="hòa xã hội chủ nghĩa"/>
<Word Value="hòa Xã Hội Chủ Nghĩa"/>
<Word Value="Hòa Xã Hội Chủ Nghĩa"/>
<Word Value="hòa xã hội chủ nghĩa việt nam"/>
<Word Value="hòa Xã Hội Chủ Nghĩa Việt Nam"/>
<Word Value="Hòa Xã Hội Chủ Nghĩa Việt Nam"/>
<Word Value="hòa xã hội chủ nghĩa vn"/>
<Word Value="hòa Xã Hội Chủ Nghĩa VN"/>
<Word Value="Hòa Xã Hội Chủ Nghĩa VN"/>
<Word Value="hòaxãhộichủnghĩa"/>
<Word Value="hòaxãhộichủnghĩa vn"/>
<Word Value="hòaxãhộichủnghĩa VN"/>
<Word Value="hòaxãhộichủnghĩaviệtnam"/>
<Word Value="hòaxãhộichủnghĩaviệtnam"/>
<Word Value="hòaxãhộichủnghĩaVN"/>
<Word Value="hòaxãhộichủnghĩavn"/>
<Word Value="sản"/>
<Word Value="sản chủ nghĩa"/>
<Word Value="sản đd"/>
<Word Value="sản đông dương"/>
<Word Value="sản ĐD"/>
<Word Value="sản Đông Dương"/>
<Word Value="SảnĐôngDương"/>
<Word Value="cộngsảnchủnghĩa"/>
<Word Value="HXHCN"/>
<Word Value="HXHCN Việt Nam"/>
<Word Value="HXHCN VIỆT NAM"/>
<Word Value="HXHCN VN"/>
<Word Value="HXHCN.VN"/>
<Word Value="HXHCNVN"/>
<Word Value="bác hồ chí minh"/>
<Word Value="Bác Hồ Chí Minh"/>
<Word Value="Bác Tôn"/>
<Word Value="báchồ"/>
<Word Value="BácHồ"/>
<Word Value="báchồchíminh"/>
<Word Value="cong hoa xa hoi chu nghia"/>
<Word Value="cong hoa xa hoi chu nghia viet nam"/>
<Word Value="cong hoa xa hoi chu nghia Viet Nam"/>
<Word Value="cong hoa xa hoi chu nghia vn"/>
<Word Value="cong hoa xa hoi chu nghia VN"/>
<Word Value="dang cong san Viet Nam"/>
<Word Value="hồ chí minh"/>
<Word Value="Hồ Chí Minh"/>
<Word Value="hồ chủ tịch"/>
<Word Value="Hồ chủ tịch"/>
<Word Value="Hồ Chủ Tịch"/>
<Word Value="hồchíminh"/>
<Word Value="hồchủtịch"/>
<Word Value="đis bố"/>
<Word Value="đis me"/>
<Word Value="đisbố"/>
<Word Value="đisme"/>
<Word Value="đít bự"/>
<Word Value="đít teo"/>
<Word Value="đít to"/>
<Word Value="đítbự"/>
<Word Value="đítteo"/>
<Word Value="đítto"/>
<Word Value="địt bố"/>
<Word Value="địt bố mày"/>
<Word Value="địt con mẹ mày"/>
<Word Value="địt mẹ"/>
<Word Value="địt mẹ mày"/>
<Word Value="địt thằng cha mày"/>
<Word Value="địtbố"/>
<Word Value="địtbốmày"/>
<Word Value="địtconmẹmày"/>
<Word Value="địtmẹ"/>
<Word Value="địtmẹmày"/>
<Word Value="địtthằngchamày"/>
<Word Value="đm"/>
<Word Value="đm mày"/>
<Word Value="đmá"/>
<Word Value="đmá mày"/>
<Word Value="đmámày"/>
<Word Value="vãi cứt"/>
<Word Value="vãi cứt"/>
<Word Value="vãi đái"/>
<Word Value="vãi đái"/>
<Word Value="vãicứt"/>
<Word Value="vãicứt"/>
<Word Value="vãiđái"/>
<Word Value="vãiđái"/>
<Word Value="lon bu"/>
<Word Value="lon ghe"/>
<Word Value="long lon"/>
<Word Value="lon que"/>
<Word Value="lon thoi"/>
<Word Value="lon thui"/>
<Word Value="lon to"/>
<Word Value="lu cho"/>
<Word Value="buoi"/>
<Word Value="buồi"/>
<Word Value="lồn"/>
<Word Value="namky"/>
<Word Value="backy"/>
<Word Value="nam kỳ"/>
<Word Value="bắc kỳ"/>
<Word Value="Namky"/>
<Word Value="Backy"/>
<Word Value="địt cụ"/>
<Word Value="CMLMM"/>
<Word Value="cmml"/>
<Word Value=".cmml"/>
<Word Value="cut"/>
<Word Value="Cứt"/>
<Word Value="vcl"/>
<Word Value="v k l"/>
<Word Value="Việt Nam"/>
<Word Value="DBRR"/>
<Word Value="CaiLozme"/>
<Word Value="Dụ"/>
<Word Value="Fuck"/>
<Word Value="Cái lồn mẹ mày"/>
<Word Value="con mẹ mày"/>
<Word Value="súc sinh"/>
<Word Value="óc chó"/>
<Word Value="ngu lồn"/>
<Word Value="Súc Vật"/>
<Word Value="Đù má"/>
<Word Value="du ma"/>
<Word Value="duma"/>
<Word Value="địt mẹ bọn bắc kì"/>
<Word Value="địt mẹ bọn bắc kỳ"/>
<Word Value="địt mẹ bọn bắc nam kỳ"/>
<Word Value="địt mẹ bọn bắc nam ky"/>
</ChatFilter>