<?xml version="1.0" encoding="utf-8"?>
<RoleAvarta xmlns:xsi="http://www.w3.org/2001/XMLSchema-instance" xmlns:xsd="http://www.w3.org/2001/XMLSchema">
	<!-- Male -->
	<Avarta ID="0" Name="M Avarta 1" Sex ="0" IsDefaultTake="true" BundleDir="RoleAvarta.unity3d" AtlasName="1" Sprite="Male_1" />
	<Avarta ID="1" Name="M Avarta 2" Sex ="0" IsDefaultTake="true" BundleDir="RoleAvarta.unity3d" AtlasName="1" Sprite="Male_2" />
	<Avarta ID="2" Name="M Avarta 3" Sex ="0" IsDefaultTake="true" BundleDir="RoleAvarta.unity3d" AtlasName="1" Sprite="Male_3" />
	<Avarta ID="3" Name="M Avarta 4" Sex ="0" IsDefaultTake="true" BundleDir="RoleAvarta.unity3d" AtlasName="1" Sprite="Male_4" />
	<Avarta ID="4" Name="M Avarta 5" Sex ="0" IsDefaultTake="true" BundleDir="RoleAvarta.unity3d" AtlasName="1" Sprite="Male_5" />
	<Avarta ID="5" Name="M Avarta 6" Sex ="0" IsDefaultTake="true" BundleDir="RoleAvarta.unity3d" AtlasName="1" Sprite="Male_6" />
	<!-- End -->
	
	<!-- Female -->
	<Avarta ID="1000" Name="F Avarta 1" Sex ="1" IsDefaultTake="true" BundleDir="RoleAvarta.unity3d" AtlasName="1" Sprite="Female_1" />
	<Avarta ID="1001" Name="F Avarta 2" Sex ="1" IsDefaultTake="true" BundleDir="RoleAvarta.unity3d" AtlasName="1" Sprite="Female_2" />
	<Avarta ID="1002" Name="F Avarta 3" Sex ="1" IsDefaultTake="true" BundleDir="RoleAvarta.unity3d" AtlasName="1" Sprite="Female_3" />
	<Avarta ID="1003" Name="F Avarta 4" Sex ="1" IsDefaultTake="true" BundleDir="RoleAvarta.unity3d" AtlasName="1" Sprite="Female_4" />
	<Avarta ID="1004" Name="F Avarta 5" Sex ="1" IsDefaultTake="true" BundleDir="RoleAvarta.unity3d" AtlasName="1" Sprite="Female_5" />
	<!-- End -->
</RoleAvarta>