<?xml version="1.0" encoding="utf-8"?>
<ArrayOfPKPunish xmlns:xsi="http://www.w3.org/2001/XMLSchema-instance" xmlns:xsd="http://www.w3.org/2001/XMLSchema">
  <PKPunish>
    <PKValue>0</PKValue>
    <ExpDropRate>1</ExpDropRate>
    <ExpDropULimit>150000</ExpDropULimit>
    <EquipAbradeRate>5</EquipAbradeRate>
  </PKPunish>
  <PKPunish>
    <PKValue>1</PKValue>
    <ExpDropRate>1</ExpDropRate>
    <ExpDropULimit>200000</ExpDropULimit>
    <EquipAbradeRate>5</EquipAbradeRate>
  </PKPunish>
  <PKPunish>
    <PKValue>2</PKValue>
    <ExpDropRate>1</ExpDropRate>
    <ExpDropULimit>300000</ExpDropULimit>
    <EquipAbradeRate>5</EquipAbradeRate>
  </PKPunish>
  <PKPunish>
    <PKValue>3</PKValue>
    <ExpDropRate>1</ExpDropRate>
    <ExpDropULimit>400000</ExpDropULimit>
    <EquipAbradeRate>5</EquipAbradeRate>
  </PKPunish>
  <PKPunish>
    <PKValue>4</PKValue>
    <ExpDropRate>2</ExpDropRate>
    <ExpDropULimit>600000</ExpDropULimit>
    <EquipAbradeRate>7</EquipAbradeRate>
  </PKPunish>
  <PKPunish>
    <PKValue>5</PKValue>
    <ExpDropRate>2</ExpDropRate>
    <ExpDropULimit>700000</ExpDropULimit>
    <EquipAbradeRate>7</EquipAbradeRate>
  </PKPunish>
  <PKPunish>
    <PKValue>6</PKValue>
    <ExpDropRate>2</ExpDropRate>
    <ExpDropULimit>800000</ExpDropULimit>
    <EquipAbradeRate>7</EquipAbradeRate>
  </PKPunish>
  <PKPunish>
    <PKValue>7</PKValue>
    <ExpDropRate>3</ExpDropRate>
    <ExpDropULimit>1000000</ExpDropULimit>
    <EquipAbradeRate>10</EquipAbradeRate>
  </PKPunish>
  <PKPunish>
    <PKValue>8</PKValue>
    <ExpDropRate>3</ExpDropRate>
    <ExpDropULimit>1500000</ExpDropULimit>
    <EquipAbradeRate>10</EquipAbradeRate>
  </PKPunish>
  <PKPunish>
    <PKValue>9</PKValue>
    <ExpDropRate>3</ExpDropRate>
    <ExpDropULimit>2000000</ExpDropULimit>
    <EquipAbradeRate>10</EquipAbradeRate>
  </PKPunish>
  <PKPunish>
    <PKValue>10</PKValue>
    <ExpDropRate>5</ExpDropRate>
    <ExpDropULimit>3000000</ExpDropULimit>
    <EquipAbradeRate>15</EquipAbradeRate>
  </PKPunish>
</ArrayOfPKPunish>