<?xml version="1.0" encoding="utf-8"?>
<RoleLevelUpAttributes xmlns:xsi="http://www.w3.org/2001/XMLSchema-instance" xmlns:xsd="http://www.w3.org/2001/XMLSchema">
  <Attribute Level="1" ExpNeed="1000" RemainPoint="0" Str="50" Dex="50" Sta="50" Int="50" SkillRemainPoint="0" HP="100" MP="50" Vitality="500" Luck="2" Energy="1000" Potential="1000" SpeedWalk="5" SpeedRun="10" PAtkSpeed="0" MAtkSpeed="0" Hit="0" Dodge="0" PAtk="0" MAtk="0" Def="0" IceRes="0" FireRes="0" LightningRes="0" PoisonRes="0" MoveSpeedPercent="20" BaseExp="500" Rage="60" MaxCarryGold="100000" />
  <Attribute Level="2" ExpNeed="2000" RemainPoint="10" Str="0" Dex="0" Sta="0" Int="0" SkillRemainPoint="1" HP="0" MP="0" Vitality="0" Luck="0" Energy="0" Potential="0" SpeedWalk="0" SpeedRun="0" PAtkSpeed="0" MAtkSpeed="0" Hit="0" Dodge="0" PAtk="0" MAtk="0" Def="0" IceRes="0" FireRes="0" LightningRes="0" PoisonRes="0" MoveSpeedPercent="0" BaseExp="500" Rage="65" MaxCarryGold="100000" />
  <Attribute Level="3" ExpNeed="3000" RemainPoint="10" Str="0" Dex="0" Sta="0" Int="0" SkillRemainPoint="1" HP="0" MP="0" Vitality="0" Luck="0" Energy="0" Potential="0" SpeedWalk="0" SpeedRun="0" PAtkSpeed="0" MAtkSpeed="0" Hit="0" Dodge="0" PAtk="0" MAtk="0" Def="0" IceRes="0" FireRes="0" LightningRes="0" PoisonRes="0" MoveSpeedPercent="0" BaseExp="500" Rage="70" MaxCarryGold="100000" />
  <Attribute Level="4" ExpNeed="4500" RemainPoint="10" Str="0" Dex="0" Sta="0" Int="0" SkillRemainPoint="1" HP="0" MP="0" Vitality="0" Luck="0" Energy="0" Potential="0" SpeedWalk="0" SpeedRun="0" PAtkSpeed="0" MAtkSpeed="0" Hit="0" Dodge="0" PAtk="0" MAtk="0" Def="0" IceRes="0" FireRes="0" LightningRes="0" PoisonRes="0" MoveSpeedPercent="0" BaseExp="500" Rage="75" MaxCarryGold="100000" />
  <Attribute Level="5" ExpNeed="5800" RemainPoint="10" Str="0" Dex="0" Sta="0" Int="0" SkillRemainPoint="1" HP="0" MP="0" Vitality="0" Luck="0" Energy="0" Potential="0" SpeedWalk="0" SpeedRun="0" PAtkSpeed="0" MAtkSpeed="0" Hit="0" Dodge="0" PAtk="0" MAtk="0" Def="0" IceRes="0" FireRes="0" LightningRes="0" PoisonRes="0" MoveSpeedPercent="0" BaseExp="500" Rage="80" MaxCarryGold="100000" />
  <Attribute Level="6" ExpNeed="7000" RemainPoint="10" Str="0" Dex="0" Sta="0" Int="0" SkillRemainPoint="1" HP="0" MP="0" Vitality="0" Luck="0" Energy="0" Potential="0" SpeedWalk="0" SpeedRun="0" PAtkSpeed="0" MAtkSpeed="0" Hit="0" Dodge="0" PAtk="0" MAtk="0" Def="0" IceRes="0" FireRes="0" LightningRes="0" PoisonRes="0" MoveSpeedPercent="0" BaseExp="500" Rage="85" MaxCarryGold="100000" />
  <Attribute Level="7" ExpNeed="8400" RemainPoint="10" Str="0" Dex="0" Sta="0" Int="0" SkillRemainPoint="1" HP="0" MP="0" Vitality="0" Luck="0" Energy="0" Potential="0" SpeedWalk="0" SpeedRun="0" PAtkSpeed="0" MAtkSpeed="0" Hit="0" Dodge="0" PAtk="0" MAtk="0" Def="0" IceRes="0" FireRes="0" LightningRes="0" PoisonRes="0" MoveSpeedPercent="0" BaseExp="500" Rage="90" MaxCarryGold="100000" />
  <Attribute Level="8" ExpNeed="11300" RemainPoint="10" Str="0" Dex="0" Sta="0" Int="0" SkillRemainPoint="1" HP="0" MP="0" Vitality="0" Luck="0" Energy="0" Potential="0" SpeedWalk="0" SpeedRun="0" PAtkSpeed="0" MAtkSpeed="0" Hit="0" Dodge="0" PAtk="0" MAtk="0" Def="0" IceRes="0" FireRes="0" LightningRes="0" PoisonRes="0" MoveSpeedPercent="0" BaseExp="500" Rage="95" MaxCarryGold="100000" />
  <Attribute Level="9" ExpNeed="17000" RemainPoint="10" Str="0" Dex="0" Sta="0" Int="0" SkillRemainPoint="1" HP="0" MP="0" Vitality="0" Luck="0" Energy="0" Potential="0" SpeedWalk="0" SpeedRun="0" PAtkSpeed="0" MAtkSpeed="0" Hit="0" Dodge="0" PAtk="0" MAtk="0" Def="0" IceRes="0" FireRes="0" LightningRes="0" PoisonRes="0" MoveSpeedPercent="0" BaseExp="500" Rage="100" MaxCarryGold="100000" />
  <Attribute Level="10" ExpNeed="22400" RemainPoint="10" Str="0" Dex="0" Sta="0" Int="0" SkillRemainPoint="1" HP="0" MP="0" Vitality="0" Luck="0" Energy="0" Potential="0" SpeedWalk="0" SpeedRun="0" PAtkSpeed="0" MAtkSpeed="0" Hit="0" Dodge="0" PAtk="0" MAtk="0" Def="0" IceRes="0" FireRes="0" LightningRes="0" PoisonRes="0" MoveSpeedPercent="0" BaseExp="1250" Rage="140" MaxCarryGold="300000" />
  <Attribute Level="11" ExpNeed="29000" RemainPoint="10" Str="0" Dex="0" Sta="0" Int="0" SkillRemainPoint="1" HP="0" MP="0" Vitality="0" Luck="0" Energy="0" Potential="0" SpeedWalk="0" SpeedRun="0" PAtkSpeed="0" MAtkSpeed="0" Hit="0" Dodge="0" PAtk="0" MAtk="0" Def="0" IceRes="0" FireRes="0" LightningRes="0" PoisonRes="0" MoveSpeedPercent="0" BaseExp="1250" Rage="180" MaxCarryGold="300000" />
  <Attribute Level="12" ExpNeed="36000" RemainPoint="10" Str="0" Dex="0" Sta="0" Int="0" SkillRemainPoint="1" HP="0" MP="0" Vitality="0" Luck="0" Energy="0" Potential="0" SpeedWalk="0" SpeedRun="0" PAtkSpeed="0" MAtkSpeed="0" Hit="0" Dodge="0" PAtk="0" MAtk="0" Def="0" IceRes="0" FireRes="0" LightningRes="0" PoisonRes="0" MoveSpeedPercent="0" BaseExp="1250" Rage="220" MaxCarryGold="300000" />
  <Attribute Level="13" ExpNeed="45000" RemainPoint="10" Str="0" Dex="0" Sta="0" Int="0" SkillRemainPoint="1" HP="0" MP="0" Vitality="0" Luck="0" Energy="0" Potential="0" SpeedWalk="0" SpeedRun="0" PAtkSpeed="0" MAtkSpeed="0" Hit="0" Dodge="0" PAtk="0" MAtk="0" Def="0" IceRes="0" FireRes="0" LightningRes="0" PoisonRes="0" MoveSpeedPercent="0" BaseExp="1250" Rage="260" MaxCarryGold="300000" />
  <Attribute Level="14" ExpNeed="58000" RemainPoint="10" Str="0" Dex="0" Sta="0" Int="0" SkillRemainPoint="1" HP="0" MP="0" Vitality="0" Luck="0" Energy="0" Potential="0" SpeedWalk="0" SpeedRun="0" PAtkSpeed="0" MAtkSpeed="0" Hit="0" Dodge="0" PAtk="0" MAtk="0" Def="0" IceRes="0" FireRes="0" LightningRes="0" PoisonRes="0" MoveSpeedPercent="0" BaseExp="1250" Rage="300" MaxCarryGold="300000" />
  <Attribute Level="15" ExpNeed="75000" RemainPoint="10" Str="0" Dex="0" Sta="0" Int="0" SkillRemainPoint="1" HP="0" MP="0" Vitality="0" Luck="0" Energy="0" Potential="0" SpeedWalk="0" SpeedRun="0" PAtkSpeed="0" MAtkSpeed="0" Hit="0" Dodge="0" PAtk="0" MAtk="0" Def="0" IceRes="0" FireRes="0" LightningRes="0" PoisonRes="0" MoveSpeedPercent="0" BaseExp="1250" Rage="350" MaxCarryGold="300000" />
  <Attribute Level="16" ExpNeed="95000" RemainPoint="10" Str="0" Dex="0" Sta="0" Int="0" SkillRemainPoint="1" HP="0" MP="0" Vitality="0" Luck="0" Energy="0" Potential="0" SpeedWalk="0" SpeedRun="0" PAtkSpeed="0" MAtkSpeed="0" Hit="0" Dodge="0" PAtk="0" MAtk="0" Def="0" IceRes="0" FireRes="0" LightningRes="0" PoisonRes="0" MoveSpeedPercent="0" BaseExp="1250" Rage="390" MaxCarryGold="300000" />
  <Attribute Level="17" ExpNeed="120000" RemainPoint="10" Str="0" Dex="0" Sta="0" Int="0" SkillRemainPoint="1" HP="0" MP="0" Vitality="0" Luck="0" Energy="0" Potential="0" SpeedWalk="0" SpeedRun="0" PAtkSpeed="0" MAtkSpeed="0" Hit="0" Dodge="0" PAtk="0" MAtk="0" Def="0" IceRes="0" FireRes="0" LightningRes="0" PoisonRes="0" MoveSpeedPercent="0" BaseExp="1250" Rage="430" MaxCarryGold="300000" />
  <Attribute Level="18" ExpNeed="175000" RemainPoint="10" Str="0" Dex="0" Sta="0" Int="0" SkillRemainPoint="1" HP="0" MP="0" Vitality="0" Luck="0" Energy="0" Potential="0" SpeedWalk="0" SpeedRun="0" PAtkSpeed="0" MAtkSpeed="0" Hit="0" Dodge="0" PAtk="0" MAtk="0" Def="0" IceRes="0" FireRes="0" LightningRes="0" PoisonRes="0" MoveSpeedPercent="0" BaseExp="1250" Rage="480" MaxCarryGold="300000" />
  <Attribute Level="19" ExpNeed="244600" RemainPoint="10" Str="0" Dex="0" Sta="0" Int="0" SkillRemainPoint="1" HP="0" MP="0" Vitality="0" Luck="0" Energy="0" Potential="0" SpeedWalk="0" SpeedRun="0" PAtkSpeed="0" MAtkSpeed="0" Hit="0" Dodge="0" PAtk="0" MAtk="0" Def="0" IceRes="0" FireRes="0" LightningRes="0" PoisonRes="0" MoveSpeedPercent="0" BaseExp="1250" Rage="530" MaxCarryGold="300000" />
  <Attribute Level="20" ExpNeed="250000" RemainPoint="10" Str="0" Dex="0" Sta="0" Int="0" SkillRemainPoint="1" HP="0" MP="0" Vitality="0" Luck="0" Energy="0" Potential="0" SpeedWalk="0" SpeedRun="0" PAtkSpeed="0" MAtkSpeed="0" Hit="0" Dodge="0" PAtk="0" MAtk="0" Def="0" IceRes="0" FireRes="0" LightningRes="0" PoisonRes="0" MoveSpeedPercent="0" BaseExp="2000" Rage="620" MaxCarryGold="1000000" />
  <Attribute Level="21" ExpNeed="256000" RemainPoint="10" Str="0" Dex="0" Sta="0" Int="0" SkillRemainPoint="1" HP="0" MP="0" Vitality="0" Luck="0" Energy="0" Potential="0" SpeedWalk="0" SpeedRun="0" PAtkSpeed="0" MAtkSpeed="0" Hit="0" Dodge="0" PAtk="0" MAtk="0" Def="0" IceRes="0" FireRes="0" LightningRes="0" PoisonRes="0" MoveSpeedPercent="0" BaseExp="2000" Rage="690" MaxCarryGold="1000000" />
  <Attribute Level="22" ExpNeed="264000" RemainPoint="10" Str="0" Dex="0" Sta="0" Int="0" SkillRemainPoint="1" HP="0" MP="0" Vitality="0" Luck="0" Energy="0" Potential="0" SpeedWalk="0" SpeedRun="0" PAtkSpeed="0" MAtkSpeed="0" Hit="0" Dodge="0" PAtk="0" MAtk="0" Def="0" IceRes="0" FireRes="0" LightningRes="0" PoisonRes="0" MoveSpeedPercent="0" BaseExp="2000" Rage="760" MaxCarryGold="1000000" />
  <Attribute Level="23" ExpNeed="273000" RemainPoint="10" Str="0" Dex="0" Sta="0" Int="0" SkillRemainPoint="1" HP="0" MP="0" Vitality="0" Luck="0" Energy="0" Potential="0" SpeedWalk="0" SpeedRun="0" PAtkSpeed="0" MAtkSpeed="0" Hit="0" Dodge="0" PAtk="0" MAtk="0" Def="0" IceRes="0" FireRes="0" LightningRes="0" PoisonRes="0" MoveSpeedPercent="0" BaseExp="2000" Rage="830" MaxCarryGold="1000000" />
  <Attribute Level="24" ExpNeed="283000" RemainPoint="10" Str="0" Dex="0" Sta="0" Int="0" SkillRemainPoint="1" HP="0" MP="0" Vitality="0" Luck="0" Energy="0" Potential="0" SpeedWalk="0" SpeedRun="0" PAtkSpeed="0" MAtkSpeed="0" Hit="0" Dodge="0" PAtk="0" MAtk="0" Def="0" IceRes="0" FireRes="0" LightningRes="0" PoisonRes="0" MoveSpeedPercent="0" BaseExp="2000" Rage="900" MaxCarryGold="1000000" />
  <Attribute Level="25" ExpNeed="303000" RemainPoint="10" Str="0" Dex="0" Sta="0" Int="0" SkillRemainPoint="1" HP="0" MP="0" Vitality="0" Luck="0" Energy="0" Potential="0" SpeedWalk="0" SpeedRun="0" PAtkSpeed="0" MAtkSpeed="0" Hit="0" Dodge="0" PAtk="0" MAtk="0" Def="0" IceRes="0" FireRes="0" LightningRes="0" PoisonRes="0" MoveSpeedPercent="0" BaseExp="2000" Rage="970" MaxCarryGold="1000000" />
  <Attribute Level="26" ExpNeed="343000" RemainPoint="10" Str="0" Dex="0" Sta="0" Int="0" SkillRemainPoint="1" HP="0" MP="0" Vitality="0" Luck="0" Energy="0" Potential="0" SpeedWalk="0" SpeedRun="0" PAtkSpeed="0" MAtkSpeed="0" Hit="0" Dodge="0" PAtk="0" MAtk="0" Def="0" IceRes="0" FireRes="0" LightningRes="0" PoisonRes="0" MoveSpeedPercent="0" BaseExp="2000" Rage="1000" MaxCarryGold="1000000" />
  <Attribute Level="27" ExpNeed="423000" RemainPoint="10" Str="0" Dex="0" Sta="0" Int="0" SkillRemainPoint="1" HP="0" MP="0" Vitality="0" Luck="0" Energy="0" Potential="0" SpeedWalk="0" SpeedRun="0" PAtkSpeed="0" MAtkSpeed="0" Hit="0" Dodge="0" PAtk="0" MAtk="0" Def="0" IceRes="0" FireRes="0" LightningRes="0" PoisonRes="0" MoveSpeedPercent="0" BaseExp="2000" Rage="1100" MaxCarryGold="1000000" />
  <Attribute Level="28" ExpNeed="572000" RemainPoint="10" Str="0" Dex="0" Sta="0" Int="0" SkillRemainPoint="1" HP="0" MP="0" Vitality="0" Luck="0" Energy="0" Potential="0" SpeedWalk="0" SpeedRun="0" PAtkSpeed="0" MAtkSpeed="0" Hit="0" Dodge="0" PAtk="0" MAtk="0" Def="0" IceRes="0" FireRes="0" LightningRes="0" PoisonRes="0" MoveSpeedPercent="0" BaseExp="2000" Rage="1200" MaxCarryGold="1000000" />
  <Attribute Level="29" ExpNeed="993000" RemainPoint="10" Str="0" Dex="0" Sta="0" Int="0" SkillRemainPoint="1" HP="0" MP="0" Vitality="0" Luck="0" Energy="0" Potential="0" SpeedWalk="0" SpeedRun="0" PAtkSpeed="0" MAtkSpeed="0" Hit="0" Dodge="0" PAtk="0" MAtk="0" Def="0" IceRes="0" FireRes="0" LightningRes="0" PoisonRes="0" MoveSpeedPercent="0" BaseExp="2000" Rage="1200" MaxCarryGold="1000000" />
  <Attribute Level="30" ExpNeed="1030000" RemainPoint="10" Str="0" Dex="0" Sta="0" Int="0" SkillRemainPoint="1" HP="0" MP="0" Vitality="0" Luck="0" Energy="0" Potential="0" SpeedWalk="0" SpeedRun="0" PAtkSpeed="0" MAtkSpeed="0" Hit="0" Dodge="0" PAtk="0" MAtk="0" Def="0" IceRes="0" FireRes="0" LightningRes="0" PoisonRes="0" MoveSpeedPercent="0" BaseExp="3334" Rage="1300" MaxCarryGold="3000000" />
  <Attribute Level="31" ExpNeed="1069000" RemainPoint="10" Str="0" Dex="0" Sta="0" Int="0" SkillRemainPoint="1" HP="0" MP="0" Vitality="0" Luck="0" Energy="0" Potential="0" SpeedWalk="0" SpeedRun="0" PAtkSpeed="0" MAtkSpeed="0" Hit="0" Dodge="0" PAtk="0" MAtk="0" Def="0" IceRes="0" FireRes="0" LightningRes="0" PoisonRes="0" MoveSpeedPercent="0" BaseExp="3334" Rage="1300" MaxCarryGold="3000000" />
  <Attribute Level="32" ExpNeed="1111000" RemainPoint="10" Str="0" Dex="0" Sta="0" Int="0" SkillRemainPoint="1" HP="0" MP="0" Vitality="0" Luck="0" Energy="0" Potential="0" SpeedWalk="0" SpeedRun="0" PAtkSpeed="0" MAtkSpeed="0" Hit="0" Dodge="0" PAtk="0" MAtk="0" Def="0" IceRes="0" FireRes="0" LightningRes="0" PoisonRes="0" MoveSpeedPercent="0" BaseExp="3334" Rage="1400" MaxCarryGold="3000000" />
  <Attribute Level="33" ExpNeed="1158000" RemainPoint="10" Str="0" Dex="0" Sta="0" Int="0" SkillRemainPoint="1" HP="0" MP="0" Vitality="0" Luck="0" Energy="0" Potential="0" SpeedWalk="0" SpeedRun="0" PAtkSpeed="0" MAtkSpeed="0" Hit="0" Dodge="0" PAtk="0" MAtk="0" Def="0" IceRes="0" FireRes="0" LightningRes="0" PoisonRes="0" MoveSpeedPercent="0" BaseExp="3334" Rage="1400" MaxCarryGold="3000000" />
  <Attribute Level="34" ExpNeed="1213000" RemainPoint="10" Str="0" Dex="0" Sta="0" Int="0" SkillRemainPoint="1" HP="0" MP="0" Vitality="0" Luck="0" Energy="0" Potential="0" SpeedWalk="0" SpeedRun="0" PAtkSpeed="0" MAtkSpeed="0" Hit="0" Dodge="0" PAtk="0" MAtk="0" Def="0" IceRes="0" FireRes="0" LightningRes="0" PoisonRes="0" MoveSpeedPercent="0" BaseExp="3334" Rage="1400" MaxCarryGold="3000000" />
  <Attribute Level="35" ExpNeed="1282000" RemainPoint="10" Str="0" Dex="0" Sta="0" Int="0" SkillRemainPoint="1" HP="0" MP="0" Vitality="0" Luck="0" Energy="0" Potential="0" SpeedWalk="0" SpeedRun="0" PAtkSpeed="0" MAtkSpeed="0" Hit="0" Dodge="0" PAtk="0" MAtk="0" Def="0" IceRes="0" FireRes="0" LightningRes="0" PoisonRes="0" MoveSpeedPercent="0" BaseExp="3334" Rage="1500" MaxCarryGold="3000000" />
  <Attribute Level="36" ExpNeed="1373000" RemainPoint="10" Str="0" Dex="0" Sta="0" Int="0" SkillRemainPoint="1" HP="0" MP="0" Vitality="0" Luck="0" Energy="0" Potential="0" SpeedWalk="0" SpeedRun="0" PAtkSpeed="0" MAtkSpeed="0" Hit="0" Dodge="0" PAtk="0" MAtk="0" Def="0" IceRes="0" FireRes="0" LightningRes="0" PoisonRes="0" MoveSpeedPercent="0" BaseExp="3334" Rage="1500" MaxCarryGold="3000000" />
  <Attribute Level="37" ExpNeed="1494000" RemainPoint="10" Str="0" Dex="0" Sta="0" Int="0" SkillRemainPoint="1" HP="0" MP="0" Vitality="0" Luck="0" Energy="0" Potential="0" SpeedWalk="0" SpeedRun="0" PAtkSpeed="0" MAtkSpeed="0" Hit="0" Dodge="0" PAtk="0" MAtk="0" Def="0" IceRes="0" FireRes="0" LightningRes="0" PoisonRes="0" MoveSpeedPercent="0" BaseExp="3334" Rage="1500" MaxCarryGold="3000000" />
  <Attribute Level="38" ExpNeed="1650000" RemainPoint="10" Str="0" Dex="0" Sta="0" Int="0" SkillRemainPoint="1" HP="0" MP="0" Vitality="0" Luck="0" Energy="0" Potential="0" SpeedWalk="0" SpeedRun="0" PAtkSpeed="0" MAtkSpeed="0" Hit="0" Dodge="0" PAtk="0" MAtk="0" Def="0" IceRes="0" FireRes="0" LightningRes="0" PoisonRes="0" MoveSpeedPercent="0" BaseExp="3334" Rage="1600" MaxCarryGold="3000000" />
  <Attribute Level="39" ExpNeed="1820000" RemainPoint="10" Str="0" Dex="0" Sta="0" Int="0" SkillRemainPoint="1" HP="0" MP="0" Vitality="0" Luck="0" Energy="0" Potential="0" SpeedWalk="0" SpeedRun="0" PAtkSpeed="0" MAtkSpeed="0" Hit="0" Dodge="0" PAtk="0" MAtk="0" Def="0" IceRes="0" FireRes="0" LightningRes="0" PoisonRes="0" MoveSpeedPercent="0" BaseExp="3334" Rage="1600" MaxCarryGold="3000000" />
  <Attribute Level="40" ExpNeed="1830000" RemainPoint="10" Str="0" Dex="0" Sta="0" Int="0" SkillRemainPoint="1" HP="0" MP="0" Vitality="0" Luck="0" Energy="0" Potential="0" SpeedWalk="0" SpeedRun="0" PAtkSpeed="0" MAtkSpeed="0" Hit="0" Dodge="0" PAtk="0" MAtk="0" Def="0" IceRes="0" FireRes="0" LightningRes="0" PoisonRes="0" MoveSpeedPercent="0" BaseExp="5000" Rage="1700" MaxCarryGold="10000000" />
  <Attribute Level="41" ExpNeed="1905200" RemainPoint="10" Str="0" Dex="0" Sta="0" Int="0" SkillRemainPoint="1" HP="0" MP="0" Vitality="0" Luck="0" Energy="0" Potential="0" SpeedWalk="0" SpeedRun="0" PAtkSpeed="0" MAtkSpeed="0" Hit="0" Dodge="0" PAtk="0" MAtk="0" Def="0" IceRes="0" FireRes="0" LightningRes="0" PoisonRes="0" MoveSpeedPercent="0" BaseExp="5000" Rage="1700" MaxCarryGold="10000000" />
  <Attribute Level="42" ExpNeed="2000400" RemainPoint="10" Str="0" Dex="0" Sta="0" Int="0" SkillRemainPoint="1" HP="0" MP="0" Vitality="0" Luck="0" Energy="0" Potential="0" SpeedWalk="0" SpeedRun="0" PAtkSpeed="0" MAtkSpeed="0" Hit="0" Dodge="0" PAtk="0" MAtk="0" Def="0" IceRes="0" FireRes="0" LightningRes="0" PoisonRes="0" MoveSpeedPercent="0" BaseExp="5000" Rage="1700" MaxCarryGold="10000000" />
  <Attribute Level="43" ExpNeed="2200000" RemainPoint="10" Str="0" Dex="0" Sta="0" Int="0" SkillRemainPoint="1" HP="0" MP="0" Vitality="0" Luck="0" Energy="0" Potential="0" SpeedWalk="0" SpeedRun="0" PAtkSpeed="0" MAtkSpeed="0" Hit="0" Dodge="0" PAtk="0" MAtk="0" Def="0" IceRes="0" FireRes="0" LightningRes="0" PoisonRes="0" MoveSpeedPercent="0" BaseExp="5000" Rage="1800" MaxCarryGold="10000000" />
  <Attribute Level="44" ExpNeed="2420000" RemainPoint="10" Str="0" Dex="0" Sta="0" Int="0" SkillRemainPoint="1" HP="0" MP="0" Vitality="0" Luck="0" Energy="0" Potential="0" SpeedWalk="0" SpeedRun="0" PAtkSpeed="0" MAtkSpeed="0" Hit="0" Dodge="0" PAtk="0" MAtk="0" Def="0" IceRes="0" FireRes="0" LightningRes="0" PoisonRes="0" MoveSpeedPercent="0" BaseExp="5000" Rage="1800" MaxCarryGold="10000000" />
  <Attribute Level="45" ExpNeed="2662000" RemainPoint="10" Str="0" Dex="0" Sta="0" Int="0" SkillRemainPoint="1" HP="0" MP="0" Vitality="0" Luck="0" Energy="0" Potential="0" SpeedWalk="0" SpeedRun="0" PAtkSpeed="0" MAtkSpeed="0" Hit="0" Dodge="0" PAtk="0" MAtk="0" Def="0" IceRes="0" FireRes="0" LightningRes="0" PoisonRes="0" MoveSpeedPercent="0" BaseExp="5000" Rage="1800" MaxCarryGold="10000000" />
  <Attribute Level="46" ExpNeed="3058000" RemainPoint="10" Str="0" Dex="0" Sta="0" Int="0" SkillRemainPoint="1" HP="0" MP="0" Vitality="0" Luck="0" Energy="0" Potential="0" SpeedWalk="0" SpeedRun="0" PAtkSpeed="0" MAtkSpeed="0" Hit="0" Dodge="0" PAtk="0" MAtk="0" Def="0" IceRes="0" FireRes="0" LightningRes="0" PoisonRes="0" MoveSpeedPercent="0" BaseExp="5000" Rage="1900" MaxCarryGold="10000000" />
  <Attribute Level="47" ExpNeed="3520000" RemainPoint="10" Str="0" Dex="0" Sta="0" Int="0" SkillRemainPoint="1" HP="0" MP="0" Vitality="0" Luck="0" Energy="0" Potential="0" SpeedWalk="0" SpeedRun="0" PAtkSpeed="0" MAtkSpeed="0" Hit="0" Dodge="0" PAtk="0" MAtk="0" Def="0" IceRes="0" FireRes="0" LightningRes="0" PoisonRes="0" MoveSpeedPercent="0" BaseExp="5000" Rage="1900" MaxCarryGold="10000000" />
  <Attribute Level="48" ExpNeed="4219600" RemainPoint="10" Str="0" Dex="0" Sta="0" Int="0" SkillRemainPoint="1" HP="0" MP="0" Vitality="0" Luck="0" Energy="0" Potential="0" SpeedWalk="0" SpeedRun="0" PAtkSpeed="0" MAtkSpeed="0" Hit="0" Dodge="0" PAtk="0" MAtk="0" Def="0" IceRes="0" FireRes="0" LightningRes="0" PoisonRes="0" MoveSpeedPercent="0" BaseExp="5000" Rage="1900" MaxCarryGold="10000000" />
  <Attribute Level="49" ExpNeed="5884800" RemainPoint="10" Str="0" Dex="0" Sta="0" Int="0" SkillRemainPoint="1" HP="0" MP="0" Vitality="0" Luck="0" Energy="0" Potential="0" SpeedWalk="0" SpeedRun="0" PAtkSpeed="0" MAtkSpeed="0" Hit="0" Dodge="0" PAtk="0" MAtk="0" Def="0" IceRes="0" FireRes="0" LightningRes="0" PoisonRes="0" MoveSpeedPercent="0" BaseExp="5000" Rage="2000" MaxCarryGold="10000000" />
  <Attribute Level="50" ExpNeed="5900000" RemainPoint="10" Str="0" Dex="0" Sta="0" Int="0" SkillRemainPoint="1" HP="0" MP="0" Vitality="0" Luck="0" Energy="0" Potential="0" SpeedWalk="0" SpeedRun="0" PAtkSpeed="0" MAtkSpeed="0" Hit="0" Dodge="0" PAtk="0" MAtk="0" Def="0" IceRes="0" FireRes="0" LightningRes="0" PoisonRes="0" MoveSpeedPercent="0" BaseExp="7000" Rage="2000" MaxCarryGold="30000000" />
  <Attribute Level="51" ExpNeed="5990000" RemainPoint="10" Str="0" Dex="0" Sta="0" Int="0" SkillRemainPoint="1" HP="0" MP="0" Vitality="0" Luck="0" Energy="0" Potential="0" SpeedWalk="0" SpeedRun="0" PAtkSpeed="0" MAtkSpeed="0" Hit="0" Dodge="0" PAtk="0" MAtk="0" Def="0" IceRes="0" FireRes="0" LightningRes="0" PoisonRes="0" MoveSpeedPercent="0" BaseExp="7000" Rage="2100" MaxCarryGold="30000000" />
  <Attribute Level="52" ExpNeed="6240000" RemainPoint="10" Str="0" Dex="0" Sta="0" Int="0" SkillRemainPoint="1" HP="0" MP="0" Vitality="0" Luck="0" Energy="0" Potential="0" SpeedWalk="0" SpeedRun="0" PAtkSpeed="0" MAtkSpeed="0" Hit="0" Dodge="0" PAtk="0" MAtk="0" Def="0" IceRes="0" FireRes="0" LightningRes="0" PoisonRes="0" MoveSpeedPercent="0" BaseExp="7000" Rage="2100" MaxCarryGold="30000000" />
  <Attribute Level="53" ExpNeed="6540000" RemainPoint="10" Str="0" Dex="0" Sta="0" Int="0" SkillRemainPoint="1" HP="0" MP="0" Vitality="0" Luck="0" Energy="0" Potential="0" SpeedWalk="0" SpeedRun="0" PAtkSpeed="0" MAtkSpeed="0" Hit="0" Dodge="0" PAtk="0" MAtk="0" Def="0" IceRes="0" FireRes="0" LightningRes="0" PoisonRes="0" MoveSpeedPercent="0" BaseExp="7000" Rage="2100" MaxCarryGold="30000000" />
  <Attribute Level="54" ExpNeed="6940000" RemainPoint="10" Str="0" Dex="0" Sta="0" Int="0" SkillRemainPoint="1" HP="0" MP="0" Vitality="0" Luck="0" Energy="0" Potential="0" SpeedWalk="0" SpeedRun="0" PAtkSpeed="0" MAtkSpeed="0" Hit="0" Dodge="0" PAtk="0" MAtk="0" Def="0" IceRes="0" FireRes="0" LightningRes="0" PoisonRes="0" MoveSpeedPercent="0" BaseExp="7000" Rage="2200" MaxCarryGold="30000000" />
  <Attribute Level="55" ExpNeed="7440000" RemainPoint="10" Str="0" Dex="0" Sta="0" Int="0" SkillRemainPoint="1" HP="0" MP="0" Vitality="0" Luck="0" Energy="0" Potential="0" SpeedWalk="0" SpeedRun="0" PAtkSpeed="0" MAtkSpeed="0" Hit="0" Dodge="0" PAtk="0" MAtk="0" Def="0" IceRes="0" FireRes="0" LightningRes="0" PoisonRes="0" MoveSpeedPercent="0" BaseExp="7000" Rage="2300" MaxCarryGold="30000000" />
  <Attribute Level="56" ExpNeed="8040000" RemainPoint="10" Str="0" Dex="0" Sta="0" Int="0" SkillRemainPoint="1" HP="0" MP="0" Vitality="0" Luck="0" Energy="0" Potential="0" SpeedWalk="0" SpeedRun="0" PAtkSpeed="0" MAtkSpeed="0" Hit="0" Dodge="0" PAtk="0" MAtk="0" Def="0" IceRes="0" FireRes="0" LightningRes="0" PoisonRes="0" MoveSpeedPercent="0" BaseExp="7000" Rage="2400" MaxCarryGold="30000000" />
  <Attribute Level="57" ExpNeed="8740000" RemainPoint="10" Str="0" Dex="0" Sta="0" Int="0" SkillRemainPoint="1" HP="0" MP="0" Vitality="0" Luck="0" Energy="0" Potential="0" SpeedWalk="0" SpeedRun="0" PAtkSpeed="0" MAtkSpeed="0" Hit="0" Dodge="0" PAtk="0" MAtk="0" Def="0" IceRes="0" FireRes="0" LightningRes="0" PoisonRes="0" MoveSpeedPercent="0" BaseExp="7000" Rage="2500" MaxCarryGold="30000000" />
  <Attribute Level="58" ExpNeed="9740000" RemainPoint="10" Str="0" Dex="0" Sta="0" Int="0" SkillRemainPoint="1" HP="0" MP="0" Vitality="0" Luck="0" Energy="0" Potential="0" SpeedWalk="0" SpeedRun="0" PAtkSpeed="0" MAtkSpeed="0" Hit="0" Dodge="0" PAtk="0" MAtk="0" Def="0" IceRes="0" FireRes="0" LightningRes="0" PoisonRes="0" MoveSpeedPercent="0" BaseExp="7000" Rage="2600" MaxCarryGold="30000000" />
  <Attribute Level="59" ExpNeed="12550000" RemainPoint="10" Str="0" Dex="0" Sta="0" Int="0" SkillRemainPoint="1" HP="0" MP="0" Vitality="0" Luck="0" Energy="0" Potential="0" SpeedWalk="0" SpeedRun="0" PAtkSpeed="0" MAtkSpeed="0" Hit="0" Dodge="0" PAtk="0" MAtk="0" Def="0" IceRes="0" FireRes="0" LightningRes="0" PoisonRes="0" MoveSpeedPercent="0" BaseExp="7000" Rage="2700" MaxCarryGold="30000000" />
  <Attribute Level="60" ExpNeed="12600000" RemainPoint="10" Str="0" Dex="0" Sta="0" Int="0" SkillRemainPoint="1" HP="0" MP="0" Vitality="0" Luck="0" Energy="0" Potential="0" SpeedWalk="0" SpeedRun="0" PAtkSpeed="0" MAtkSpeed="0" Hit="0" Dodge="0" PAtk="0" MAtk="0" Def="0" IceRes="0" FireRes="0" LightningRes="0" PoisonRes="0" MoveSpeedPercent="0" BaseExp="9334" Rage="2800" MaxCarryGold="50000000" />
  <Attribute Level="61" ExpNeed="12800000" RemainPoint="10" Str="0" Dex="0" Sta="0" Int="0" SkillRemainPoint="1" HP="0" MP="0" Vitality="0" Luck="0" Energy="0" Potential="0" SpeedWalk="0" SpeedRun="0" PAtkSpeed="0" MAtkSpeed="0" Hit="0" Dodge="0" PAtk="0" MAtk="0" Def="0" IceRes="0" FireRes="0" LightningRes="0" PoisonRes="0" MoveSpeedPercent="0" BaseExp="9334" Rage="2900" MaxCarryGold="50000000" />
  <Attribute Level="62" ExpNeed="13100000" RemainPoint="10" Str="0" Dex="0" Sta="0" Int="0" SkillRemainPoint="1" HP="0" MP="0" Vitality="0" Luck="0" Energy="0" Potential="0" SpeedWalk="0" SpeedRun="0" PAtkSpeed="0" MAtkSpeed="0" Hit="0" Dodge="0" PAtk="0" MAtk="0" Def="0" IceRes="0" FireRes="0" LightningRes="0" PoisonRes="0" MoveSpeedPercent="0" BaseExp="9334" Rage="3000" MaxCarryGold="50000000" />
  <Attribute Level="63" ExpNeed="13500000" RemainPoint="10" Str="0" Dex="0" Sta="0" Int="0" SkillRemainPoint="1" HP="0" MP="0" Vitality="0" Luck="0" Energy="0" Potential="0" SpeedWalk="0" SpeedRun="0" PAtkSpeed="0" MAtkSpeed="0" Hit="0" Dodge="0" PAtk="0" MAtk="0" Def="0" IceRes="0" FireRes="0" LightningRes="0" PoisonRes="0" MoveSpeedPercent="0" BaseExp="9334" Rage="3100" MaxCarryGold="50000000" />
  <Attribute Level="64" ExpNeed="14000000" RemainPoint="10" Str="0" Dex="0" Sta="0" Int="0" SkillRemainPoint="1" HP="0" MP="0" Vitality="0" Luck="0" Energy="0" Potential="0" SpeedWalk="0" SpeedRun="0" PAtkSpeed="0" MAtkSpeed="0" Hit="0" Dodge="0" PAtk="0" MAtk="0" Def="0" IceRes="0" FireRes="0" LightningRes="0" PoisonRes="0" MoveSpeedPercent="0" BaseExp="9334" Rage="3200" MaxCarryGold="50000000" />
  <Attribute Level="65" ExpNeed="14700000" RemainPoint="10" Str="0" Dex="0" Sta="0" Int="0" SkillRemainPoint="1" HP="0" MP="0" Vitality="0" Luck="0" Energy="0" Potential="0" SpeedWalk="0" SpeedRun="0" PAtkSpeed="0" MAtkSpeed="0" Hit="0" Dodge="0" PAtk="0" MAtk="0" Def="0" IceRes="0" FireRes="0" LightningRes="0" PoisonRes="0" MoveSpeedPercent="0" BaseExp="9334" Rage="3300" MaxCarryGold="50000000" />
  <Attribute Level="66" ExpNeed="15700000" RemainPoint="10" Str="0" Dex="0" Sta="0" Int="0" SkillRemainPoint="1" HP="0" MP="0" Vitality="0" Luck="0" Energy="0" Potential="0" SpeedWalk="0" SpeedRun="0" PAtkSpeed="0" MAtkSpeed="0" Hit="0" Dodge="0" PAtk="0" MAtk="0" Def="0" IceRes="0" FireRes="0" LightningRes="0" PoisonRes="0" MoveSpeedPercent="0" BaseExp="9334" Rage="3300" MaxCarryGold="50000000" />
  <Attribute Level="67" ExpNeed="17250000" RemainPoint="10" Str="0" Dex="0" Sta="0" Int="0" SkillRemainPoint="1" HP="0" MP="0" Vitality="0" Luck="0" Energy="0" Potential="0" SpeedWalk="0" SpeedRun="0" PAtkSpeed="0" MAtkSpeed="0" Hit="0" Dodge="0" PAtk="0" MAtk="0" Def="0" IceRes="0" FireRes="0" LightningRes="0" PoisonRes="0" MoveSpeedPercent="0" BaseExp="9334" Rage="3400" MaxCarryGold="50000000" />
  <Attribute Level="68" ExpNeed="19250000" RemainPoint="10" Str="0" Dex="0" Sta="0" Int="0" SkillRemainPoint="1" HP="0" MP="0" Vitality="0" Luck="0" Energy="0" Potential="0" SpeedWalk="0" SpeedRun="0" PAtkSpeed="0" MAtkSpeed="0" Hit="0" Dodge="0" PAtk="0" MAtk="0" Def="0" IceRes="0" FireRes="0" LightningRes="0" PoisonRes="0" MoveSpeedPercent="0" BaseExp="9334" Rage="3500" MaxCarryGold="50000000" />
  <Attribute Level="69" ExpNeed="23340000" RemainPoint="10" Str="0" Dex="0" Sta="0" Int="0" SkillRemainPoint="1" HP="0" MP="0" Vitality="0" Luck="0" Energy="0" Potential="0" SpeedWalk="0" SpeedRun="0" PAtkSpeed="0" MAtkSpeed="0" Hit="0" Dodge="0" PAtk="0" MAtk="0" Def="0" IceRes="0" FireRes="0" LightningRes="0" PoisonRes="0" MoveSpeedPercent="0" BaseExp="9334" Rage="3600" MaxCarryGold="50000000" />
  <Attribute Level="70" ExpNeed="23600000" RemainPoint="10" Str="0" Dex="0" Sta="0" Int="0" SkillRemainPoint="1" HP="0" MP="0" Vitality="0" Luck="0" Energy="0" Potential="0" SpeedWalk="0" SpeedRun="0" PAtkSpeed="0" MAtkSpeed="0" Hit="0" Dodge="0" PAtk="0" MAtk="0" Def="0" IceRes="0" FireRes="0" LightningRes="0" PoisonRes="0" MoveSpeedPercent="0" BaseExp="12000" Rage="3700" MaxCarryGold="100000000" />
  <Attribute Level="71" ExpNeed="25100000" RemainPoint="10" Str="0" Dex="0" Sta="0" Int="0" SkillRemainPoint="1" HP="0" MP="0" Vitality="0" Luck="0" Energy="0" Potential="0" SpeedWalk="0" SpeedRun="0" PAtkSpeed="0" MAtkSpeed="0" Hit="0" Dodge="0" PAtk="0" MAtk="0" Def="0" IceRes="0" FireRes="0" LightningRes="0" PoisonRes="0" MoveSpeedPercent="0" BaseExp="12000" Rage="3800" MaxCarryGold="100000000" />
  <Attribute Level="72" ExpNeed="26700000" RemainPoint="10" Str="0" Dex="0" Sta="0" Int="0" SkillRemainPoint="1" HP="0" MP="0" Vitality="0" Luck="0" Energy="0" Potential="0" SpeedWalk="0" SpeedRun="0" PAtkSpeed="0" MAtkSpeed="0" Hit="0" Dodge="0" PAtk="0" MAtk="0" Def="0" IceRes="0" FireRes="0" LightningRes="0" PoisonRes="0" MoveSpeedPercent="0" BaseExp="12000" Rage="3800" MaxCarryGold="100000000" />
  <Attribute Level="73" ExpNeed="28400000" RemainPoint="10" Str="0" Dex="0" Sta="0" Int="0" SkillRemainPoint="1" HP="0" MP="0" Vitality="0" Luck="0" Energy="0" Potential="0" SpeedWalk="0" SpeedRun="0" PAtkSpeed="0" MAtkSpeed="0" Hit="0" Dodge="0" PAtk="0" MAtk="0" Def="0" IceRes="0" FireRes="0" LightningRes="0" PoisonRes="0" MoveSpeedPercent="0" BaseExp="12000" Rage="3900" MaxCarryGold="100000000" />
  <Attribute Level="74" ExpNeed="30200000" RemainPoint="10" Str="0" Dex="0" Sta="0" Int="0" SkillRemainPoint="1" HP="0" MP="0" Vitality="0" Luck="0" Energy="0" Potential="0" SpeedWalk="0" SpeedRun="0" PAtkSpeed="0" MAtkSpeed="0" Hit="0" Dodge="0" PAtk="0" MAtk="0" Def="0" IceRes="0" FireRes="0" LightningRes="0" PoisonRes="0" MoveSpeedPercent="0" BaseExp="12000" Rage="3900" MaxCarryGold="100000000" />
  <Attribute Level="75" ExpNeed="33100000" RemainPoint="10" Str="0" Dex="0" Sta="0" Int="0" SkillRemainPoint="1" HP="0" MP="0" Vitality="0" Luck="0" Energy="0" Potential="0" SpeedWalk="0" SpeedRun="0" PAtkSpeed="0" MAtkSpeed="0" Hit="0" Dodge="0" PAtk="0" MAtk="0" Def="0" IceRes="0" FireRes="0" LightningRes="0" PoisonRes="0" MoveSpeedPercent="0" BaseExp="12000" Rage="4000" MaxCarryGold="100000000" />
  <Attribute Level="76" ExpNeed="36200000" RemainPoint="10" Str="0" Dex="0" Sta="0" Int="0" SkillRemainPoint="1" HP="0" MP="0" Vitality="0" Luck="0" Energy="0" Potential="0" SpeedWalk="0" SpeedRun="0" PAtkSpeed="0" MAtkSpeed="0" Hit="0" Dodge="0" PAtk="0" MAtk="0" Def="0" IceRes="0" FireRes="0" LightningRes="0" PoisonRes="0" MoveSpeedPercent="0" BaseExp="12000" Rage="4000" MaxCarryGold="100000000" />
  <Attribute Level="77" ExpNeed="39500000" RemainPoint="10" Str="0" Dex="0" Sta="0" Int="0" SkillRemainPoint="1" HP="0" MP="0" Vitality="0" Luck="0" Energy="0" Potential="0" SpeedWalk="0" SpeedRun="0" PAtkSpeed="0" MAtkSpeed="0" Hit="0" Dodge="0" PAtk="0" MAtk="0" Def="0" IceRes="0" FireRes="0" LightningRes="0" PoisonRes="0" MoveSpeedPercent="0" BaseExp="12000" Rage="4100" MaxCarryGold="100000000" />
  <Attribute Level="78" ExpNeed="43000000" RemainPoint="10" Str="0" Dex="0" Sta="0" Int="0" SkillRemainPoint="1" HP="0" MP="0" Vitality="0" Luck="0" Energy="0" Potential="0" SpeedWalk="0" SpeedRun="0" PAtkSpeed="0" MAtkSpeed="0" Hit="0" Dodge="0" PAtk="0" MAtk="0" Def="0" IceRes="0" FireRes="0" LightningRes="0" PoisonRes="0" MoveSpeedPercent="0" BaseExp="12000" Rage="4100" MaxCarryGold="100000000" />
  <Attribute Level="79" ExpNeed="49000000" RemainPoint="10" Str="0" Dex="0" Sta="0" Int="0" SkillRemainPoint="1" HP="0" MP="0" Vitality="0" Luck="0" Energy="0" Potential="0" SpeedWalk="0" SpeedRun="0" PAtkSpeed="0" MAtkSpeed="0" Hit="0" Dodge="0" PAtk="0" MAtk="0" Def="0" IceRes="0" FireRes="0" LightningRes="0" PoisonRes="0" MoveSpeedPercent="0" BaseExp="12000" Rage="4200" MaxCarryGold="100000000" />
  <Attribute Level="80" ExpNeed="50490000" RemainPoint="10" Str="0" Dex="0" Sta="0" Int="0" SkillRemainPoint="1" HP="0" MP="0" Vitality="0" Luck="0" Energy="0" Potential="0" SpeedWalk="0" SpeedRun="0" PAtkSpeed="0" MAtkSpeed="0" Hit="0" Dodge="0" PAtk="0" MAtk="0" Def="0" IceRes="0" FireRes="0" LightningRes="0" PoisonRes="0" MoveSpeedPercent="0" BaseExp="15000" Rage="4300" MaxCarryGold="200000000" />
  <Attribute Level="81" ExpNeed="52104000" RemainPoint="10" Str="0" Dex="0" Sta="0" Int="0" SkillRemainPoint="1" HP="0" MP="0" Vitality="0" Luck="0" Energy="0" Potential="0" SpeedWalk="0" SpeedRun="0" PAtkSpeed="0" MAtkSpeed="0" Hit="0" Dodge="0" PAtk="0" MAtk="0" Def="0" IceRes="0" FireRes="0" LightningRes="0" PoisonRes="0" MoveSpeedPercent="0" BaseExp="15000" Rage="4300" MaxCarryGold="200000000" />
  <Attribute Level="82" ExpNeed="54060000" RemainPoint="10" Str="0" Dex="0" Sta="0" Int="0" SkillRemainPoint="1" HP="0" MP="0" Vitality="0" Luck="0" Energy="0" Potential="0" SpeedWalk="0" SpeedRun="0" PAtkSpeed="0" MAtkSpeed="0" Hit="0" Dodge="0" PAtk="0" MAtk="0" Def="0" IceRes="0" FireRes="0" LightningRes="0" PoisonRes="0" MoveSpeedPercent="0" BaseExp="15000" Rage="4400" MaxCarryGold="200000000" />
  <Attribute Level="83" ExpNeed="57240000" RemainPoint="10" Str="0" Dex="0" Sta="0" Int="0" SkillRemainPoint="1" HP="0" MP="0" Vitality="0" Luck="0" Energy="0" Potential="0" SpeedWalk="0" SpeedRun="0" PAtkSpeed="0" MAtkSpeed="0" Hit="0" Dodge="0" PAtk="0" MAtk="0" Def="0" IceRes="0" FireRes="0" LightningRes="0" PoisonRes="0" MoveSpeedPercent="0" BaseExp="15000" Rage="4400" MaxCarryGold="200000000" />
  <Attribute Level="84" ExpNeed="62700000" RemainPoint="10" Str="0" Dex="0" Sta="0" Int="0" SkillRemainPoint="1" HP="0" MP="0" Vitality="0" Luck="0" Energy="0" Potential="0" SpeedWalk="0" SpeedRun="0" PAtkSpeed="0" MAtkSpeed="0" Hit="0" Dodge="0" PAtk="0" MAtk="0" Def="0" IceRes="0" FireRes="0" LightningRes="0" PoisonRes="0" MoveSpeedPercent="0" BaseExp="15000" Rage="4500" MaxCarryGold="200000000" />
  <Attribute Level="85" ExpNeed="70560000" RemainPoint="10" Str="0" Dex="0" Sta="0" Int="0" SkillRemainPoint="1" HP="0" MP="0" Vitality="0" Luck="0" Energy="0" Potential="0" SpeedWalk="0" SpeedRun="0" PAtkSpeed="0" MAtkSpeed="0" Hit="0" Dodge="0" PAtk="0" MAtk="0" Def="0" IceRes="0" FireRes="0" LightningRes="0" PoisonRes="0" MoveSpeedPercent="0" BaseExp="15000" Rage="4500" MaxCarryGold="200000000" />
  <Attribute Level="86" ExpNeed="79800000" RemainPoint="10" Str="0" Dex="0" Sta="0" Int="0" SkillRemainPoint="1" HP="0" MP="0" Vitality="0" Luck="0" Energy="0" Potential="0" SpeedWalk="0" SpeedRun="0" PAtkSpeed="0" MAtkSpeed="0" Hit="0" Dodge="0" PAtk="0" MAtk="0" Def="0" IceRes="0" FireRes="0" LightningRes="0" PoisonRes="0" MoveSpeedPercent="0" BaseExp="15000" Rage="4600" MaxCarryGold="200000000" />
  <Attribute Level="87" ExpNeed="91640000" RemainPoint="10" Str="0" Dex="0" Sta="0" Int="0" SkillRemainPoint="1" HP="0" MP="0" Vitality="0" Luck="0" Energy="0" Potential="0" SpeedWalk="0" SpeedRun="0" PAtkSpeed="0" MAtkSpeed="0" Hit="0" Dodge="0" PAtk="0" MAtk="0" Def="0" IceRes="0" FireRes="0" LightningRes="0" PoisonRes="0" MoveSpeedPercent="0" BaseExp="15000" Rage="4600" MaxCarryGold="200000000" />
  <Attribute Level="88" ExpNeed="105020000" RemainPoint="10" Str="0" Dex="0" Sta="0" Int="0" SkillRemainPoint="1" HP="0" MP="0" Vitality="0" Luck="0" Energy="0" Potential="0" SpeedWalk="0" SpeedRun="0" PAtkSpeed="0" MAtkSpeed="0" Hit="0" Dodge="0" PAtk="0" MAtk="0" Def="0" IceRes="0" FireRes="0" LightningRes="0" PoisonRes="0" MoveSpeedPercent="0" BaseExp="15000" Rage="4700" MaxCarryGold="200000000" />
  <Attribute Level="89" ExpNeed="129600000" RemainPoint="10" Str="0" Dex="0" Sta="0" Int="0" SkillRemainPoint="1" HP="0" MP="0" Vitality="0" Luck="0" Energy="0" Potential="0" SpeedWalk="0" SpeedRun="0" PAtkSpeed="0" MAtkSpeed="0" Hit="0" Dodge="0" PAtk="0" MAtk="0" Def="0" IceRes="0" FireRes="0" LightningRes="0" PoisonRes="0" MoveSpeedPercent="0" BaseExp="15000" Rage="4700" MaxCarryGold="200000000" />
  
  <Attribute Level="90" ExpNeed="129840000" RemainPoint="10" Str="0" Dex="0" Sta="0" Int="0" SkillRemainPoint="1" HP="0" MP="0" Vitality="0" Luck="0" Energy="0" Potential="0" SpeedWalk="0" SpeedRun="0" PAtkSpeed="0" MAtkSpeed="0" Hit="0" Dodge="0" PAtk="0" MAtk="0" Def="0" IceRes="0" FireRes="0" LightningRes="0" PoisonRes="0" MoveSpeedPercent="0" BaseExp="15667" Rage="5300" MaxCarryGold="300000000" /> 
  <Attribute Level="91" ExpNeed="132480000" RemainPoint="10" Str="0" Dex="0" Sta="0" Int="0" SkillRemainPoint="1" HP="0" MP="0" Vitality="0" Luck="0" Energy="0" Potential="0" SpeedWalk="0" SpeedRun="0" PAtkSpeed="0" MAtkSpeed="0" Hit="0" Dodge="0" PAtk="0" MAtk="0" Def="0" IceRes="0" FireRes="0" LightningRes="0" PoisonRes="0" MoveSpeedPercent="0" BaseExp="15667" Rage="5500" MaxCarryGold="300000000" /> 
  <Attribute Level="92" ExpNeed="139080000" RemainPoint="10" Str="0" Dex="0" Sta="0" Int="0" SkillRemainPoint="1" HP="0" MP="0" Vitality="0" Luck="0" Energy="0" Potential="0" SpeedWalk="0" SpeedRun="0" PAtkSpeed="0" MAtkSpeed="0" Hit="0" Dodge="0" PAtk="0" MAtk="0" Def="0" IceRes="0" FireRes="0" LightningRes="0" PoisonRes="0" MoveSpeedPercent="0" BaseExp="15667" Rage="5600" MaxCarryGold="300000000" /> 
  <Attribute Level="93" ExpNeed="150240000" RemainPoint="10" Str="0" Dex="0" Sta="0" Int="0" SkillRemainPoint="1" HP="0" MP="0" Vitality="0" Luck="0" Energy="0" Potential="0" SpeedWalk="0" SpeedRun="0" PAtkSpeed="0" MAtkSpeed="0" Hit="0" Dodge="0" PAtk="0" MAtk="0" Def="0" IceRes="0" FireRes="0" LightningRes="0" PoisonRes="0" MoveSpeedPercent="0" BaseExp="15667" Rage="5700" MaxCarryGold="300000000" /> 
  <Attribute Level="94" ExpNeed="165240000" RemainPoint="10" Str="0" Dex="0" Sta="0" Int="0" SkillRemainPoint="1" HP="0" MP="0" Vitality="0" Luck="0" Energy="0" Potential="0" SpeedWalk="0" SpeedRun="0" PAtkSpeed="0" MAtkSpeed="0" Hit="0" Dodge="0" PAtk="0" MAtk="0" Def="0" IceRes="0" FireRes="0" LightningRes="0" PoisonRes="0" MoveSpeedPercent="0" BaseExp="15667" Rage="6000" MaxCarryGold="300000000" /> 
  <Attribute Level="95" ExpNeed="181800000" RemainPoint="10" Str="0" Dex="0" Sta="0" Int="0" SkillRemainPoint="1" HP="0" MP="0" Vitality="0" Luck="0" Energy="0" Potential="0" SpeedWalk="0" SpeedRun="0" PAtkSpeed="0" MAtkSpeed="0" Hit="0" Dodge="0" PAtk="0" MAtk="0" Def="0" IceRes="0" FireRes="0" LightningRes="0" PoisonRes="0" MoveSpeedPercent="0" BaseExp="15667" Rage="6200" MaxCarryGold="300000000" /> 
  <Attribute Level="96" ExpNeed="199920000" RemainPoint="10" Str="0" Dex="0" Sta="0" Int="0" SkillRemainPoint="1" HP="0" MP="0" Vitality="0" Luck="0" Energy="0" Potential="0" SpeedWalk="0" SpeedRun="0" PAtkSpeed="0" MAtkSpeed="0" Hit="0" Dodge="0" PAtk="0" MAtk="0" Def="0" IceRes="0" FireRes="0" LightningRes="0" PoisonRes="0" MoveSpeedPercent="0" BaseExp="15667" Rage="6400" MaxCarryGold="300000000" /> 
  <Attribute Level="97" ExpNeed="216120000" RemainPoint="10" Str="0" Dex="0" Sta="0" Int="0" SkillRemainPoint="1" HP="0" MP="0" Vitality="0" Luck="0" Energy="0" Potential="0" SpeedWalk="0" SpeedRun="0" PAtkSpeed="0" MAtkSpeed="0" Hit="0" Dodge="0" PAtk="0" MAtk="0" Def="0" IceRes="0" FireRes="0" LightningRes="0" PoisonRes="0" MoveSpeedPercent="0" BaseExp="15667" Rage="6600" MaxCarryGold="300000000" /> 
  <Attribute Level="98" ExpNeed="237840000" RemainPoint="10" Str="0" Dex="0" Sta="0" Int="0" SkillRemainPoint="1" HP="0" MP="0" Vitality="0" Luck="0" Energy="0" Potential="0" SpeedWalk="0" SpeedRun="0" PAtkSpeed="0" MAtkSpeed="0" Hit="0" Dodge="0" PAtk="0" MAtk="0" Def="0" IceRes="0" FireRes="0" LightningRes="0" PoisonRes="0" MoveSpeedPercent="0" BaseExp="15667" Rage="6800" MaxCarryGold="300000000" /> 
  <Attribute Level="99" ExpNeed="284880000" RemainPoint="10" Str="0" Dex="0" Sta="0" Int="0" SkillRemainPoint="1" HP="0" MP="0" Vitality="0" Luck="0" Energy="0" Potential="0" SpeedWalk="0" SpeedRun="0" PAtkSpeed="0" MAtkSpeed="0" Hit="0" Dodge="0" PAtk="0" MAtk="0" Def="0" IceRes="0" FireRes="0" LightningRes="0" PoisonRes="0" MoveSpeedPercent="0" BaseExp="15667" Rage="7000" MaxCarryGold="300000000" /> 
  <Attribute Level="100" ExpNeed="285600000" RemainPoint="10" Str="0" Dex="0" Sta="0" Int="0" SkillRemainPoint="1" HP="0" MP="0" Vitality="0" Luck="0" Energy="0" Potential="0" SpeedWalk="0" SpeedRun="0" PAtkSpeed="0" MAtkSpeed="0" Hit="0" Dodge="0" PAtk="0" MAtk="0" Def="0" IceRes="0" FireRes="0" LightningRes="0" PoisonRes="0" MoveSpeedPercent="0" BaseExp="16500" Rage="7300" MaxCarryGold="500000000" /> 
  <Attribute Level="101" ExpNeed="286800000" RemainPoint="10" Str="0" Dex="0" Sta="0" Int="0" SkillRemainPoint="1" HP="0" MP="0" Vitality="0" Luck="0" Energy="0" Potential="0" SpeedWalk="0" SpeedRun="0" PAtkSpeed="0" MAtkSpeed="0" Hit="0" Dodge="0" PAtk="0" MAtk="0" Def="0" IceRes="0" FireRes="0" LightningRes="0" PoisonRes="0" MoveSpeedPercent="0" BaseExp="16500" Rage="7600" MaxCarryGold="500000000" /> 
  <Attribute Level="102" ExpNeed="292800000" RemainPoint="10" Str="0" Dex="0" Sta="0" Int="0" SkillRemainPoint="1" HP="0" MP="0" Vitality="0" Luck="0" Energy="0" Potential="0" SpeedWalk="0" SpeedRun="0" PAtkSpeed="0" MAtkSpeed="0" Hit="0" Dodge="0" PAtk="0" MAtk="0" Def="0" IceRes="0" FireRes="0" LightningRes="0" PoisonRes="0" MoveSpeedPercent="0" BaseExp="16500" Rage="7900" MaxCarryGold="500000000" /> 
  <Attribute Level="103" ExpNeed="300000000" RemainPoint="10" Str="0" Dex="0" Sta="0" Int="0" SkillRemainPoint="1" HP="0" MP="0" Vitality="0" Luck="0" Energy="0" Potential="0" SpeedWalk="0" SpeedRun="0" PAtkSpeed="0" MAtkSpeed="0" Hit="0" Dodge="0" PAtk="0" MAtk="0" Def="0" IceRes="0" FireRes="0" LightningRes="0" PoisonRes="0" MoveSpeedPercent="0" BaseExp="16500" Rage="8200" MaxCarryGold="500000000" /> 
  <Attribute Level="104" ExpNeed="312000000" RemainPoint="10" Str="0" Dex="0" Sta="0" Int="0" SkillRemainPoint="1" HP="0" MP="0" Vitality="0" Luck="0" Energy="0" Potential="0" SpeedWalk="0" SpeedRun="0" PAtkSpeed="0" MAtkSpeed="0" Hit="0" Dodge="0" PAtk="0" MAtk="0" Def="0" IceRes="0" FireRes="0" LightningRes="0" PoisonRes="0" MoveSpeedPercent="0" BaseExp="16500" Rage="8400" MaxCarryGold="500000000" /> 
  <Attribute Level="105" ExpNeed="328800000" RemainPoint="10" Str="0" Dex="0" Sta="0" Int="0" SkillRemainPoint="1" HP="0" MP="0" Vitality="0" Luck="0" Energy="0" Potential="0" SpeedWalk="0" SpeedRun="0" PAtkSpeed="0" MAtkSpeed="0" Hit="0" Dodge="0" PAtk="0" MAtk="0" Def="0" IceRes="0" FireRes="0" LightningRes="0" PoisonRes="0" MoveSpeedPercent="0" BaseExp="16500" Rage="8700" MaxCarryGold="500000000" /> 
  <Attribute Level="106" ExpNeed="350400000" RemainPoint="10" Str="0" Dex="0" Sta="0" Int="0" SkillRemainPoint="1" HP="0" MP="0" Vitality="0" Luck="0" Energy="0" Potential="0" SpeedWalk="0" SpeedRun="0" PAtkSpeed="0" MAtkSpeed="0" Hit="0" Dodge="0" PAtk="0" MAtk="0" Def="0" IceRes="0" FireRes="0" LightningRes="0" PoisonRes="0" MoveSpeedPercent="0" BaseExp="16500" Rage="9000" MaxCarryGold="500000000" /> 
  <Attribute Level="107" ExpNeed="375600000" RemainPoint="10" Str="0" Dex="0" Sta="0" Int="0" SkillRemainPoint="1" HP="0" MP="0" Vitality="0" Luck="0" Energy="0" Potential="0" SpeedWalk="0" SpeedRun="0" PAtkSpeed="0" MAtkSpeed="0" Hit="0" Dodge="0" PAtk="0" MAtk="0" Def="0" IceRes="0" FireRes="0" LightningRes="0" PoisonRes="0" MoveSpeedPercent="0" BaseExp="16500" Rage="9300" MaxCarryGold="500000000" /> 
  <Attribute Level="108" ExpNeed="406800000" RemainPoint="10" Str="0" Dex="0" Sta="0" Int="0" SkillRemainPoint="1" HP="0" MP="0" Vitality="0" Luck="0" Energy="0" Potential="0" SpeedWalk="0" SpeedRun="0" PAtkSpeed="0" MAtkSpeed="0" Hit="0" Dodge="0" PAtk="0" MAtk="0" Def="0" IceRes="0" FireRes="0" LightningRes="0" PoisonRes="0" MoveSpeedPercent="0" BaseExp="16500" Rage="9600" MaxCarryGold="500000000" /> 
  <Attribute Level="109" ExpNeed="506400000" RemainPoint="10" Str="0" Dex="0" Sta="0" Int="0" SkillRemainPoint="1" HP="0" MP="0" Vitality="0" Luck="0" Energy="0" Potential="0" SpeedWalk="0" SpeedRun="0" PAtkSpeed="0" MAtkSpeed="0" Hit="0" Dodge="0" PAtk="0" MAtk="0" Def="0" IceRes="0" FireRes="0" LightningRes="0" PoisonRes="0" MoveSpeedPercent="0" BaseExp="16500" Rage="9900" MaxCarryGold="500000000" /> 
  <Attribute Level="110" ExpNeed="507000000" RemainPoint="10" Str="0" Dex="0" Sta="0" Int="0" SkillRemainPoint="1" HP="0" MP="0" Vitality="0" Luck="0" Energy="0" Potential="0" SpeedWalk="0" SpeedRun="0" PAtkSpeed="0" MAtkSpeed="0" Hit="0" Dodge="0" PAtk="0" MAtk="0" Def="0" IceRes="0" FireRes="0" LightningRes="0" PoisonRes="0" MoveSpeedPercent="0" BaseExp="17500" Rage="10000" MaxCarryGold="1000000000" /> 
  <Attribute Level="111" ExpNeed="508200000" RemainPoint="10" Str="0" Dex="0" Sta="0" Int="0" SkillRemainPoint="1" HP="0" MP="0" Vitality="0" Luck="0" Energy="0" Potential="0" SpeedWalk="0" SpeedRun="0" PAtkSpeed="0" MAtkSpeed="0" Hit="0" Dodge="0" PAtk="0" MAtk="0" Def="0" IceRes="0" FireRes="0" LightningRes="0" PoisonRes="0" MoveSpeedPercent="0" BaseExp="17500" Rage="10100" MaxCarryGold="1000000000" /> 
  <Attribute Level="112" ExpNeed="510600000" RemainPoint="10" Str="0" Dex="0" Sta="0" Int="0" SkillRemainPoint="1" HP="0" MP="0" Vitality="0" Luck="0" Energy="0" Potential="0" SpeedWalk="0" SpeedRun="0" PAtkSpeed="0" MAtkSpeed="0" Hit="0" Dodge="0" PAtk="0" MAtk="0" Def="0" IceRes="0" FireRes="0" LightningRes="0" PoisonRes="0" MoveSpeedPercent="0" BaseExp="17500" Rage="10200" MaxCarryGold="1000000000" /> 
  <Attribute Level="113" ExpNeed="516600000" RemainPoint="10" Str="0" Dex="0" Sta="0" Int="0" SkillRemainPoint="1" HP="0" MP="0" Vitality="0" Luck="0" Energy="0" Potential="0" SpeedWalk="0" SpeedRun="0" PAtkSpeed="0" MAtkSpeed="0" Hit="0" Dodge="0" PAtk="0" MAtk="0" Def="0" IceRes="0" FireRes="0" LightningRes="0" PoisonRes="0" MoveSpeedPercent="0" BaseExp="17500" Rage="10300" MaxCarryGold="1000000000" /> 
  <Attribute Level="114" ExpNeed="528600000" RemainPoint="10" Str="0" Dex="0" Sta="0" Int="0" SkillRemainPoint="1" HP="0" MP="0" Vitality="0" Luck="0" Energy="0" Potential="0" SpeedWalk="0" SpeedRun="0" PAtkSpeed="0" MAtkSpeed="0" Hit="0" Dodge="0" PAtk="0" MAtk="0" Def="0" IceRes="0" FireRes="0" LightningRes="0" PoisonRes="0" MoveSpeedPercent="0" BaseExp="17500" Rage="10400" MaxCarryGold="1000000000" /> 
  <Attribute Level="115" ExpNeed="552600000" RemainPoint="10" Str="0" Dex="0" Sta="0" Int="0" SkillRemainPoint="1" HP="0" MP="0" Vitality="0" Luck="0" Energy="0" Potential="0" SpeedWalk="0" SpeedRun="0" PAtkSpeed="0" MAtkSpeed="0" Hit="0" Dodge="0" PAtk="0" MAtk="0" Def="0" IceRes="0" FireRes="0" LightningRes="0" PoisonRes="0" MoveSpeedPercent="0" BaseExp="17500" Rage="10600" MaxCarryGold="1000000000" /> 
  <Attribute Level="116" ExpNeed="612360000" RemainPoint="10" Str="0" Dex="0" Sta="0" Int="0" SkillRemainPoint="1" HP="0" MP="0" Vitality="0" Luck="0" Energy="0" Potential="0" SpeedWalk="0" SpeedRun="0" PAtkSpeed="0" MAtkSpeed="0" Hit="0" Dodge="0" PAtk="0" MAtk="0" Def="0" IceRes="0" FireRes="0" LightningRes="0" PoisonRes="0" MoveSpeedPercent="0" BaseExp="17500" Rage="10700" MaxCarryGold="1000000000" /> 
  <Attribute Level="117" ExpNeed="730200000" RemainPoint="10" Str="0" Dex="0" Sta="0" Int="0" SkillRemainPoint="1" HP="0" MP="0" Vitality="0" Luck="0" Energy="0" Potential="0" SpeedWalk="0" SpeedRun="0" PAtkSpeed="0" MAtkSpeed="0" Hit="0" Dodge="0" PAtk="0" MAtk="0" Def="0" IceRes="0" FireRes="0" LightningRes="0" PoisonRes="0" MoveSpeedPercent="0" BaseExp="17500" Rage="10800" MaxCarryGold="1000000000" /> 
  <Attribute Level="118" ExpNeed="895800000" RemainPoint="10" Str="0" Dex="0" Sta="0" Int="0" SkillRemainPoint="1" HP="0" MP="0" Vitality="0" Luck="0" Energy="0" Potential="0" SpeedWalk="0" SpeedRun="0" PAtkSpeed="0" MAtkSpeed="0" Hit="0" Dodge="0" PAtk="0" MAtk="0" Def="0" IceRes="0" FireRes="0" LightningRes="0" PoisonRes="0" MoveSpeedPercent="0" BaseExp="17500" Rage="10900" MaxCarryGold="1000000000" /> 
  <Attribute Level="119" ExpNeed="1152600000" RemainPoint="10" Str="0" Dex="0" Sta="0" Int="0" SkillRemainPoint="1" HP="0" MP="0" Vitality="0" Luck="0" Energy="0" Potential="0" SpeedWalk="0" SpeedRun="0" PAtkSpeed="0" MAtkSpeed="0" Hit="0" Dodge="0" PAtk="0" MAtk="0" Def="0" IceRes="0" FireRes="0" LightningRes="0" PoisonRes="0" MoveSpeedPercent="0" BaseExp="17500" Rage="11000" MaxCarryGold="1000000000" /> 
  <Attribute Level="120" ExpNeed="1164000000" RemainPoint="10" Str="0" Dex="0" Sta="0" Int="0" SkillRemainPoint="1" HP="0" MP="0" Vitality="0" Luck="0" Energy="0" Potential="0" SpeedWalk="0" SpeedRun="0" PAtkSpeed="0" MAtkSpeed="0" Hit="0" Dodge="0" PAtk="0" MAtk="0" Def="0" IceRes="0" FireRes="0" LightningRes="0" PoisonRes="0" MoveSpeedPercent="0" BaseExp="18667" Rage="11100" MaxCarryGold="2000000000" /> 
  <Attribute Level="121" ExpNeed="1178400000" RemainPoint="10" Str="0" Dex="0" Sta="0" Int="0" SkillRemainPoint="1" HP="0" MP="0" Vitality="0" Luck="0" Energy="0" Potential="0" SpeedWalk="0" SpeedRun="0" PAtkSpeed="0" MAtkSpeed="0" Hit="0" Dodge="0" PAtk="0" MAtk="0" Def="0" IceRes="0" FireRes="0" LightningRes="0" PoisonRes="0" MoveSpeedPercent="0" BaseExp="18667" Rage="11400" MaxCarryGold="2000000000" /> 
  <Attribute Level="122" ExpNeed="1214400000" RemainPoint="10" Str="0" Dex="0" Sta="0" Int="0" SkillRemainPoint="1" HP="0" MP="0" Vitality="0" Luck="0" Energy="0" Potential="0" SpeedWalk="0" SpeedRun="0" PAtkSpeed="0" MAtkSpeed="0" Hit="0" Dodge="0" PAtk="0" MAtk="0" Def="0" IceRes="0" FireRes="0" LightningRes="0" PoisonRes="0" MoveSpeedPercent="0" BaseExp="18667" Rage="11700" MaxCarryGold="2000000000" /> 
  <Attribute Level="123" ExpNeed="1262400000" RemainPoint="10" Str="0" Dex="0" Sta="0" Int="0" SkillRemainPoint="1" HP="0" MP="0" Vitality="0" Luck="0" Energy="0" Potential="0" SpeedWalk="0" SpeedRun="0" PAtkSpeed="0" MAtkSpeed="0" Hit="0" Dodge="0" PAtk="0" MAtk="0" Def="0" IceRes="0" FireRes="0" LightningRes="0" PoisonRes="0" MoveSpeedPercent="0" BaseExp="18667" Rage="12000" MaxCarryGold="2000000000" /> 
  <Attribute Level="124" ExpNeed="1334400000" RemainPoint="10" Str="0" Dex="0" Sta="0" Int="0" SkillRemainPoint="1" HP="0" MP="0" Vitality="0" Luck="0" Energy="0" Potential="0" SpeedWalk="0" SpeedRun="0" PAtkSpeed="0" MAtkSpeed="0" Hit="0" Dodge="0" PAtk="0" MAtk="0" Def="0" IceRes="0" FireRes="0" LightningRes="0" PoisonRes="0" MoveSpeedPercent="0" BaseExp="18667" Rage="12300" MaxCarryGold="2000000000" /> 
  <Attribute Level="125" ExpNeed="1430400000" RemainPoint="10" Str="0" Dex="0" Sta="0" Int="0" SkillRemainPoint="1" HP="0" MP="0" Vitality="0" Luck="0" Energy="0" Potential="0" SpeedWalk="0" SpeedRun="0" PAtkSpeed="0" MAtkSpeed="0" Hit="0" Dodge="0" PAtk="0" MAtk="0" Def="0" IceRes="0" FireRes="0" LightningRes="0" PoisonRes="0" MoveSpeedPercent="0" BaseExp="18667" Rage="12600" MaxCarryGold="2000000000" /> 
  <Attribute Level="126" ExpNeed="1550400000" RemainPoint="10" Str="0" Dex="0" Sta="0" Int="0" SkillRemainPoint="1" HP="0" MP="0" Vitality="0" Luck="0" Energy="0" Potential="0" SpeedWalk="0" SpeedRun="0" PAtkSpeed="0" MAtkSpeed="0" Hit="0" Dodge="0" PAtk="0" MAtk="0" Def="0" IceRes="0" FireRes="0" LightningRes="0" PoisonRes="0" MoveSpeedPercent="0" BaseExp="18667" Rage="12900" MaxCarryGold="2000000000" /> 
  <Attribute Level="127" ExpNeed="1694400000" RemainPoint="10" Str="0" Dex="0" Sta="0" Int="0" SkillRemainPoint="1" HP="0" MP="0" Vitality="0" Luck="0" Energy="0" Potential="0" SpeedWalk="0" SpeedRun="0" PAtkSpeed="0" MAtkSpeed="0" Hit="0" Dodge="0" PAtk="0" MAtk="0" Def="0" IceRes="0" FireRes="0" LightningRes="0" PoisonRes="0" MoveSpeedPercent="0" BaseExp="18667" Rage="13200" MaxCarryGold="2000000000" /> 
  <Attribute Level="128" ExpNeed="1917120000" RemainPoint="10" Str="0" Dex="0" Sta="0" Int="0" SkillRemainPoint="1" HP="0" MP="0" Vitality="0" Luck="0" Energy="0" Potential="0" SpeedWalk="0" SpeedRun="0" PAtkSpeed="0" MAtkSpeed="0" Hit="0" Dodge="0" PAtk="0" MAtk="0" Def="0" IceRes="0" FireRes="0" LightningRes="0" PoisonRes="0" MoveSpeedPercent="0" BaseExp="18667" Rage="13500" MaxCarryGold="2000000000" /> 
  <Attribute Level="129" ExpNeed="1917120000" RemainPoint="10" Str="0" Dex="0" Sta="0" Int="0" SkillRemainPoint="1" HP="0" MP="0" Vitality="0" Luck="0" Energy="0" Potential="0" SpeedWalk="0" SpeedRun="0" PAtkSpeed="0" MAtkSpeed="0" Hit="0" Dodge="0" PAtk="0" MAtk="0" Def="0" IceRes="0" FireRes="0" LightningRes="0" PoisonRes="0" MoveSpeedPercent="0" BaseExp="18667" Rage="13500" MaxCarryGold="2000000000" /> 
  <Attribute Level="130" ExpNeed="1917120000" RemainPoint="10" Str="0" Dex="0" Sta="0" Int="0" SkillRemainPoint="1" HP="0" MP="0" Vitality="0" Luck="0" Energy="0" Potential="0" SpeedWalk="0" SpeedRun="0" PAtkSpeed="0" MAtkSpeed="0" Hit="0" Dodge="0" PAtk="0" MAtk="0" Def="0" IceRes="0" FireRes="0" LightningRes="0" PoisonRes="0" MoveSpeedPercent="0" BaseExp="18667" Rage="13500" MaxCarryGold="2000000000" /> 
  <Attribute Level="131" ExpNeed="1917120000" RemainPoint="10" Str="0" Dex="0" Sta="0" Int="0" SkillRemainPoint="1" HP="0" MP="0" Vitality="0" Luck="0" Energy="0" Potential="0" SpeedWalk="0" SpeedRun="0" PAtkSpeed="0" MAtkSpeed="0" Hit="0" Dodge="0" PAtk="0" MAtk="0" Def="0" IceRes="0" FireRes="0" LightningRes="0" PoisonRes="0" MoveSpeedPercent="0" BaseExp="18667" Rage="13500" MaxCarryGold="2000000000" /> 
  <Attribute Level="132" ExpNeed="1917120000" RemainPoint="10" Str="0" Dex="0" Sta="0" Int="0" SkillRemainPoint="1" HP="0" MP="0" Vitality="0" Luck="0" Energy="0" Potential="0" SpeedWalk="0" SpeedRun="0" PAtkSpeed="0" MAtkSpeed="0" Hit="0" Dodge="0" PAtk="0" MAtk="0" Def="0" IceRes="0" FireRes="0" LightningRes="0" PoisonRes="0" MoveSpeedPercent="0" BaseExp="18667" Rage="13500" MaxCarryGold="2000000000" /> 
  <Attribute Level="133" ExpNeed="1917120000" RemainPoint="10" Str="0" Dex="0" Sta="0" Int="0" SkillRemainPoint="1" HP="0" MP="0" Vitality="0" Luck="0" Energy="0" Potential="0" SpeedWalk="0" SpeedRun="0" PAtkSpeed="0" MAtkSpeed="0" Hit="0" Dodge="0" PAtk="0" MAtk="0" Def="0" IceRes="0" FireRes="0" LightningRes="0" PoisonRes="0" MoveSpeedPercent="0" BaseExp="18667" Rage="13500" MaxCarryGold="2000000000" /> 
  <Attribute Level="134" ExpNeed="1917120000" RemainPoint="10" Str="0" Dex="0" Sta="0" Int="0" SkillRemainPoint="1" HP="0" MP="0" Vitality="0" Luck="0" Energy="0" Potential="0" SpeedWalk="0" SpeedRun="0" PAtkSpeed="0" MAtkSpeed="0" Hit="0" Dodge="0" PAtk="0" MAtk="0" Def="0" IceRes="0" FireRes="0" LightningRes="0" PoisonRes="0" MoveSpeedPercent="0" BaseExp="18667" Rage="13500" MaxCarryGold="2000000000" /> 
  <Attribute Level="135" ExpNeed="1917120000" RemainPoint="10" Str="0" Dex="0" Sta="0" Int="0" SkillRemainPoint="1" HP="0" MP="0" Vitality="0" Luck="0" Energy="0" Potential="0" SpeedWalk="0" SpeedRun="0" PAtkSpeed="0" MAtkSpeed="0" Hit="0" Dodge="0" PAtk="0" MAtk="0" Def="0" IceRes="0" FireRes="0" LightningRes="0" PoisonRes="0" MoveSpeedPercent="0" BaseExp="18667" Rage="13500" MaxCarryGold="2000000000" /> 
  <Attribute Level="136" ExpNeed="1917120000" RemainPoint="10" Str="0" Dex="0" Sta="0" Int="0" SkillRemainPoint="1" HP="0" MP="0" Vitality="0" Luck="0" Energy="0" Potential="0" SpeedWalk="0" SpeedRun="0" PAtkSpeed="0" MAtkSpeed="0" Hit="0" Dodge="0" PAtk="0" MAtk="0" Def="0" IceRes="0" FireRes="0" LightningRes="0" PoisonRes="0" MoveSpeedPercent="0" BaseExp="18667" Rage="13500" MaxCarryGold="2000000000" /> 
  <Attribute Level="137" ExpNeed="1917120000" RemainPoint="10" Str="0" Dex="0" Sta="0" Int="0" SkillRemainPoint="1" HP="0" MP="0" Vitality="0" Luck="0" Energy="0" Potential="0" SpeedWalk="0" SpeedRun="0" PAtkSpeed="0" MAtkSpeed="0" Hit="0" Dodge="0" PAtk="0" MAtk="0" Def="0" IceRes="0" FireRes="0" LightningRes="0" PoisonRes="0" MoveSpeedPercent="0" BaseExp="18667" Rage="13500" MaxCarryGold="2000000000" /> 
  <Attribute Level="138" ExpNeed="1917120000" RemainPoint="10" Str="0" Dex="0" Sta="0" Int="0" SkillRemainPoint="1" HP="0" MP="0" Vitality="0" Luck="0" Energy="0" Potential="0" SpeedWalk="0" SpeedRun="0" PAtkSpeed="0" MAtkSpeed="0" Hit="0" Dodge="0" PAtk="0" MAtk="0" Def="0" IceRes="0" FireRes="0" LightningRes="0" PoisonRes="0" MoveSpeedPercent="0" BaseExp="18667" Rage="13500" MaxCarryGold="2000000000" /> 
  <Attribute Level="139" ExpNeed="1917120000" RemainPoint="10" Str="0" Dex="0" Sta="0" Int="0" SkillRemainPoint="1" HP="0" MP="0" Vitality="0" Luck="0" Energy="0" Potential="0" SpeedWalk="0" SpeedRun="0" PAtkSpeed="0" MAtkSpeed="0" Hit="0" Dodge="0" PAtk="0" MAtk="0" Def="0" IceRes="0" FireRes="0" LightningRes="0" PoisonRes="0" MoveSpeedPercent="0" BaseExp="18667" Rage="13500" MaxCarryGold="2000000000" /> 
  <Attribute Level="140" ExpNeed="1917120000" RemainPoint="10" Str="0" Dex="0" Sta="0" Int="0" SkillRemainPoint="1" HP="0" MP="0" Vitality="0" Luck="0" Energy="0" Potential="0" SpeedWalk="0" SpeedRun="0" PAtkSpeed="0" MAtkSpeed="0" Hit="0" Dodge="0" PAtk="0" MAtk="0" Def="0" IceRes="0" FireRes="0" LightningRes="0" PoisonRes="0" MoveSpeedPercent="0" BaseExp="18667" Rage="13500" MaxCarryGold="2000000000" /> 
  <Attribute Level="141" ExpNeed="1917120000" RemainPoint="10" Str="0" Dex="0" Sta="0" Int="0" SkillRemainPoint="1" HP="0" MP="0" Vitality="0" Luck="0" Energy="0" Potential="0" SpeedWalk="0" SpeedRun="0" PAtkSpeed="0" MAtkSpeed="0" Hit="0" Dodge="0" PAtk="0" MAtk="0" Def="0" IceRes="0" FireRes="0" LightningRes="0" PoisonRes="0" MoveSpeedPercent="0" BaseExp="18667" Rage="13500" MaxCarryGold="2000000000" /> 
  <Attribute Level="142" ExpNeed="1917120000" RemainPoint="10" Str="0" Dex="0" Sta="0" Int="0" SkillRemainPoint="1" HP="0" MP="0" Vitality="0" Luck="0" Energy="0" Potential="0" SpeedWalk="0" SpeedRun="0" PAtkSpeed="0" MAtkSpeed="0" Hit="0" Dodge="0" PAtk="0" MAtk="0" Def="0" IceRes="0" FireRes="0" LightningRes="0" PoisonRes="0" MoveSpeedPercent="0" BaseExp="18667" Rage="13500" MaxCarryGold="2000000000" /> 
  <Attribute Level="143" ExpNeed="1917120000" RemainPoint="10" Str="0" Dex="0" Sta="0" Int="0" SkillRemainPoint="1" HP="0" MP="0" Vitality="0" Luck="0" Energy="0" Potential="0" SpeedWalk="0" SpeedRun="0" PAtkSpeed="0" MAtkSpeed="0" Hit="0" Dodge="0" PAtk="0" MAtk="0" Def="0" IceRes="0" FireRes="0" LightningRes="0" PoisonRes="0" MoveSpeedPercent="0" BaseExp="18667" Rage="13500" MaxCarryGold="2000000000" /> 
  <Attribute Level="144" ExpNeed="1917120000" RemainPoint="10" Str="0" Dex="0" Sta="0" Int="0" SkillRemainPoint="1" HP="0" MP="0" Vitality="0" Luck="0" Energy="0" Potential="0" SpeedWalk="0" SpeedRun="0" PAtkSpeed="0" MAtkSpeed="0" Hit="0" Dodge="0" PAtk="0" MAtk="0" Def="0" IceRes="0" FireRes="0" LightningRes="0" PoisonRes="0" MoveSpeedPercent="0" BaseExp="18667" Rage="13500" MaxCarryGold="2000000000" /> 
  <Attribute Level="145" ExpNeed="1917120000" RemainPoint="10" Str="0" Dex="0" Sta="0" Int="0" SkillRemainPoint="1" HP="0" MP="0" Vitality="0" Luck="0" Energy="0" Potential="0" SpeedWalk="0" SpeedRun="0" PAtkSpeed="0" MAtkSpeed="0" Hit="0" Dodge="0" PAtk="0" MAtk="0" Def="0" IceRes="0" FireRes="0" LightningRes="0" PoisonRes="0" MoveSpeedPercent="0" BaseExp="18667" Rage="13500" MaxCarryGold="2000000000" /> 
  <Attribute Level="146" ExpNeed="1917120000" RemainPoint="10" Str="0" Dex="0" Sta="0" Int="0" SkillRemainPoint="1" HP="0" MP="0" Vitality="0" Luck="0" Energy="0" Potential="0" SpeedWalk="0" SpeedRun="0" PAtkSpeed="0" MAtkSpeed="0" Hit="0" Dodge="0" PAtk="0" MAtk="0" Def="0" IceRes="0" FireRes="0" LightningRes="0" PoisonRes="0" MoveSpeedPercent="0" BaseExp="18667" Rage="13500" MaxCarryGold="2000000000" /> 
  <Attribute Level="147" ExpNeed="1917120000" RemainPoint="10" Str="0" Dex="0" Sta="0" Int="0" SkillRemainPoint="1" HP="0" MP="0" Vitality="0" Luck="0" Energy="0" Potential="0" SpeedWalk="0" SpeedRun="0" PAtkSpeed="0" MAtkSpeed="0" Hit="0" Dodge="0" PAtk="0" MAtk="0" Def="0" IceRes="0" FireRes="0" LightningRes="0" PoisonRes="0" MoveSpeedPercent="0" BaseExp="18667" Rage="13500" MaxCarryGold="2000000000" /> 
  <Attribute Level="148" ExpNeed="1917120000" RemainPoint="10" Str="0" Dex="0" Sta="0" Int="0" SkillRemainPoint="1" HP="0" MP="0" Vitality="0" Luck="0" Energy="0" Potential="0" SpeedWalk="0" SpeedRun="0" PAtkSpeed="0" MAtkSpeed="0" Hit="0" Dodge="0" PAtk="0" MAtk="0" Def="0" IceRes="0" FireRes="0" LightningRes="0" PoisonRes="0" MoveSpeedPercent="0" BaseExp="18667" Rage="13500" MaxCarryGold="2000000000" /> 
  <Attribute Level="149" ExpNeed="1917120000" RemainPoint="10" Str="0" Dex="0" Sta="0" Int="0" SkillRemainPoint="1" HP="0" MP="0" Vitality="0" Luck="0" Energy="0" Potential="0" SpeedWalk="0" SpeedRun="0" PAtkSpeed="0" MAtkSpeed="0" Hit="0" Dodge="0" PAtk="0" MAtk="0" Def="0" IceRes="0" FireRes="0" LightningRes="0" PoisonRes="0" MoveSpeedPercent="0" BaseExp="18667" Rage="13500" MaxCarryGold="2000000000" /> 
  <Attribute Level="150" ExpNeed="1917120000" RemainPoint="10" Str="0" Dex="0" Sta="0" Int="0" SkillRemainPoint="1" HP="0" MP="0" Vitality="0" Luck="0" Energy="0" Potential="0" SpeedWalk="0" SpeedRun="0" PAtkSpeed="0" MAtkSpeed="0" Hit="0" Dodge="0" PAtk="0" MAtk="0" Def="0" IceRes="0" FireRes="0" LightningRes="0" PoisonRes="0" MoveSpeedPercent="0" BaseExp="18667" Rage="13500" MaxCarryGold="2000000000" /> 
  <Attribute Level="151" ExpNeed="1917120000" RemainPoint="10" Str="0" Dex="0" Sta="0" Int="0" SkillRemainPoint="1" HP="0" MP="0" Vitality="0" Luck="0" Energy="0" Potential="0" SpeedWalk="0" SpeedRun="0" PAtkSpeed="0" MAtkSpeed="0" Hit="0" Dodge="0" PAtk="0" MAtk="0" Def="0" IceRes="0" FireRes="0" LightningRes="0" PoisonRes="0" MoveSpeedPercent="0" BaseExp="18667" Rage="13500" MaxCarryGold="2000000000" /> 
  <Attribute Level="152" ExpNeed="1917120000" RemainPoint="10" Str="0" Dex="0" Sta="0" Int="0" SkillRemainPoint="1" HP="0" MP="0" Vitality="0" Luck="0" Energy="0" Potential="0" SpeedWalk="0" SpeedRun="0" PAtkSpeed="0" MAtkSpeed="0" Hit="0" Dodge="0" PAtk="0" MAtk="0" Def="0" IceRes="0" FireRes="0" LightningRes="0" PoisonRes="0" MoveSpeedPercent="0" BaseExp="18667" Rage="13500" MaxCarryGold="2000000000" /> 
  <Attribute Level="153" ExpNeed="1917120000" RemainPoint="10" Str="0" Dex="0" Sta="0" Int="0" SkillRemainPoint="1" HP="0" MP="0" Vitality="0" Luck="0" Energy="0" Potential="0" SpeedWalk="0" SpeedRun="0" PAtkSpeed="0" MAtkSpeed="0" Hit="0" Dodge="0" PAtk="0" MAtk="0" Def="0" IceRes="0" FireRes="0" LightningRes="0" PoisonRes="0" MoveSpeedPercent="0" BaseExp="18667" Rage="13500" MaxCarryGold="2000000000" /> 
  <Attribute Level="154" ExpNeed="1917120000" RemainPoint="10" Str="0" Dex="0" Sta="0" Int="0" SkillRemainPoint="1" HP="0" MP="0" Vitality="0" Luck="0" Energy="0" Potential="0" SpeedWalk="0" SpeedRun="0" PAtkSpeed="0" MAtkSpeed="0" Hit="0" Dodge="0" PAtk="0" MAtk="0" Def="0" IceRes="0" FireRes="0" LightningRes="0" PoisonRes="0" MoveSpeedPercent="0" BaseExp="18667" Rage="13500" MaxCarryGold="2000000000" /> 
  <Attribute Level="155" ExpNeed="1917120000" RemainPoint="10" Str="0" Dex="0" Sta="0" Int="0" SkillRemainPoint="1" HP="0" MP="0" Vitality="0" Luck="0" Energy="0" Potential="0" SpeedWalk="0" SpeedRun="0" PAtkSpeed="0" MAtkSpeed="0" Hit="0" Dodge="0" PAtk="0" MAtk="0" Def="0" IceRes="0" FireRes="0" LightningRes="0" PoisonRes="0" MoveSpeedPercent="0" BaseExp="18667" Rage="13500" MaxCarryGold="2000000000" /> 
  <Attribute Level="156" ExpNeed="1917120000" RemainPoint="10" Str="0" Dex="0" Sta="0" Int="0" SkillRemainPoint="1" HP="0" MP="0" Vitality="0" Luck="0" Energy="0" Potential="0" SpeedWalk="0" SpeedRun="0" PAtkSpeed="0" MAtkSpeed="0" Hit="0" Dodge="0" PAtk="0" MAtk="0" Def="0" IceRes="0" FireRes="0" LightningRes="0" PoisonRes="0" MoveSpeedPercent="0" BaseExp="18667" Rage="13500" MaxCarryGold="2000000000" /> 
  <Attribute Level="157" ExpNeed="1917120000" RemainPoint="10" Str="0" Dex="0" Sta="0" Int="0" SkillRemainPoint="1" HP="0" MP="0" Vitality="0" Luck="0" Energy="0" Potential="0" SpeedWalk="0" SpeedRun="0" PAtkSpeed="0" MAtkSpeed="0" Hit="0" Dodge="0" PAtk="0" MAtk="0" Def="0" IceRes="0" FireRes="0" LightningRes="0" PoisonRes="0" MoveSpeedPercent="0" BaseExp="18667" Rage="13500" MaxCarryGold="2000000000" /> 
  <Attribute Level="158" ExpNeed="1917120000" RemainPoint="10" Str="0" Dex="0" Sta="0" Int="0" SkillRemainPoint="1" HP="0" MP="0" Vitality="0" Luck="0" Energy="0" Potential="0" SpeedWalk="0" SpeedRun="0" PAtkSpeed="0" MAtkSpeed="0" Hit="0" Dodge="0" PAtk="0" MAtk="0" Def="0" IceRes="0" FireRes="0" LightningRes="0" PoisonRes="0" MoveSpeedPercent="0" BaseExp="18667" Rage="13500" MaxCarryGold="2000000000" /> 
  <Attribute Level="159" ExpNeed="1917120000" RemainPoint="10" Str="0" Dex="0" Sta="0" Int="0" SkillRemainPoint="1" HP="0" MP="0" Vitality="0" Luck="0" Energy="0" Potential="0" SpeedWalk="0" SpeedRun="0" PAtkSpeed="0" MAtkSpeed="0" Hit="0" Dodge="0" PAtk="0" MAtk="0" Def="0" IceRes="0" FireRes="0" LightningRes="0" PoisonRes="0" MoveSpeedPercent="0" BaseExp="18667" Rage="13500" MaxCarryGold="2000000000" /> 
  <Attribute Level="160" ExpNeed="1917120000" RemainPoint="10" Str="0" Dex="0" Sta="0" Int="0" SkillRemainPoint="1" HP="0" MP="0" Vitality="0" Luck="0" Energy="0" Potential="0" SpeedWalk="0" SpeedRun="0" PAtkSpeed="0" MAtkSpeed="0" Hit="0" Dodge="0" PAtk="0" MAtk="0" Def="0" IceRes="0" FireRes="0" LightningRes="0" PoisonRes="0" MoveSpeedPercent="0" BaseExp="18667" Rage="13500" MaxCarryGold="2000000000" /> 
  <Attribute Level="161" ExpNeed="1917120000" RemainPoint="10" Str="0" Dex="0" Sta="0" Int="0" SkillRemainPoint="1" HP="0" MP="0" Vitality="0" Luck="0" Energy="0" Potential="0" SpeedWalk="0" SpeedRun="0" PAtkSpeed="0" MAtkSpeed="0" Hit="0" Dodge="0" PAtk="0" MAtk="0" Def="0" IceRes="0" FireRes="0" LightningRes="0" PoisonRes="0" MoveSpeedPercent="0" BaseExp="18667" Rage="13500" MaxCarryGold="2000000000" /> 
  <Attribute Level="162" ExpNeed="1917120000" RemainPoint="10" Str="0" Dex="0" Sta="0" Int="0" SkillRemainPoint="1" HP="0" MP="0" Vitality="0" Luck="0" Energy="0" Potential="0" SpeedWalk="0" SpeedRun="0" PAtkSpeed="0" MAtkSpeed="0" Hit="0" Dodge="0" PAtk="0" MAtk="0" Def="0" IceRes="0" FireRes="0" LightningRes="0" PoisonRes="0" MoveSpeedPercent="0" BaseExp="18667" Rage="13500" MaxCarryGold="2000000000" /> 
  <Attribute Level="163" ExpNeed="1917120000" RemainPoint="10" Str="0" Dex="0" Sta="0" Int="0" SkillRemainPoint="1" HP="0" MP="0" Vitality="0" Luck="0" Energy="0" Potential="0" SpeedWalk="0" SpeedRun="0" PAtkSpeed="0" MAtkSpeed="0" Hit="0" Dodge="0" PAtk="0" MAtk="0" Def="0" IceRes="0" FireRes="0" LightningRes="0" PoisonRes="0" MoveSpeedPercent="0" BaseExp="18667" Rage="13500" MaxCarryGold="2000000000" /> 
  <Attribute Level="164" ExpNeed="1917120000" RemainPoint="10" Str="0" Dex="0" Sta="0" Int="0" SkillRemainPoint="1" HP="0" MP="0" Vitality="0" Luck="0" Energy="0" Potential="0" SpeedWalk="0" SpeedRun="0" PAtkSpeed="0" MAtkSpeed="0" Hit="0" Dodge="0" PAtk="0" MAtk="0" Def="0" IceRes="0" FireRes="0" LightningRes="0" PoisonRes="0" MoveSpeedPercent="0" BaseExp="18667" Rage="13500" MaxCarryGold="2000000000" /> 
  <Attribute Level="165" ExpNeed="1917120000" RemainPoint="10" Str="0" Dex="0" Sta="0" Int="0" SkillRemainPoint="1" HP="0" MP="0" Vitality="0" Luck="0" Energy="0" Potential="0" SpeedWalk="0" SpeedRun="0" PAtkSpeed="0" MAtkSpeed="0" Hit="0" Dodge="0" PAtk="0" MAtk="0" Def="0" IceRes="0" FireRes="0" LightningRes="0" PoisonRes="0" MoveSpeedPercent="0" BaseExp="18667" Rage="13500" MaxCarryGold="2000000000" /> 
  <Attribute Level="166" ExpNeed="1917120000" RemainPoint="10" Str="0" Dex="0" Sta="0" Int="0" SkillRemainPoint="1" HP="0" MP="0" Vitality="0" Luck="0" Energy="0" Potential="0" SpeedWalk="0" SpeedRun="0" PAtkSpeed="0" MAtkSpeed="0" Hit="0" Dodge="0" PAtk="0" MAtk="0" Def="0" IceRes="0" FireRes="0" LightningRes="0" PoisonRes="0" MoveSpeedPercent="0" BaseExp="18667" Rage="13500" MaxCarryGold="2000000000" /> 
  <Attribute Level="167" ExpNeed="1917120000" RemainPoint="10" Str="0" Dex="0" Sta="0" Int="0" SkillRemainPoint="1" HP="0" MP="0" Vitality="0" Luck="0" Energy="0" Potential="0" SpeedWalk="0" SpeedRun="0" PAtkSpeed="0" MAtkSpeed="0" Hit="0" Dodge="0" PAtk="0" MAtk="0" Def="0" IceRes="0" FireRes="0" LightningRes="0" PoisonRes="0" MoveSpeedPercent="0" BaseExp="18667" Rage="13500" MaxCarryGold="2000000000" /> 
  <Attribute Level="168" ExpNeed="1917120000" RemainPoint="10" Str="0" Dex="0" Sta="0" Int="0" SkillRemainPoint="1" HP="0" MP="0" Vitality="0" Luck="0" Energy="0" Potential="0" SpeedWalk="0" SpeedRun="0" PAtkSpeed="0" MAtkSpeed="0" Hit="0" Dodge="0" PAtk="0" MAtk="0" Def="0" IceRes="0" FireRes="0" LightningRes="0" PoisonRes="0" MoveSpeedPercent="0" BaseExp="18667" Rage="13500" MaxCarryGold="2000000000" /> 
  <Attribute Level="169" ExpNeed="1917120000" RemainPoint="10" Str="0" Dex="0" Sta="0" Int="0" SkillRemainPoint="1" HP="0" MP="0" Vitality="0" Luck="0" Energy="0" Potential="0" SpeedWalk="0" SpeedRun="0" PAtkSpeed="0" MAtkSpeed="0" Hit="0" Dodge="0" PAtk="0" MAtk="0" Def="0" IceRes="0" FireRes="0" LightningRes="0" PoisonRes="0" MoveSpeedPercent="0" BaseExp="18667" Rage="13500" MaxCarryGold="2000000000" /> 
  <Attribute Level="170" ExpNeed="1917120000" RemainPoint="10" Str="0" Dex="0" Sta="0" Int="0" SkillRemainPoint="1" HP="0" MP="0" Vitality="0" Luck="0" Energy="0" Potential="0" SpeedWalk="0" SpeedRun="0" PAtkSpeed="0" MAtkSpeed="0" Hit="0" Dodge="0" PAtk="0" MAtk="0" Def="0" IceRes="0" FireRes="0" LightningRes="0" PoisonRes="0" MoveSpeedPercent="0" BaseExp="18667" Rage="13500" MaxCarryGold="2000000000" /> 
  <Attribute Level="171" ExpNeed="1917120000" RemainPoint="10" Str="0" Dex="0" Sta="0" Int="0" SkillRemainPoint="1" HP="0" MP="0" Vitality="0" Luck="0" Energy="0" Potential="0" SpeedWalk="0" SpeedRun="0" PAtkSpeed="0" MAtkSpeed="0" Hit="0" Dodge="0" PAtk="0" MAtk="0" Def="0" IceRes="0" FireRes="0" LightningRes="0" PoisonRes="0" MoveSpeedPercent="0" BaseExp="18667" Rage="13500" MaxCarryGold="2000000000" /> 
  <Attribute Level="172" ExpNeed="1917120000" RemainPoint="10" Str="0" Dex="0" Sta="0" Int="0" SkillRemainPoint="1" HP="0" MP="0" Vitality="0" Luck="0" Energy="0" Potential="0" SpeedWalk="0" SpeedRun="0" PAtkSpeed="0" MAtkSpeed="0" Hit="0" Dodge="0" PAtk="0" MAtk="0" Def="0" IceRes="0" FireRes="0" LightningRes="0" PoisonRes="0" MoveSpeedPercent="0" BaseExp="18667" Rage="13500" MaxCarryGold="2000000000" /> 
  <Attribute Level="173" ExpNeed="1917120000" RemainPoint="10" Str="0" Dex="0" Sta="0" Int="0" SkillRemainPoint="1" HP="0" MP="0" Vitality="0" Luck="0" Energy="0" Potential="0" SpeedWalk="0" SpeedRun="0" PAtkSpeed="0" MAtkSpeed="0" Hit="0" Dodge="0" PAtk="0" MAtk="0" Def="0" IceRes="0" FireRes="0" LightningRes="0" PoisonRes="0" MoveSpeedPercent="0" BaseExp="18667" Rage="13500" MaxCarryGold="2000000000" /> 
  <Attribute Level="174" ExpNeed="1917120000" RemainPoint="10" Str="0" Dex="0" Sta="0" Int="0" SkillRemainPoint="1" HP="0" MP="0" Vitality="0" Luck="0" Energy="0" Potential="0" SpeedWalk="0" SpeedRun="0" PAtkSpeed="0" MAtkSpeed="0" Hit="0" Dodge="0" PAtk="0" MAtk="0" Def="0" IceRes="0" FireRes="0" LightningRes="0" PoisonRes="0" MoveSpeedPercent="0" BaseExp="18667" Rage="13500" MaxCarryGold="2000000000" /> 
  <Attribute Level="175" ExpNeed="1917120000" RemainPoint="10" Str="0" Dex="0" Sta="0" Int="0" SkillRemainPoint="1" HP="0" MP="0" Vitality="0" Luck="0" Energy="0" Potential="0" SpeedWalk="0" SpeedRun="0" PAtkSpeed="0" MAtkSpeed="0" Hit="0" Dodge="0" PAtk="0" MAtk="0" Def="0" IceRes="0" FireRes="0" LightningRes="0" PoisonRes="0" MoveSpeedPercent="0" BaseExp="18667" Rage="13500" MaxCarryGold="2000000000" /> 
  <Attribute Level="176" ExpNeed="1917120000" RemainPoint="10" Str="0" Dex="0" Sta="0" Int="0" SkillRemainPoint="1" HP="0" MP="0" Vitality="0" Luck="0" Energy="0" Potential="0" SpeedWalk="0" SpeedRun="0" PAtkSpeed="0" MAtkSpeed="0" Hit="0" Dodge="0" PAtk="0" MAtk="0" Def="0" IceRes="0" FireRes="0" LightningRes="0" PoisonRes="0" MoveSpeedPercent="0" BaseExp="18667" Rage="13500" MaxCarryGold="2000000000" /> 
  <Attribute Level="177" ExpNeed="1917120000" RemainPoint="10" Str="0" Dex="0" Sta="0" Int="0" SkillRemainPoint="1" HP="0" MP="0" Vitality="0" Luck="0" Energy="0" Potential="0" SpeedWalk="0" SpeedRun="0" PAtkSpeed="0" MAtkSpeed="0" Hit="0" Dodge="0" PAtk="0" MAtk="0" Def="0" IceRes="0" FireRes="0" LightningRes="0" PoisonRes="0" MoveSpeedPercent="0" BaseExp="18667" Rage="13500" MaxCarryGold="2000000000" /> 
  <Attribute Level="178" ExpNeed="1917120000" RemainPoint="10" Str="0" Dex="0" Sta="0" Int="0" SkillRemainPoint="1" HP="0" MP="0" Vitality="0" Luck="0" Energy="0" Potential="0" SpeedWalk="0" SpeedRun="0" PAtkSpeed="0" MAtkSpeed="0" Hit="0" Dodge="0" PAtk="0" MAtk="0" Def="0" IceRes="0" FireRes="0" LightningRes="0" PoisonRes="0" MoveSpeedPercent="0" BaseExp="18667" Rage="13500" MaxCarryGold="2000000000" /> 
  <Attribute Level="179" ExpNeed="1917120000" RemainPoint="10" Str="0" Dex="0" Sta="0" Int="0" SkillRemainPoint="1" HP="0" MP="0" Vitality="0" Luck="0" Energy="0" Potential="0" SpeedWalk="0" SpeedRun="0" PAtkSpeed="0" MAtkSpeed="0" Hit="0" Dodge="0" PAtk="0" MAtk="0" Def="0" IceRes="0" FireRes="0" LightningRes="0" PoisonRes="0" MoveSpeedPercent="0" BaseExp="18667" Rage="13500" MaxCarryGold="2000000000" /> 
  <Attribute Level="180" ExpNeed="1917120000" RemainPoint="10" Str="0" Dex="0" Sta="0" Int="0" SkillRemainPoint="1" HP="0" MP="0" Vitality="0" Luck="0" Energy="0" Potential="0" SpeedWalk="0" SpeedRun="0" PAtkSpeed="0" MAtkSpeed="0" Hit="0" Dodge="0" PAtk="0" MAtk="0" Def="0" IceRes="0" FireRes="0" LightningRes="0" PoisonRes="0" MoveSpeedPercent="0" BaseExp="18667" Rage="13500" MaxCarryGold="2000000000" /> 
 
</RoleLevelUpAttributes>