<?xml version="1.0" encoding="utf-8"?>
<Map>
  <NPCs>
	<NPC Code="2599" Name="Trâu Đức Khoái" MinimapName="Thủ Khố" VisibleOnMinimap="1" Title="Thủ Khố" X="7250" Y="2110" Dir="1" ScriptID="12" />
	<NPC Code="3698" Name="Xa Phu" 	MinimapName="" VisibleOnMinimap="1" Title="" X="6910" Y="2130" Dir="7" ScriptID="13" />
	<!-- <NPC Code="4038" Name="Trịnh Bát Cô" 	MinimapName="Trịnh Bát Cô" VisibleOnMinimap="1" Title="" X="5246" Y="3743" Dir="7" ScriptID="139" /> -->
	<NPC Code="3513" Name="Đường Tế Dân" MinimapName="Đường Môn" VisibleOnMinimap="1" Title="Đệ tử tiếp dẫn Đường Môn" X="6310" Y="1670" Dir="3" ScriptID="52"/>
	<NPC Code="3507" Name="Tịch Huyễn" MinimapName="Thiếu Lâm" VisibleOnMinimap="1" Title="Đệ tử tiếp dẫn Thiếu Lâm" X="5590" Y="2030" Dir="6" ScriptID="51"/>
	<NPC Code="3525" Name="Huyền Tịnh" MinimapName="Nga My" VisibleOnMinimap="1" Title="Đệ tử tiếp dẫn Nga My" X="6310" Y="1030" Dir="0" ScriptID="54"/>
	<NPC Code="3537" Name="La Tuấn" MinimapName="Cái Bang" VisibleOnMinimap="1" Title="Đệ tử Tiếp Dẫn Cái Bang" X="5690" Y="1150" Dir="7" ScriptID="55"/>
	<NPC Code="3549" Name="Minh Tuệ" MinimapName="Võ Đang" VisibleOnMinimap="1" Title="Đệ tử tiếp dẫn Võ Đang" X="4770" Y="1490" Dir="0" ScriptID="59"/>
	
	<NPC Code="3501" Name="Bùi Viễn" MinimapName="Thiên Vương" VisibleOnMinimap="1" Title="Đệ tử tiếp dẫn Thiên Vương" X="6178" Y="2303" Dir="1" ScriptID="63"/>
    <NPC Code="3480" Name="Đoàn Tu Tịnh" MinimapName="Đoàn Thị" VisibleOnMinimap="1" Title="Đệ tử tiếp dẫn Đại Lý Đoàn Thị" X="4612" Y="1813" Dir="1" ScriptID="62"/>
	<NPC Code="3474" Name="Đồng Lăng" MinimapName="Minh Giáo" VisibleOnMinimap="1" Title="Đệ tử tiếp dẫn Minh Giáo" X="4560" Y="2467" Dir="5" ScriptID="61"/>
	<NPC Code="3519" Name="Biên Nhất Xuân" MinimapName="Ngũ Độc" VisibleOnMinimap="1" Title="Đệ tử tiếp dẫn Ngũ Độc" X="5627" Y="1534" Dir="6" ScriptID="53"/>
	<NPC Code="3531" Name="Tô Nhã" MinimapName="Thúy Yên" VisibleOnMinimap="1" Title="Đệ tử tiếp dẫn Thúy Yên" X="5715" Y="723" Dir="4" ScriptID="56"/>
	<NPC Code="3543" Name="Tạ Phi Kinh" MinimapName="Thiên Nhẫn" VisibleOnMinimap="1" Title="Đệ tử tiếp dẫn Thiên Nhẫn" X="4530" Y="1102" Dir="4" ScriptID="57"/>
	<NPC Code="3555" Name="Quy Kinh Tinh" MinimapName="Côn Lôn" VisibleOnMinimap="1" Title="Đệ tử Tiếp Dẫn Côn Lôn" X="4284" Y="1463" Dir="7" ScriptID="58"/>
	
	<NPC Code="3568" Name="Trương Tùng Đào" MinimapName="Da" VisibleOnMinimap="1" Title="Chủ Tiệm Da" X="5110" Y="2730" Dir="7" ScriptID="22"/>
	<NPC Code="6783" Name="Tạ Hiền" MinimapName="Tiền Trang" VisibleOnMinimap="1" Title="Chủ Tiền Trang" X="5510" Y="2730" Dir="1" ScriptID="14" />
	<NPC Code="6786" Name="Bạch Thu Lâm" MinimapName="" VisibleOnMinimap="1" Title="Thủ Lĩnh Nghĩa Quân" X="4790" Y="3830" Dir="1" ScriptID="0"/>
	<NPC Code="6781" Name="Bất Động Tiên Sinh" MinimapName="Tạp Hóa" VisibleOnMinimap="1" Title="Chủ Tiệm Tạp Hóa" X="4170" Y="3670" Dir="7" ScriptID="28"/>
	<NPC Code="3569" Name="Mộc Lương" MinimapName="Gỗ" VisibleOnMinimap="1" Title="Chủ Tiệm Gỗ" X="3730" Y="3310" Dir="7" ScriptID="23" />
	<NPC Code="6780" Name="Trương Trảm Kinh" MinimapName="Thuốc" VisibleOnMinimap="1" Title="Chủ Tiệm Thuốc" X="4751" Y="4540" Dir="7" ScriptID="27"/>
	<NPC Code="6779" Name="Hách Phiêu Tịnh" MinimapName="Trang Sức" VisibleOnMinimap="1" Title="Chủ Tiệm Trang Sức" X="4973" Y="4681" Dir="1" ScriptID="26"/>
	<NPC Code="6778" Name="Thẩm Hà Diệp" MinimapName="Phòng Cụ" VisibleOnMinimap="1" Title="Chủ Tiệm Phòng Cụ" X="5290" Y="4515" Dir="1" ScriptID="25"/>
	<NPC Code="6777" Name="Điềm Tửu Thúc" MinimapName="Binh Khí" VisibleOnMinimap="1" Title="Chủ Tiệm Binh Khí" X="6070" Y="4143" Dir="7"  ScriptID="29" />
	<NPC Code="2711" Name="Quan Quân Nhu (nghĩa quân)" MinimapName="" VisibleOnMinimap="1" Title="" X="7430" Y="3930" Dir="1" ScriptID="17" />
	<NPC Code="3573" Name="Bao Vạn Đồng" MinimapName="" VisibleOnMinimap="1" Title="" X="7290" Y="4010" Dir="1" ScriptID="3"/>
	<NPC Code="3574" Name="Dã Luyện Đại Sư" MinimapName="" VisibleOnMinimap="1" Title="" X="4870" Y="5550" Dir="7" ScriptID="33" />
	<NPC Code="2963" Name="Thương Nhân Đặc Sản" MinimapName="" VisibleOnMinimap="1" Title="" X="3710" Y="5090" Dir="1" ScriptID="31"/>
	<NPC Code="6782" Name="Đại Lão Bạch" MinimapName="Tửu Lầu" VisibleOnMinimap="1" Title="Chủ Tửu Lầu" X="7255" Y="3364" Dir="7"  ScriptID="24"/>
	<NPC Code="3698" Name="Xa Phu" 	MinimapName="" VisibleOnMinimap="1" Title="" X="3390" Y="5630" Dir="1" ScriptID="13" />	
	
	<NPC Code="3571" Name="Long Ngũ Thái Gia" MinimapName="Long Ngũ Thái Gia" VisibleOnMinimap="1" Title="Nguyên Lão Nghĩa Quân" X="6750" Y="2950" Dir="7"  ScriptID="148"/>	
	<NPC Code="3601" Name="Cổ Phong Hà" MinimapName="Sứ giả hoạt động" VisibleOnMinimap="1" Title="Sứ giả hoạt động" X="6230" Y="3550" Dir="1" ScriptID="151"/>
	<NPC Code="2599" Name="Trâu Đức Khoái" MinimapName="Thủ Khố" VisibleOnMinimap="1" Title="ThủKhố" X="5390" Y="3850" Dir="7" ScriptID="12" />
	<NPC Code="2601" Name="Lễ Quan" MinimapName="" VisibleOnMinimap="1" Title="" X="3570" Y="4210" Dir="1" ScriptID="149"/>
	<NPC Code="2599" Name="Trâu Đức Khoái" MinimapName="Thủ Khố" VisibleOnMinimap="1" Title="ThủKhố" X="2570" Y="5750" Dir="7" ScriptID="12" />
	<NPC Code="3642" Name="Tần Oa" MinimapName="Tần Oa" VisibleOnMinimap="1" Title="Trại chủ Tịch Mịch Hoạch Thủy Trại" X="8950" Y="3250" Dir="3" ScriptID="157" />
	<NPC Code="3578" Name="Rương cũ nát" MinimapName="" VisibleOnMinimap="1" Title="" X="6015" Y="2869" Dir="1" ScriptID="157"/>
	
<!--	<NPC Code="3699" Name="Mã Vân" MinimapName="" VisibleOnMinimap="1" Title="Gia Tộc Chiêu Mộ Sứ" X="6580" Y="4614" Dir="1" ScriptID="201"/> -->
  </NPCs>
</Map>