﻿<?xml version="1.0" encoding="utf-8"?>
<Map>
	<Teleports>
		<Teleport Code="1" Tip="Tương Dương Phủ" Key="1" To="25" ToX="2990" ToY="2130" X="3010" Y="6290" Radius="100" />
		<Teleport Code="2" Tip="Vũ Lăng Sơn [cấp 95]" Key="2" To="121" ToX="7741" ToY="1158" X="570" Y="4610" Radius="100" />
		<Teleport Code="3" Tip="Nhạc Dương Lâu [cấp 15]" Key="3" To="45" ToX="1631" ToY="1205" X="9790" Y="4070" Radius="100" />
		<Teleport Code="4" Tip="Bờ Hồ Động Đình [cấp 5]" Key="4" To="37" ToX="3704" ToY="8070" X="9150" Y="1410" Radius="100" />
		<Teleport Code="5" Tip="Minh Giáo" Key="5" To="224" ToX="1252" ToY="864" X="8010" Y="1210" Radius="100" />
		<Teleport Code="6" Tip="Thiên Vương Bang" Key="6" To="22" ToX="1550" ToY="761" X="3210" Y="2445" Radius="100" />
		
	</Teleports>
</Map>