<?xml version="1.0" encoding="utf-8"?>
<BossModel xmlns:xsi="http://www.w3.org/2001/XMLSchema-instance" xmlns:xsd="http://www.w3.org/2001/XMLSchema">
  <TotalBoss>
  <!-- boss 95 -->
    <!-- <RespanBoss BossID="2934" BossName="Nhu Tiểu Thúy[Kim 95]" BossLevel="95" TimePoint="12:35|18:35|22:35"> -->
      <!-- <ListMap MapName="Sắc Lặc Xuyên" MapCode="114" PosX="1030" PosY="6520" /> -->
      <!-- <ListMap MapName="Hoa Sơn" MapCode="116" PosX="1435" PosY="4281" /> -->
      <!-- <ListMap MapName="Miêu Lĩnh" MapCode="119" PosX="3129" PosY="5933" /> -->
      <!-- <ListMap MapName="Thục Cương Bí Cảnh" MapCode="117" PosX="2615" PosY="6294" /> -->
      <!-- <ListMap MapName="Vũ Lăng Sơn" MapCode="121" PosX="1087" PosY="3714" /> -->
    <!-- </RespanBoss> -->
    <!-- <RespanBoss BossID="2935" BossName="Trương Thiện Đức[Mộc 95]" BossLevel="95" TimePoint="12:35|18:35|22:35"> -->
      <!-- <ListMap MapName="Sắc Lặc Xuyên" MapCode="114" PosX="8212" PosY="5758" /> -->
      <!-- <ListMap MapName="Thục Cương Bí Cảnh" MapCode="117" PosX="797" PosY="1177" /> -->
      <!-- <ListMap MapName="Hoa Sơn" MapCode="116" PosX="807" PosY="1306" /> -->
      <!-- <ListMap MapName="Gia Dụ Quan" MapCode="115" PosX="8761" PosY="959" /> -->
      <!-- <ListMap MapName="Miêu Lĩnh" MapCode="119" PosX="6761" PosY="819" /> -->
    <!-- </RespanBoss> -->
    <!-- <RespanBoss BossID="2936" BossName="Giả Dật Sơn[Thủy 95]" BossLevel="95" TimePoint="12:35|18:35|22:35"> -->
      <!-- <ListMap MapName="Vũ Lăng Sơn" MapCode="121" PosX="8816" PosY="897" /> -->
      <!-- <ListMap MapName="Thục Cương Bí Cảnh" MapCode="117" PosX="6040" PosY="5298" /> -->
      <!-- <ListMap MapName="Miêu Lĩnh" MapCode="119" PosX="9527" PosY="5013" /> -->
      <!-- <ListMap MapName="Phong Đô Quỷ Thành" MapCode="118" PosX="2035" PosY="6697" /> -->
      <!-- <ListMap MapName="Vũ Di Sơn" MapCode="120" PosX="11717" PosY="2580" /> -->
      <!-- <ListMap MapName="Sắc Lặc Xuyên" MapCode="114" PosX="8763" PosY="1619" /> -->
    <!-- </RespanBoss> -->
    <!-- <RespanBoss BossID="2937" BossName="Ô Sơn Thanh[Hỏa 95]" BossLevel="95" TimePoint="12:35|18:35|22:35"> -->
      <!-- <ListMap MapName="Vũ Lăng Sơn" MapCode="121" PosX="3351" PosY="1203" /> -->
      <!-- <ListMap MapName="Vũ Di Sơn" MapCode="120" PosX="4122" PosY="8037" /> -->
      <!-- <ListMap MapName="Phong Đô Quỷ Thành" MapCode="118" PosX="4325" PosY="1131" /> -->
      <!-- <ListMap MapName="Hoa Sơn" MapCode="116" PosX="7837" PosY="4142" /> -->
      <!-- <ListMap MapName="Gia Dụ Quan" MapCode="115" PosX="879" PosY="4234" /> -->
    <!-- </RespanBoss> -->
    <!-- <RespanBoss BossID="2938" BossName="Trần Vô Mệnh[Thổ 95]" BossLevel="95" TimePoint="12:35|18:35|22:35"> -->
      <!-- <ListMap MapName="Gia Dụ Quan" MapCode="115" PosX="8275" PosY="6546" /> -->
      <!-- <ListMap MapName="Hoa Sơn" MapCode="116" PosX="5452" PosY="7595" /> -->
      <!-- <ListMap MapName="Phong Đô Quỷ Thành" MapCode="118" PosX="6254" PosY="5588" /> -->
      <!-- <ListMap MapName="Vũ Di Sơn" MapCode="120" PosX="3384" PosY="796" /> -->
      <!-- <ListMap MapName="Vũ Lăng Sơn" MapCode="121" PosX="3547" PosY="7135" /> -->
    <!-- </RespanBoss> -->
	<!-- Boss LSV -->
    <!-- <RespanBoss BossID="2421" BossName="Nhu Tiểu Thúy[Kim 95]" BossLevel="95" TimePoint="00:30|06:30|10:30|14:30|20:30"> -->
      <!-- <ListMap MapName="Hiệp Đạo Liên Sever" MapCode="126" PosX="3222" PosY="2185" /> -->
    <!-- </RespanBoss> -->
    <!-- <RespanBoss BossID="2422" BossName="Trương Thiện Đức[Mộc 95]" BossLevel="95" TimePoint="00:30|06:30|10:30|14:30|20:30"> -->
      <!-- <ListMap MapName="Hiệp Đạo Liên Sever" MapCode="126" PosX="3041" PosY="6161" /> -->
    <!-- </RespanBoss> -->
    <!-- <RespanBoss BossID="2423" BossName="Giả Dật Sơn[Thủy 95]" BossLevel="95" TimePoint="00:30|06:30|10:30|14:30|20:30"> -->
      <!-- <ListMap MapName="Hiệp Đạo Liên Sever" MapCode="126" PosX="5334" PosY="2117" /> -->
    <!-- </RespanBoss> -->
    <!-- <RespanBoss BossID="2424" BossName="Ô Sơn Thanh[Hỏa 95]" BossLevel="95" TimePoint="00:30|06:30|10:30|14:30|20:30"> -->
      <!-- <ListMap MapName="Hiệp Đạo Liên Sever" MapCode="126" PosX="9178" PosY="5793" /> -->
    <!-- </RespanBoss> -->
    <!-- <RespanBoss BossID="2425" BossName="Trần Vô Mệnh[Thổ 95]" BossLevel="95" TimePoint="00:30|06:30|10:30|14:30|20:30"> -->
      <!-- <ListMap MapName="Hiệp Đạo Liên Sever" MapCode="126" PosX="12673" PosY="4976" /> -->
    <!-- </RespanBoss> -->
	<!-- Boss 75 -->
    <RespanBoss BossID="2978" BossName="Thần Thương Phương Vãn[Kim 75]" BossLevel="75" TimePoint="12:32|18:32|22:32">
      <ListMap MapName="Hoàng Lăng Đoàn Thị" MapCode="105" PosX="11411" PosY="3172" />
      <ListMap MapName="Hoàng Lăng Đoàn Thị" MapCode="105" PosX="8239" PosY="785" />
      <ListMap MapName="Hoàng Lăng Đoàn Thị" MapCode="105" PosX="3294" PosY="3861" />
      <ListMap MapName="Hoàng Lăng Đoàn Thị" MapCode="105" PosX="7437" PosY="6989" />
      <ListMap MapName="Phong Lăng Độ" MapCode="100" PosX="5345" PosY="3712" />
      <ListMap MapName="Mê Cung Sa Mạc" MapCode="101" PosX="2351" PosY="7960" />
    </RespanBoss>
    <RespanBoss BossID="2979" BossName="Triệu Ứng Tiên[Mộc 75]" BossLevel="75" TimePoint="12:32|18:32|22:32">
      <ListMap MapName="Phong Lăng Độ" MapCode="100" PosX="2375" PosY="2893" />
      <ListMap MapName="Phong Lăng Độ" MapCode="100" PosX="7725" PosY="4269" />
      <ListMap MapName="Cửu Nghi Khê" MapCode="106" PosX="1563" PosY="5835" />
      <ListMap MapName="Mê Cung Sa Mạc" MapCode="101" PosX="7967" PosY="1280" />
      <ListMap MapName="Mê Cung Sa Mạc" MapCode="101" PosX="1143" PosY="1664" />
      <ListMap MapName="Mê Cung Sa Mạc" MapCode="101" PosX="3694" PosY="2195" />
      <ListMap MapName="Mê Cung Sa Mạc" MapCode="101" PosX="4535" PosY="692" />
    </RespanBoss>
    <RespanBoss BossID="2980" BossName="Hương Ngọc Tiên[Thủy 75]" BossLevel="75" TimePoint="12:32|18:32|22:32">
      <ListMap MapName="Phong Lăng Độ" MapCode="100" PosX="1441" PosY="1195" />
      <ListMap MapName="Phong Lăng Độ" MapCode="100" PosX="6347" PosY="1285" />
      <ListMap MapName="Kiếm Các Thục Đạo" MapCode="104" PosX="2051" PosY="1938" />
      <ListMap MapName="Kiếm Các Thục Đạo" MapCode="104" PosX="2004" PosY="4767" />
      <ListMap MapName="Cửu Nghi Khê" MapCode="106" PosX="5698" PosY="878" />
      <ListMap MapName="Cửu Nghi Khê" MapCode="106" PosX="8027" PosY="2025" />
      <ListMap MapName="Cửu Nghi Khê" MapCode="106" PosX="9346" PosY="4064" />
    </RespanBoss>
    <RespanBoss BossID="2981" BossName="Man Tăng Bất Giới Hòa Thượng[Hỏa 75]" BossLevel="75" TimePoint="12:32|18:32|22:32">
      <ListMap MapName="Kiếm Các Thục Đạo" MapCode="104" PosX="6827" PosY="1451" />
      <ListMap MapName="Kiếm Các Thục Đạo" MapCode="104" PosX="6773" PosY="3082" />
      <ListMap MapName="Cửu Nghi Khê" MapCode="106" PosX="8866" PosY="8559" />
      <ListMap MapName="Cửu Nghi Khê" MapCode="106" PosX="5276" PosY="8518" />
      <ListMap MapName="Thục Cương Sơn" MapCode="103" PosX="2087" PosY="901" />
      <ListMap MapName="Thục Cương Sơn" MapCode="103" PosX="5543" PosY="741" />
      <ListMap MapName="Thục Cương Sơn" MapCode="103" PosX="5046" PosY="1828" />
      <ListMap MapName="Thục Cương Sơn" MapCode="103" PosX="1320" PosY="2931" />
    </RespanBoss>
    <RespanBoss BossID="2982" BossName="Nam Quách Nho[Thổ 75]" BossLevel="75" TimePoint="12:32|18:32|22:32">
      <ListMap MapName="Hoàng Lăng Đoàn Thị" MapCode="105" PosX="11985" PosY="5666" />
      <ListMap MapName="Kiếm Các Thục Đạo" MapCode="104" PosX="9510" PosY="5173" />
      <ListMap MapName="Kê Quán Động" MapCode="102" PosX="2620" PosY="2094" />
      <ListMap MapName="Kê Quán Động" MapCode="102" PosX="3588" PosY="950" />
      <ListMap MapName="Kê Quán Động" MapCode="102" PosX="8716" PosY="3722" />
      <ListMap MapName="Kê Quán Động" MapCode="102" PosX="5112" PosY="8003" />
      <ListMap MapName="Kê Quán Động" MapCode="102" PosX="2033" PosY="8491" />
    </RespanBoss>
	<!-- Boss 55 -->
    <RespanBoss BossID="2973" BossName="Thác Bạt Sơn Uyên[Kim 55]" BossLevel="55" TimePoint="12:30|18:30|22:30">
      <ListMap MapName="Hoàng Lăng Kim Quốc 3" MapCode="67" PosX="5905" PosY="5393" />
      <ListMap MapName="Hoàng Lăng Kim Quốc 3" MapCode="67" PosX="10352" PosY="4433" />
      <ListMap MapName="Hoàng Lăng Kim Quốc 3" MapCode="67" PosX="11755" PosY="5510" />
      <ListMap MapName="Tây Long Hổ Huyễn Cảnh" MapCode="69" PosX="1527" PosY="6785" />
      <ListMap MapName="Tây Long Hổ Huyễn Cảnh" MapCode="69" PosX="4904" PosY="6686" />
      <ListMap MapName="Tây Long Hổ Huyễn Cảnh" MapCode="69" PosX="1789" PosY="2539" />
      <ListMap MapName="Tây Long Hổ Huyễn Cảnh" MapCode="69" PosX="6501" PosY="1915" />
      <ListMap MapName="Tây Tháp Lâm" MapCode="66" PosX="7402" PosY="1961" />
      <ListMap MapName="Tây Tháp Lâm" MapCode="66" PosX="4809" PosY="1355" />
      <ListMap MapName="Tây Tháp Lâm" MapCode="66" PosX="4623" PosY="4445" />
      <ListMap MapName="Tây Tháp Lâm" MapCode="66" PosX="579" PosY="4779" />
      <ListMap MapName="Tây Tháp Lâm" MapCode="66" PosX="829" PosY="1604" />
    </RespanBoss>
    <RespanBoss BossID="2969" BossName="Vân Tuyết Sơn[Mộc 55]" BossLevel="55" TimePoint="12:30|18:30|22:30">
      <ListMap MapName="Tây Bắc Lư Vĩ Đãng" MapCode="75" PosX="5873" PosY="2058" />
      <ListMap MapName="Tây Bắc Lư Vĩ Đãng" MapCode="75" PosX="4651" PosY="3513" />
      <ListMap MapName="Tây Bắc Lư Vĩ Đãng" MapCode="75" PosX="2702" PosY="5691" />
      <ListMap MapName="Tây Bắc Lư Vĩ Đãng" MapCode="75" PosX="4968" PosY="6325" />
      <ListMap MapName="Tây Bắc Lư Vĩ Đãng" MapCode="75" PosX="6081" PosY="5146" />
      <ListMap MapName="Giữa Yến Tử Ổ" MapCode="70" PosX="4197" PosY="1238" />
      <ListMap MapName="Giữa Yến Tử Ổ" MapCode="70" PosX="962" PosY="5590" />
      <ListMap MapName="Giữa Yến Tử Ổ" MapCode="70" PosX="7402" PosY="954" />
      <ListMap MapName="Giữa Yến Tử Ổ" MapCode="70" PosX="2294" PosY="4169" />
      <ListMap MapName="Giữa Yến Tử Ổ" MapCode="70" PosX="7216" PosY="5101" />
      <ListMap MapName="Tây Rừng Nguyên Sinh" MapCode="74" PosX="3739" PosY="1706" />
      <ListMap MapName="Tây Rừng Nguyên Sinh" MapCode="74" PosX="4352" PosY="2762" />
      <ListMap MapName="Tây Rừng Nguyên Sinh" MapCode="74" PosX="3144" PosY="5396" />
    </RespanBoss>
    <RespanBoss BossID="2974" BossName="Dương Liễu[Thủy 55]" BossLevel="55" TimePoint="12:30|18:30|22:30">
      <ListMap MapName="Hoàng Lăng Kim Quốc 3" MapCode="67" PosX="11772" PosY="3390" />
      <ListMap MapName="Hoàng Lăng Kim Quốc 3" MapCode="67" PosX="15612" PosY="4449" />
      <ListMap MapName="Tây Long Hổ Huyễn Cảnh" MapCode="69" PosX="3337" PosY="6869" />
      <ListMap MapName="Tây Long Hổ Huyễn Cảnh" MapCode="69" PosX="1638" PosY="5061" />
      <ListMap MapName="Tây Long Hổ Huyễn Cảnh" MapCode="69" PosX="975" PosY="617" />
      <ListMap MapName="Tây Long Hổ Huyễn Cảnh" MapCode="69" PosX="3471" PosY="595" />
      <ListMap MapName="Tây Long Hổ Huyễn Cảnh" MapCode="69" PosX="6749" PosY="3521" />
      <ListMap MapName="Tây Tháp Lâm" MapCode="66" PosX="7458" PosY="1123" />
      <ListMap MapName="Tây Tháp Lâm" MapCode="66" PosX="4222" PosY="767" />
      <ListMap MapName="Tây Tháp Lâm" MapCode="66" PosX="2391" PosY="6730" />
      <ListMap MapName="Tây Tháp Lâm" MapCode="66" PosX="785" PosY="3993" />
      <ListMap MapName="Tây Tháp Lâm" MapCode="66" PosX="840" PosY="580" />
    </RespanBoss>
    <RespanBoss BossID="2971" BossName="Vạn Lão Điên[Hỏa 55]" BossLevel="55" TimePoint="12:30|18:30|22:30">
      <ListMap MapName="Trong Bách Hoa Trận" MapCode="72" PosX="8030" PosY="2030" />
      <ListMap MapName="Trong Bách Hoa Trận" MapCode="72" PosX="7771" PosY="4087" />
      <ListMap MapName="Trong Bách Hoa Trận" MapCode="72" PosX="5559" PosY="7472" />
      <ListMap MapName="Trong Bách Hoa Trận" MapCode="72" PosX="1174" PosY="6322" />
      <ListMap MapName="Trong Bách Hoa Trận" MapCode="72" PosX="775" PosY="2009" />
      <ListMap MapName="Tây Bờ Hồ Trúc Lâm" MapCode="73" PosX="7143" PosY="3617" />
      <ListMap MapName="Tây Bờ Hồ Trúc Lâm" MapCode="73" PosX="6938" PosY="7414" />
      <ListMap MapName="Tây Bờ Hồ Trúc Lâm" MapCode="73" PosX="1693" PosY="7129" />
      <ListMap MapName="Tây Bờ Hồ Trúc Lâm" MapCode="73" PosX="981" PosY="4053" />
      <ListMap MapName="Tây Bờ Hồ Trúc Lâm" MapCode="73" PosX="1210" PosY="616" />
      <ListMap MapName="Cửu Lão Động 3" MapCode="71" PosX="4367" PosY="6969" />
      <ListMap MapName="Cửu Lão Động 3" MapCode="71" PosX="6124" PosY="6748" />
      <ListMap MapName="Cửu Lão Động 3" MapCode="71" PosX="6459" PosY="1350" />
      <ListMap MapName="Cửu Lão Động 3" MapCode="71" PosX="11819" PosY="2566" />
      <ListMap MapName="Cửu Lão Động 3" MapCode="71" PosX="8478" PosY="7518" />
    </RespanBoss>
    <RespanBoss BossID="2972" BossName="Cao Sĩ Hiền[Thổ 55]" BossLevel="55" TimePoint="12:30|18:30|22:30">
      <ListMap MapName="Trong Bách Hoa Trận" MapCode="72" PosX="9382" PosY="3442" />
      <ListMap MapName="Trong Bách Hoa Trận" MapCode="72" PosX="9800" PosY="5601" />
      <ListMap MapName="Trong Bách Hoa Trận" MapCode="72" PosX="2847" PosY="7528" />
      <ListMap MapName="Trong Bách Hoa Trận" MapCode="72" PosX="1237" PosY="4279" />
      <ListMap MapName="Trong Bách Hoa Trận" MapCode="72" PosX="3280" PosY="1487" />
      <ListMap MapName="Tây Bờ Hồ Trúc Lâm" MapCode="73" PosX="4675" PosY="6038" />
      <ListMap MapName="Tây Bờ Hồ Trúc Lâm" MapCode="73" PosX="3689" PosY="7256" />
      <ListMap MapName="Tây Bờ Hồ Trúc Lâm" MapCode="73" PosX="3112" PosY="5612" />
      <ListMap MapName="Tây Bờ Hồ Trúc Lâm" MapCode="73" PosX="1216" PosY="2376" />
      <ListMap MapName="Tây Bờ Hồ Trúc Lâm" MapCode="73" PosX="3719" PosY="1230" />
      <ListMap MapName="Cửu Lão Động 3" MapCode="71" PosX="1559" PosY="4749" />
      <ListMap MapName="Cửu Lão Động 3" MapCode="71" PosX="4418" PosY="3337" />
      <ListMap MapName="Cửu Lão Động 3" MapCode="71" PosX="8387" PosY="1436" />
      <ListMap MapName="Cửu Lão Động 3" MapCode="71" PosX="10124" PosY="4445" />
      <ListMap MapName="Cửu Lão Động 3" MapCode="71" PosX="10214" PosY="5500" />
    </RespanBoss>
    <RespanBoss BossID="2970" BossName="Hình Bổ Đầu[Thổ 55]" BossLevel="55" TimePoint="12:30|18:30|22:30">
      <ListMap MapName="Tây Bắc Lư Vĩ Đãng" MapCode="75" PosX="7256" PosY="1469" />
      <ListMap MapName="Tây Bắc Lư Vĩ Đãng" MapCode="75" PosX="4061" PosY="1896" />
      <ListMap MapName="Tây Bắc Lư Vĩ Đãng" MapCode="75" PosX="2883" PosY="4447" />
      <ListMap MapName="Tây Bắc Lư Vĩ Đãng" MapCode="75" PosX="4571" PosY="5274" />
      <ListMap MapName="Giữa Yến Tử Ổ" MapCode="70" PosX="1133" PosY="1344" />
      <ListMap MapName="Giữa Yến Tử Ổ" MapCode="70" PosX="4285" PosY="572" />
      <ListMap MapName="Giữa Yến Tử Ổ" MapCode="70" PosX="3529" PosY="4862" />
      <ListMap MapName="Giữa Yến Tử Ổ" MapCode="70" PosX="6701" PosY="3418" />
      <ListMap MapName="Tây Rừng Nguyên Sinh" MapCode="74" PosX="910" PosY="2402" />
      <ListMap MapName="Tây Rừng Nguyên Sinh" MapCode="74" PosX="7888" PosY="931" />
      <ListMap MapName="Tây Rừng Nguyên Sinh" MapCode="74" PosX="5208" PosY="5662" />
    </RespanBoss>
  </TotalBoss>
</BossModel>