<?xml version="1.0" encoding="UTF-8"?>
<!-- edited with XMLSpy v2007 sp1 (http://www.altova.com) by liukuo (EMBRACE) -->
<repute>
	<camp id="1" name="Nhiệm vụ">
		<class id="1" name="Nghĩa Quân" default_level="1" daily_limit="0">
			<level id="1" name="Trung lập" level_up="100" require_level="0"/>
			<level id="2" name="Hữu nghị" level_up="200" require_level="0"/>
			<level id="3" name="Thân mật" level_up="300" require_level="0"/>
			<level id="4" name="Kính trọng" level_up="600" require_level="0"/>
			<level id="5" name="Tôn kính" level_up="900" require_level="0"/>
			<level id="6" name="Khâm phục" level_up="1500" require_level="0"/>
			<level id="7" name="Hiển hách" level_up="2400" require_level="0"/>
			<level id="8" name="Sùng kính" level_up="4800" require_level="0"/>
			<level id="9" name="Sùng bái" level_up="9600" require_level="0"/>
			<level id="10" name="Truyền thuyết" level_up="0" require_level="0"/>
		</class>
		<class id="2" name="Quân doanh" default_level="1" daily_limit="0">
			<level id="1" name="Trung lập" level_up="3060" require_level="0"/>
			<level id="2" name="Hữu nghị" level_up="6900" require_level="0"/>
			<level id="3" name="Thân mật" level_up="13020" require_level="0"/>
			<level id="4" name="Kính trọng" level_up="30400" require_level="0"/>
			<level id="5" name="Tôn kính" level_up="70190" require_level="0"/>
			<level id="6" name="Khâm phục" level_up="144260" require_level="0"/>
			<level id="7" name="Hiển hách" level_up="0" require_level="0"/>
		</class>
		<class id="3" name="Học Tạo Đồ" default_level="1" daily_limit="2100">
			<level id="1" name="Vô vi" level_up="800" require_level="0"/>
			<level id="2" name="Bình thường" level_up="2400" require_level="0"/>
			<level id="3" name="Ưu việt" level_up="4000" require_level="0"/>
			<level id="4" name="Ngưỡng mộ" level_up="5600" require_level="0"/>
			<level id="5" name="Hiển hách" level_up="7200" require_level="0"/>
			<level id="6" name="Truyền thuyết" level_up="0" require_level="0"/>
		</class>
	</camp>
	<camp id="2" name="Tống Kim">
		<class id="1" name="Dương Châu" default_level="1" daily_limit="0">
			<level id="1" name="Vô vi" level_up="600" require_level="0"/>
			<level id="2" name="Bình thường" level_up="900" require_level="0"/>
			<level id="3" name="Ưu việt" level_up="1500" require_level="0"/>
			<level id="4" name="Ngưỡng mộ" level_up="2400" require_level="0"/>
			<level id="5" name="Hiển hách" level_up="4800" require_level="0"/>
			<level id="6" name="Truyền thuyết" level_up="0" require_level="0"/>
		</class>
		<class id="2" name="Phượng Tường" default_level="1" daily_limit="0">
			<level id="1" name="Vô vi" level_up="2400" require_level="0"/>
			<level id="2" name="Bình thường" level_up="4800" require_level="0"/>
			<level id="3" name="Ưu việt" level_up="9600" require_level="0"/>
			<level id="4" name="Ngưỡng mộ" level_up="15000" require_level="0"/>
			<level id="5" name="Hiển hách" level_up="24000" require_level="0"/>
			<level id="6" name="Truyền thuyết" level_up="0" require_level="0"/>
		</class>
		<class id="3" name="Tương Dương" default_level="1" daily_limit="0">
			<level id="1" name="Vô vi" level_up="2400" require_level="0"/>
			<level id="2" name="Bình thường" level_up="4800" require_level="0"/>
			<level id="3" name="Ưu việt" level_up="9600" require_level="0"/>
			<level id="4" name="Ngưỡng mộ" level_up="15000" require_level="0"/>
			<level id="5" name="Hiển hách" level_up="24000" require_level="0"/>
			<level id="6" name="Truyền thuyết" level_up="0" require_level="0"/>
		</class>
	</camp>
	<camp id="3" name="Phái">
		<class id="1" name="Thiếu Lâm" default_level="1" daily_limit="0">
			<level id="1" name="Hữu nghị" level_up="200" require_level="0"/>
			<level id="2" name="Thân mật" level_up="300" require_level="0"/>
			<level id="3" name="Kính trọng" level_up="400" require_level="0"/>
			<level id="4" name="Tôn kính" level_up="600" require_level="0"/>
			<level id="5" name="Khâm phục" level_up="900" require_level="0"/>
			<level id="6" name="Hiển hách" level_up="1500"/>
			<level id="7" name="Sùng kính" level_up="3000"/>
			<level id="8" name="Sùng bái" level_up="6000"/>
			<level id="9" name="Truyền thuyết" level_up="0" require_level="0"/>
		</class>
		<class id="2" name="Thiên Vương" default_level="1" daily_limit="0">
			<level id="1" name="Hữu nghị" level_up="200" require_level="0"/>
			<level id="2" name="Thân mật" level_up="300" require_level="0"/>
			<level id="3" name="Kính trọng" level_up="400" require_level="0"/>
			<level id="4" name="Tôn kính" level_up="600" require_level="0"/>
			<level id="5" name="Khâm phục" level_up="900" require_level="0"/>
			<level id="6" name="Hiển hách" level_up="1500"/>
			<level id="7" name="Sùng kính" level_up="3000"/>
			<level id="8" name="Sùng bái" level_up="6000"/>
			<level id="9" name="Truyền thuyết" level_up="0" require_level="0"/>
		</class>
		<class id="3" name="Đường Môn" default_level="1" daily_limit="0">
			<level id="1" name="Hữu nghị" level_up="200" require_level="0"/>
			<level id="2" name="Thân mật" level_up="300" require_level="0"/>
			<level id="3" name="Kính trọng" level_up="400" require_level="0"/>
			<level id="4" name="Tôn kính" level_up="600" require_level="0"/>
			<level id="5" name="Khâm phục" level_up="900" require_level="0"/>
			<level id="6" name="Hiển hách" level_up="1500"/>
			<level id="7" name="Sùng kính" level_up="3000"/>
			<level id="8" name="Sùng bái" level_up="6000"/>
			<level id="9" name="Truyền thuyết" level_up="0" require_level="0"/>
		</class>
		<class id="4" name="Ngũ Độc" default_level="1" daily_limit="0">
			<level id="1" name="Hữu nghị" level_up="200" require_level="0"/>
			<level id="2" name="Thân mật" level_up="300" require_level="0"/>
			<level id="3" name="Kính trọng" level_up="400" require_level="0"/>
			<level id="4" name="Tôn kính" level_up="600" require_level="0"/>
			<level id="5" name="Khâm phục" level_up="900" require_level="0"/>
			<level id="6" name="Hiển hách" level_up="1500"/>
			<level id="7" name="Sùng kính" level_up="3000"/>
			<level id="8" name="Sùng bái" level_up="6000"/>
			<level id="9" name="Truyền thuyết" level_up="0" require_level="0"/>
		</class>
		<class id="5" name="Nga My" default_level="1" daily_limit="0">
			<level id="1" name="Hữu nghị" level_up="200" require_level="0"/>
			<level id="2" name="Thân mật" level_up="300" require_level="0"/>
			<level id="3" name="Kính trọng" level_up="400" require_level="0"/>
			<level id="4" name="Tôn kính" level_up="600" require_level="0"/>
			<level id="5" name="Khâm phục" level_up="900" require_level="0"/>
			<level id="6" name="Hiển hách" level_up="1500"/>
			<level id="7" name="Sùng kính" level_up="3000"/>
			<level id="8" name="Sùng bái" level_up="6000"/>
			<level id="9" name="Truyền thuyết" level_up="0" require_level="0"/>
		</class>
		<class id="6" name="Thúy Yên" default_level="1" daily_limit="0">
			<level id="1" name="Hữu nghị" level_up="200" require_level="0"/>
			<level id="2" name="Thân mật" level_up="300" require_level="0"/>
			<level id="3" name="Kính trọng" level_up="400" require_level="0"/>
			<level id="4" name="Tôn kính" level_up="600" require_level="0"/>
			<level id="5" name="Khâm phục" level_up="900" require_level="0"/>
			<level id="6" name="Hiển hách" level_up="1500"/>
			<level id="7" name="Sùng kính" level_up="3000"/>
			<level id="8" name="Sùng bái" level_up="6000"/>
			<level id="9" name="Truyền thuyết" level_up="0" require_level="0"/>
		</class>
		<class id="7" name="Cái Bang" default_level="1" daily_limit="0">
			<level id="1" name="Hữu nghị" level_up="200" require_level="0"/>
			<level id="2" name="Thân mật" level_up="300" require_level="0"/>
			<level id="3" name="Kính trọng" level_up="400" require_level="0"/>
			<level id="4" name="Tôn kính" level_up="600" require_level="0"/>
			<level id="5" name="Khâm phục" level_up="900" require_level="0"/>
			<level id="6" name="Hiển hách" level_up="1500"/>
			<level id="7" name="Sùng kính" level_up="3000"/>
			<level id="8" name="Sùng bái" level_up="6000"/>
			<level id="9" name="Truyền thuyết" level_up="0" require_level="0"/>
		</class>
		<class id="8" name="Thiên Nhẫn" default_level="1" daily_limit="0">
			<level id="1" name="Hữu nghị" level_up="200" require_level="0"/>
			<level id="2" name="Thân mật" level_up="300" require_level="0"/>
			<level id="3" name="Kính trọng" level_up="400" require_level="0"/>
			<level id="4" name="Tôn kính" level_up="600" require_level="0"/>
			<level id="5" name="Khâm phục" level_up="900" require_level="0"/>
			<level id="6" name="Hiển hách" level_up="1500"/>
			<level id="7" name="Sùng kính" level_up="3000"/>
			<level id="8" name="Sùng bái" level_up="6000"/>
			<level id="9" name="Truyền thuyết" level_up="0" require_level="0"/>
		</class>
		<class id="9" name="Võ Đang" default_level="1" daily_limit="0">
			<level id="1" name="Hữu nghị" level_up="200" require_level="0"/>
			<level id="2" name="Thân mật" level_up="300" require_level="0"/>
			<level id="3" name="Kính trọng" level_up="400" require_level="0"/>
			<level id="4" name="Tôn kính" level_up="600" require_level="0"/>
			<level id="5" name="Khâm phục" level_up="900" require_level="0"/>
			<level id="6" name="Hiển hách" level_up="1500"/>
			<level id="7" name="Sùng kính" level_up="3000"/>
			<level id="8" name="Sùng bái" level_up="6000"/>
			<level id="9" name="Truyền thuyết" level_up="0" require_level="0"/>
		</class>
		<class id="10" name="Côn Lôn" default_level="1" daily_limit="0">
			<level id="1" name="Hữu nghị" level_up="200" require_level="0"/>
			<level id="2" name="Thân mật" level_up="300" require_level="0"/>
			<level id="3" name="Kính trọng" level_up="400" require_level="0"/>
			<level id="4" name="Tôn kính" level_up="600" require_level="0"/>
			<level id="5" name="Khâm phục" level_up="900" require_level="0"/>
			<level id="6" name="Hiển hách" level_up="1500"/>
			<level id="7" name="Sùng kính" level_up="3000"/>
			<level id="8" name="Sùng bái" level_up="6000"/>
			<level id="9" name="Truyền thuyết" level_up="0" require_level="0"/>
		</class>
		<class id="11" name="Minh Giáo" default_level="1" daily_limit="0">
			<level id="1" name="Hữu nghị" level_up="200" require_level="0"/>
			<level id="2" name="Thân mật" level_up="300" require_level="0"/>
			<level id="3" name="Kính trọng" level_up="400" require_level="0"/>
			<level id="4" name="Tôn kính" level_up="600" require_level="0"/>
			<level id="5" name="Khâm phục" level_up="900" require_level="0"/>
			<level id="6" name="Hiển hách" level_up="1500"/>
			<level id="7" name="Sùng kính" level_up="3000"/>
			<level id="8" name="Sùng bái" level_up="6000"/>
			<level id="9" name="Truyền thuyết" level_up="0" require_level="0"/>
		</class>
		<class id="12" name="Đại Lý Đoàn Thị" default_level="1" daily_limit="0">
			<level id="1" name="Hữu nghị" level_up="200" require_level="0"/>
			<level id="2" name="Thân mật" level_up="300" require_level="0"/>
			<level id="3" name="Kính trọng" level_up="400" require_level="0"/>
			<level id="4" name="Tôn kính" level_up="600" require_level="0"/>
			<level id="5" name="Khâm phục" level_up="900" require_level="0"/>
			<level id="6" name="Hiển hách" level_up="1500"/>
			<level id="7" name="Sùng kính" level_up="3000"/>
			<level id="8" name="Sùng bái" level_up="6000"/>
			<level id="9" name="Truyền thuyết" level_up="0" require_level="0"/>
		</class>
	</camp>
	<camp id="4" name="Tộc">
		<class id="1" name="Ải gia tộc" default_level="1" daily_limit="0">
			<level id="1" name="Hữu nghị" level_up="200" require_level="0"/>
			<level id="2" name="Thân mật" level_up="300" require_level="0"/>
			<level id="3" name="Kính trọng" level_up="400" require_level="0"/>
			<level id="4" name="Tôn kính" level_up="600" require_level="0"/>
			<level id="5" name="Khâm phục" level_up="900" require_level="0"/>
			<level id="6" name="Hiển hách" level_up="1500" require_level="0"/>
			<level id="7" name="Sùng kính" level_up="3000" require_level="0"/>
			<level id="8" name="Sùng bái" level_up="6000" require_level="0"/>
			<level id="9" name="Truyền thuyết" level_up="0" require_level="0"/>
		</class>
	</camp>
	<camp id="5" name="Hoạt động">
		<class id="1" name="Bạch Hổ-" default_level="1" daily_limit="0">
			<level id="1" name="Trung lập" level_up="300" require_level="0"/>
			<level id="2" name="Hữu nghị" level_up="600" require_level="0"/>
			<level id="3" name="Thân mật" level_up="900" require_level="0"/>
			<level id="4" name="Kính trọng" level_up="1500" require_level="0"/>
			<level id="5" name="Tôn kính" level_up="2400" require_level="0"/>
			<level id="6" name="Khâm phục" level_up="4800" require_level="0"/>
			<level id="7" name="Hiển hách" level_up="7500" require_level="0"/>
			<level id="8" name="Sùng kính" level_up="12000" require_level="0"/>
			<level id="9" name="Sùng bái" level_up="0" require_level="0"/>
		</class>
		<class id="2" name="Thịnh Hạ 2008" default_level="1" daily_limit="0">
			<level id="1" name="Vô vi" level_up="1000" require_level="0"/>
			<level id="2" name="Hiển hách" level_up="2000" require_level="0"/>
			<level id="3" name="Truyền thuyết" level_up="0" require_level="0"/>
		</class>
		<class id="3" name="Tiêu Dao Cốc" default_level="1" daily_limit="6000">
			<level id="1" name="Hữu nghị" level_up="1500" require_level="0"/>
			<level id="2" name="Thân mật" level_up="3000" require_level="0"/>
			<level id="3" name="Kính trọng" level_up="4500" require_level="0"/>
			<level id="4" name="Khâm phục" level_up="0" require_level="0"/>
		</class>
		<class id="4" name="Chúc phúc" default_level="1" daily_limit="0">
			<level id="1" name="Hữu nghị" level_up="300" require_level="0"/>
			<level id="2" name="Thân mật" level_up="300" require_level="0"/>
			<level id="3" name="Tôn kính" level_up="8000" require_level="0"/>
			<level id="4" name="Hiển hách" level_up="10000" require_level="0"/>
			<level id="5" name="Truyền thuyết" level_up="50000" require_level="0"/>
		</class>
		<class id="5" name="Hoạt động Thịnh Hạ 2010" default_level="1" daily_limit="0">
			<level id="1" name="Vô vi" level_up="5000" require_level="0"/>
			<level id="2" name="Hiển hách" level_up="10000" require_level="0"/>
			<level id="3" name="Truyền thuyết" level_up="0" require_level="0"/>
		</class>
		<class id="6" name="Di tích Hàn Vũ" default_level="1" daily_limit="0">
			<level id="1" name="Trung lập" level_up="3000" require_level="0"/>
			<level id="2" name="Hữu nghị" level_up="6000" require_level="0"/>
			<level id="3" name="Thân mật" level_up="0" require_level="0"/>
		</class>
		<class id="7" name="Mỹ nhân" default_level="1" daily_limit="0" tips="Tích lũy uy tín">
			<level id="1" name="Thân thiện" level_up="10000" require_level="0"/>
			<level id="2" name="Đóng cửa" level_up="0" require_level="0"/>
		</class>
		<class id="8" name="VIP" default_level="1" daily_limit="0" tips="Tích lũy vip">
			<level id="1" name="VIP1" level_up="40" require_level="0"/>
			<level id="2" name="VIP2" level_up="60" require_level="0"/>
			<level id="3" name="VIP3" level_up="100" require_level="0"/>
			<level id="4" name="VIP4" level_up="300" require_level="0"/>
			<level id="5" name="VIP5" level_up="500" require_level="0"/>
			<level id="6" name="VIP6" level_up="1000" require_level="0"/>
			<level id="7" name="VIP7" level_up="2000" require_level="0"/>
			<level id="8" name="VIP8" level_up="3000" require_level="0"/>
			<level id="9" name="VIP9" level_up="3000" require_level="0"/>
			<level id="10" name="VIP10" level_up="0" require_level="0"/>
		</class>
	</camp>
	<camp id="6" name="Khiêu chiến Võ Lâm Cao Thủ">
		<class id="1" name="Cao thủ (kim)" default_level="1" daily_limit="0">
			<level id="1" name="Vô vi" level_up="50" require_level="0"/>
			<level id="2" name="Bình thường" level_up="150" require_level="0"/>
			<level id="3" name="Ưu việt" level_up="400" require_level="0"/>
			<level id="4" name="Ngưỡng mộ" level_up="0" require_level="0"/>
		</class>
		<class id="2" name="Cao thủ (mộc)" default_level="1" daily_limit="0">
			<level id="1" name="Vô vi" level_up="50" require_level="0"/>
			<level id="2" name="Bình thường" level_up="150" require_level="0"/>
			<level id="3" name="Ưu việt" level_up="400" require_level="0"/>
			<level id="4" name="Ngưỡng mộ" level_up="0" require_level="0"/>
		</class>
		<class id="3" name="Cao thủ (thủy)" default_level="1" daily_limit="0">
			<level id="1" name="Vô vi" level_up="50" require_level="0"/>
			<level id="2" name="Bình thường" level_up="150" require_level="0"/>
			<level id="3" name="Ưu việt" level_up="400" require_level="0"/>
			<level id="4" name="Ngưỡng mộ" level_up="0" require_level="0"/>
		</class>
		<class id="4" name="Cao thủ (hỏa)" default_level="1" daily_limit="0">
			<level id="1" name="Vô vi" level_up="50" require_level="0"/>
			<level id="2" name="Bình thường" level_up="150" require_level="0"/>
			<level id="3" name="Ưu việt" level_up="400" require_level="0"/>
			<level id="4" name="Ngưỡng mộ" level_up="0" require_level="0"/>
		</class>
		<class id="5" name="Cao thủ (thổ)" default_level="1" daily_limit="0">
			<level id="1" name="Vô vi" level_up="50" require_level="0"/>
			<level id="2" name="Bình thường" level_up="150" require_level="0"/>
			<level id="3" name="Ưu việt" level_up="400" require_level="0"/>
			<level id="4" name="Ngưỡng mộ" level_up="0" require_level="0"/>
		</class>
	</camp>
	<camp id="7" name="Võ Lâm Liên Đấu">
		<class id="1" name="Võ Lâm Liên Đấu" default_level="1" daily_limit="0">
			<level id="1" name="Vô vi" level_up="3000" require_level="0"/>
			<level id="2" name="Bình thường" level_up="6000" require_level="0"/>
			<level id="3" name="Ưu việt" level_up="10000" require_level="0"/>
			<level id="4" name="Ngưỡng mộ" level_up="75000" require_level="0"/>
			<level id="5" name="Hiển hách" level_up="150000" require_level="0"/>
			<level id="6" name="Truyền thuyết" level_up="0" require_level="0"/>
		</class>
	</camp>
	<camp id="8" name="Lãnh thổ tranh đoạt chiến">
		<class id="1" name="Tranh Đoạt Lãnh Thổ" default_level="1" daily_limit="0">
			<level id="1" name="Vô vi" level_up="1500" require_level="0"/>
			<level id="2" name="Bình thường" level_up="3000" require_level="0"/>
			<level id="3" name="Ưu việt" level_up="4500" require_level="0"/>
			<level id="4" name="Ngưỡng mộ" level_up="35000" require_level="0"/>
			<level id="5" name="Hiển hách" level_up="70000" require_level="0"/>
			<level id="6" name="Truyền thuyết" level_up="0" require_level="0"/>
		</class>
	</camp>
	<camp id="9" name="Tần Lăng">
		<class id="1" name="Tần Lăng-Quan Phủ" default_level="1" daily_limit="0">
			<level id="1" name="Trung lập" level_up="2000" require_level="0"/>
			<level id="2" name="Hữu nghị" level_up="4000" require_level="0"/>
			<level id="3" name="Thân mật" level_up="6000" require_level="0"/>
			<level id="4" name="Khâm phục" level_up="0" require_level="0"/>
		</class>
		<class id="2" name="Tần Lăng-Phát Khâu Môn" default_level="1" daily_limit="0">
			<level id="1" name="Trung lập" level_up="20000" require_level="0"/>
			<level id="2" name="Hữu nghị" level_up="30000" require_level="0"/>
			<level id="3" name="Khâm phục" level_up="0" require_level="0"/>
		</class>
	</camp>
	<camp id="10" name="Đoàn viên dân tộc">
		<class id="1" name="Đoàn viên dân tộc" default_level="1" daily_limit="0">
			<level id="1" name="Trung lập" level_up="500" require_level="0"/>
			<level id="2" name="Hữu nghị" level_up="1000" require_level="0"/>
			<level id="3" name="Thân mật" level_up="0" require_level="0"/>
		</class>
	</camp>
	<camp id="11" name="Đại Hội Võ Lâm">
		<class id="1" name="Đại Hội Võ Lâm" default_level="1" daily_limit="0">
			<level id="1" name="Trung lập" level_up="4800" require_level="0"/>
			<level id="2" name="Hữu nghị" level_up="9600" require_level="0"/>
			<level id="3" name="Thân mật" level_up="0" require_level="0"/>
		</class>
	</camp>
	<camp id="12" name="Liên đấu liên server">
		<class id="1" name="Liên đấu liên server" default_level="1" daily_limit="0">
			<level id="1" name="Trung lập" level_up="4800" require_level="0"/>
			<level id="2" name="Hữu nghị" level_up="9600" require_level="0"/>
			<level id="3" name="Thân mật" level_up="0" require_level="0"/>
		</class>
	</camp>
</repute>
