<?xml version="1.0" encoding="utf-8"?>
<TokenShop xmlns:xsi="http://www.w3.org/2001/XMLSchema-instance" xmlns:xsd="http://www.w3.org/2001/XMLSchema">
	<!-- Tiệm Đồng -->
	<Token>
		<Shop ID="203" />
		<Shop ID="212" />
		<Shop ID="211" />
		 <Shop ID="213" /> 
		<!-- <Shop ID="89" /> -->
	</Token>
	<!-- End -->
	
	<!-- Tiệm Đồng Khóa -->
	<BoundToken>
		<Shop ID="207" />
		<Shop ID="214" />
		<Shop ID="215" />
		<!--Shop ID="210" /> -->
		<!-- <Shop ID="94" /> -->
	</BoundToken>
	<!-- End -->
</TokenShop>