﻿<?xml version="1.0" encoding="utf-8"?>
<Map>
  <Monsters>
      
   <Monster ID="1" Code="2240" X="3444" Y="2134" Radius="300" Num="20" Timeslot="10" PursuitRadius="60" BirthType="0" TimePoints="" BirthRate="1" />
   <Monster ID="2" Code="2240" X="4746" Y="1719" Radius="300" Num="20" Timeslot="10" PursuitRadius="60" BirthType="0" TimePoints="" BirthRate="1" />
   <Monster ID="3" Code="2240" X="2262" Y="1523" Radius="300" Num="20" Timeslot="10" PursuitRadius="60" BirthType="0" TimePoints="" BirthRate="1" />
   <Monster ID="4" Code="2240" X="1135" Y="1346" Radius="300" Num="20" Timeslot="10" PursuitRadius="60" BirthType="0" TimePoints="" BirthRate="1" />
      
   <Monster ID="5" Code="2241" X="2783" Y="5593" Radius="300" Num="20" Timeslot="10" PursuitRadius="60" BirthType="0" TimePoints="" BirthRate="1" />
   <Monster ID="6" Code="2241" X="3372" Y="3748" Radius="300" Num="20" Timeslot="10" PursuitRadius="60" BirthType="0" TimePoints="" BirthRate="1" />
   <Monster ID="7" Code="2241" X="1585" Y="5484" Radius="300" Num="20" Timeslot="10" PursuitRadius="60" BirthType="0" TimePoints="" BirthRate="1" />
   <Monster ID="8" Code="2241" X="5180" Y="5653" Radius="300" Num="20" Timeslot="10" PursuitRadius="60" BirthType="0" TimePoints="" BirthRate="1" />
        
   <Monster ID="9" Code="2079" X="7763" Y="4830" Radius="300" Num="20" Timeslot="10" PursuitRadius="60" BirthType="0" TimePoints="" BirthRate="1" />
   <Monster ID="10" Code="2079" X="9552" Y="6369" Radius="300" Num="20" Timeslot="10" PursuitRadius="60" BirthType="0" TimePoints="" BirthRate="1" />
   <Monster ID="11" Code="2079" X="8396" Y="7371" Radius="300" Num="20" Timeslot="10" PursuitRadius="60" BirthType="0" TimePoints="" BirthRate="1" />
        
   <Monster ID="12" Code="2080" X="6813" Y="3074" Radius="300" Num="20" Timeslot="10" PursuitRadius="60" BirthType="0" TimePoints="" BirthRate="1" />
   <Monster ID="13" Code="2080" X="8933" Y="3880" Radius="300" Num="20" Timeslot="10" PursuitRadius="60" BirthType="0" TimePoints="" BirthRate="1" />
   <Monster ID="14" Code="2080" X="8462" Y="2374" Radius="300" Num="20" Timeslot="10" PursuitRadius="60" BirthType="0" TimePoints="" BirthRate="1" />
   <Monster ID="15" Code="2080" X="2771" Y="4030" Radius="300" Num="20" Timeslot="10" PursuitRadius="60" BirthType="0" TimePoints="" BirthRate="1" />
<!-- NV -->
   <Monster ID="16" Code="517" X="4329" Y="4462" Radius="100" Num="1" Timeslot="20" PursuitRadius="60" BirthType="0" TimePoints="" BirthRate="1" />
   <Monster ID="17" Code="517" X="4178" Y="4403" Radius="100" Num="1" Timeslot="20" PursuitRadius="60" BirthType="0" TimePoints="" BirthRate="1" />
   
   <Monster ID="17" Code="518" X="4049" Y="4498" Radius="100" Num="1" Timeslot="20" PursuitRadius="60" BirthType="0" TimePoints="" BirthRate="1" />
   <Monster ID="17" Code="518" X="3789" Y="4264" Radius="100" Num="1" Timeslot="20" PursuitRadius="60" BirthType="0" TimePoints="" BirthRate="1" />
   
   <Monster ID="18" Code="519" X="3625" Y="4503" Radius="100" Num="1" Timeslot="20" PursuitRadius="60" BirthType="0" TimePoints="" BirthRate="1" />
   <Monster ID="18" Code="519" X="3550" Y="4286" Radius="100" Num="1" Timeslot="20" PursuitRadius="60" BirthType="0" TimePoints="" BirthRate="1" />
   
   <Monster ID="19" Code="456" X="3339" Y="4464" Radius="100" Num="1" Timeslot="20" PursuitRadius="60" BirthType="0" TimePoints="" BirthRate="1" />
   <Monster ID="19" Code="456" X="3315" Y="4215" Radius="100" Num="1" Timeslot="20" PursuitRadius="60" BirthType="0" TimePoints="" BirthRate="1" />
   
   <Monster ID="20" Code="524" X="2922" Y="4495" Radius="100" Num="1" Timeslot="20" PursuitRadius="60" BirthType="0" TimePoints="" BirthRate="1" />
   <Monster ID="20" Code="524" X="2898" Y="4251" Radius="100" Num="1" Timeslot="20" PursuitRadius="60" BirthType="0" TimePoints="" BirthRate="1" />
   
   <Monster ID="21" Code="525" X="2568" Y="4578" Radius="100" Num="1" Timeslot="20" PursuitRadius="60" BirthType="0" TimePoints="" BirthRate="1" />
   <Monster ID="21" Code="525" X="2511" Y="4364" Radius="100" Num="1" Timeslot="20" PursuitRadius="60" BirthType="0" TimePoints="" BirthRate="1" />
   
   <Monster ID="22" Code="526" X="2131" Y="4620" Radius="100" Num="1" Timeslot="20" PursuitRadius="60" BirthType="0" TimePoints="" BirthRate="1" />
   <Monster ID="22" Code="526" X="2168" Y="4383" Radius="100" Num="1" Timeslot="20" PursuitRadius="60" BirthType="0" TimePoints="" BirthRate="1" />
   
   <Monster ID="23" Code="527" X="4141" Y="4111" Radius="100" Num="1" Timeslot="20" PursuitRadius="60" BirthType="0" TimePoints="" BirthRate="1" />
   <Monster ID="23" Code="527" X="4202" Y="4044" Radius="100" Num="1" Timeslot="20" PursuitRadius="60" BirthType="0" TimePoints="" BirthRate="1" />
    
   
  </Monsters>
</Map>