<?xml version="1.0" encoding="utf-8"?>
<Map>
  <NPCs>
	<NPC Code="2599" Name="Trâu Đức Khoái" MinimapName="Thủ Khố" VisibleOnMinimap="1" Title="Thủ Khố" X="3090" Y="4990" Dir="1" ScriptID="12"/>
	<NPC Code="3698" Name="Xa Phu" 	MinimapName="" VisibleOnMinimap="1" Title="" X="2870" Y="5110" Dir="0" ScriptID="13"/>
	<NPC Code="2654" Name="Hộ Vệ Bạch Hổ Đường" MinimapName="Truyền Tống Bạch Hổ Đường" VisibleOnMinimap="1" Title="Truyền Tống Bạch Hổ Đường" X="4510" Y="5450" Dir="7" ScriptID="400012"/>
	<NPC Code="6777" Name="Điềm Tửu Thúc" MinimapName="Binh Khí" VisibleOnMinimap="1" Title="Chủ Tiệm Binh Khí" X="4310" Y="4230" Dir="1" ScriptID="29" />
	<NPC Code="6779" Name="Hách Phiêu Tịnh" MinimapName="Trang Sức" VisibleOnMinimap="1" Title="Chủ Tiệm Trang Sức" X="5150" Y="4650" Dir="1" ScriptID="26" />
	<NPC Code="6780" Name="Trương Trảm Kinh" MinimapName="Thuốc" VisibleOnMinimap="1" Title="Chủ Tiệm Thuốc" X="5690" Y="4490" Dir="7" ScriptID="27"/>
	<NPC Code="6781" Name="Bất Động Tiên Sinh" MinimapName="Tạp Hóa" VisibleOnMinimap="1" Title="Chủ Tiệm Tạp Hóa" X="6070" Y="4110" Dir="1" ScriptID="28"/>
	<NPC Code="3569" Name="Mộc Lương" MinimapName="Gỗ" VisibleOnMinimap="1" Title="Chủ Tiệm Gỗ" X="6290" Y="4770" Dir="7"  ScriptID="23"/>
	<NPC Code="3698" Name="Xa Phu" 	MinimapName="" VisibleOnMinimap="1" Title="" X="6790" Y="5150" Dir="7" ScriptID="13"/>
	<NPC Code="2599" Name="Trâu Đức Khoái" MinimapName="Thủ Khố" VisibleOnMinimap="1" Title="Thủ Khố" X="7330" Y="4890" Dir="2" ScriptID="12"/>
	<NPC Code="3568" Name="Trương Tùng Đào" MinimapName="Da" VisibleOnMinimap="1" Title="Chủ Tiệm Da" X="7050" Y="4490" Dir="1" ScriptID="22"/>
	<NPC Code="2606" Name="Hoàng Thường" MinimapName="Đặc sứ Võ Lâm Minh Chủ" VisibleOnMinimap="1" Title="Đặc sứ Võ Lâm Minh Chủ" X="7550" Y="4010" Dir="7" ScriptID="41"/>
	<NPC Code="3385" Name="Quan Liên Đấu Cao Cấp" MinimapName="Quan Liên Đấu (Cao Cấp) " VisibleOnMinimap="1" Title="" X="8130" Y="3810" Dir="1" ScriptID="20"/>
	<NPC Code="2625" Name="Vân Du Tăng Nhân" MinimapName="" VisibleOnMinimap="1" Title="" X="8330" Y="4630" Dir="7" ScriptID="60"/>
	<NPC Code="6782" Name="Đại Lão Bạch" MinimapName="Tửu Lầu" VisibleOnMinimap="1" Title="Chủ Tửu Lầu" X="6330" Y="3770" Dir="1" ScriptID="24"/>
	<NPC Code="3573" Name="Bao Vạn Đồng" MinimapName="" VisibleOnMinimap="1" Title="" X="5610" Y="3650" Dir="1" ScriptID="3"/>
	<NPC Code="2711" Name="Quan Quân Nhu (nghĩa quân)" MinimapName="" VisibleOnMinimap="1" Title="" X="5450" Y="3730" Dir="1" ScriptID="17" />
	<NPC Code="6778" Name="Thẩm Hà Diệp" MinimapName="Phòng Cụ" VisibleOnMinimap="1" Title="Chủ Tiệm Phòng Cụ" X="5170" Y="3970" Dir="7" ScriptID="25" />
	<NPC Code="529"  Name="Lăng Hoa" MinimapName="" VisibleOnMinimap="1" Title="" X="4590" Y="3430" Dir="7" ScriptID="157" />
	<NPC Code="2965" Name="Chủ Thương Hội" MinimapName="" VisibleOnMinimap="1" Title="" X="5550" Y="3090" Dir="3"  ScriptID="35"/>
	<NPC Code="3698" Name="Xa Phu" 	MinimapName="" VisibleOnMinimap="1" Title="" X="6750" Y="3250" Dir="0" ScriptID="13"/>
	<NPC Code="2599" Name="Trâu Đức Khoái" MinimapName="Thủ Khố" VisibleOnMinimap="1" Title="Thủ Khố" X="7430" Y="3310" Dir="1" ScriptID="12"/>
	<NPC Code="2963" Name="Thương Nhân Đặc Sản" MinimapName="" VisibleOnMinimap="1" Title="" X="8330" Y="3050" Dir="7" ScriptID="31"/>
	<NPC Code="2608" Name="Hoàn Nhan Long Húc" MinimapName="Chiêu Mộ Sứ (Kim) " VisibleOnMinimap="1" Title="Chiêu Mộ Sứ (Kim)" X="7490" Y="2430" Dir="7" ScriptID="19" />
	<NPC Code="2605" Name="Bán Ngựa" MinimapName="" VisibleOnMinimap="1" Title="" X="6170" Y="1630" Dir="7" ScriptID="37"/>
	<NPC Code="3679" Name="Bang hội liên minh sứ" MinimapName="" VisibleOnMinimap="1" Title="Bang hội liên minh sứ" X="5970" Y="930" Dir="1" ScriptID="15"  />
	<NPC Code="2601" Name="Lễ Quan" MinimapName="" VisibleOnMinimap="1" Title="" X="4990" Y="2050" Dir="7" ScriptID="149"/>
	<NPC Code="2994" Name="Bổ Đầu Hình Bộ" MinimapName="" VisibleOnMinimap="1" Title="" X="5710" Y="2670" Dir="7" ScriptID="34"/>
	<NPC Code="3384" Name="Quan Liên Đấu Sơ Cấp" MinimapName="Quan Liên Đấu (Sơ Cấp) " VisibleOnMinimap="1" Title="" X="4270" Y="2530" Dir="1" ScriptID="21"/>
	<NPC Code="2599" Name="Trâu Đức Khoái" MinimapName="Thủ Khố" VisibleOnMinimap="1" Title="Thủ Khố" X="4570" Y="2250" Dir="1" ScriptID="12"/>
	<NPC Code="3698" Name="Xa Phu" 	MinimapName="" VisibleOnMinimap="1" Title="" X="3790" Y="2170" Dir="7" ScriptID="13"/>
	<NPC Code="6783" Name="Tạ Hiền" MinimapName="Tiền Trang" VisibleOnMinimap="1" Title="Chủ Tiền Trang" X="3730" Y="2710" Dir="7" ScriptID="14"/>
	<NPC Code="3406" Name="Quan Lãnh Thổ" MinimapName="" VisibleOnMinimap="1" Title="" X="3070" Y="3150" Dir="1" ScriptID="16"/>
	<NPC Code="2607" Name="Triệu Nguyên Tịnh" MinimapName="Chiêu Mộ Sứ (Tống)" VisibleOnMinimap="1" Title="Chiêu Mộ Sứ (Tống)" X="2710" Y="3470" Dir="1" ScriptID="18" />
	
	<NPC Code="2992" Name="Sứ Giả Thịnh Hạ" MinimapName="" VisibleOnMinimap="1" Title="" X="3870" Y="3530" Dir="1" ScriptID="6"/>
	
	<NPC Code="3574" Name="Dã Luyện Đại Sư" MinimapName="" VisibleOnMinimap="1" Title="" X="1630" Y="3670" Dir="7" ScriptID="33"/>
	<NPC Code="7137" Name="Trương Tuyệt Chi" MinimapName="Tướng Viễn Chinh Thiết Phù" VisibleOnMinimap="1" Title="Tướng Viễn Chinh Thiết Phù" X="2630" Y="4250" Dir="1" ScriptID="157"/>
	<NPC Code="6863" Name="Tu Mộc Trạch" MinimapName="" VisibleOnMinimap="1" Title="Thiết Phù Hựu Lỗ Sứ Giả" X="2290" Y="4210" Dir="7" ScriptID="4"/>
	<NPC Code="534"  Name="Cốc Ninh Sơn" MinimapName="" VisibleOnMinimap="1" Title="" X="4290" Y="4790" Dir="1" ScriptID="157"/>	
	<NPC Code="531"  Name="Cảnh Tư Tử Nhân" MinimapName="" VisibleOnMinimap="1" Title="" X="917" Y="3941" Dir="7" ScriptID="157"/>
	<NPC Code="577"  Name="Tiền Đa Đa" MinimapName="" VisibleOnMinimap="1" Title="" X="2560" Y="2462" Dir="5" ScriptID="157"/>
	<NPC Code="3578" Name="Rương cũ nát" MinimapName="" VisibleOnMinimap="1" Title="" X="3934" Y="2756" Dir="1" ScriptID="157"/>
	
	<NPC Code="2955" Name="Mã Xuyên Sơn" MinimapName="" VisibleOnMinimap="1" Title="Tiếp dẫn Ải Gia Tộc" X="9233" Y="2806" Dir="1" ScriptID="200"/>
   
  </NPCs>
</Map>