﻿<?xml version="1.0" encoding="utf-8"?>
<Map>
  <Monsters>
      
   <Monster ID="1" Code="2037" X="3444" Y="2134" Radius="300" Num="20" Timeslot="10" PursuitRadius="60" BirthType="0" TimePoints="" BirthRate="1" />
   <Monster ID="2" Code="2037" X="4746" Y="1719" Radius="300" Num="20" Timeslot="10" PursuitRadius="60" BirthType="0" TimePoints="" BirthRate="1" />
   <Monster ID="3" Code="2037" X="2262" Y="1523" Radius="300" Num="20" Timeslot="10" PursuitRadius="60" BirthType="0" TimePoints="" BirthRate="1" />
   <Monster ID="4" Code="2037" X="1135" Y="1346" Radius="300" Num="20" Timeslot="10" PursuitRadius="60" BirthType="0" TimePoints="" BirthRate="1" />
     
   <Monster ID="5" Code="2038" X="2783" Y="5593" Radius="300" Num="20" Timeslot="10" PursuitRadius="60" BirthType="0" TimePoints="" BirthRate="1" />
   <Monster ID="6" Code="2038" X="3372" Y="3748" Radius="300" Num="20" Timeslot="10" PursuitRadius="60" BirthType="0" TimePoints="" BirthRate="1" />
   <Monster ID="7" Code="2038" X="1585" Y="5484" Radius="300" Num="20" Timeslot="10" PursuitRadius="60" BirthType="0" TimePoints="" BirthRate="1" />
   <Monster ID="8" Code="2038" X="5180" Y="5653" Radius="300" Num="20" Timeslot="10" PursuitRadius="60" BirthType="0" TimePoints="" BirthRate="1" />
        
   <Monster ID="9" Code="2209" X="7763" Y="4830" Radius="300" Num="20" Timeslot="10" PursuitRadius="60" BirthType="0" TimePoints="" BirthRate="1" />
   <Monster ID="10" Code="2209" X="9552" Y="6369" Radius="300" Num="20" Timeslot="10" PursuitRadius="60" BirthType="0" TimePoints="" BirthRate="1" />
   <Monster ID="11" Code="2209" X="8396" Y="7371" Radius="300" Num="20" Timeslot="10" PursuitRadius="60" BirthType="0" TimePoints="" BirthRate="1" />
        
   <Monster ID="12" Code="2210" X="6813" Y="3074" Radius="300" Num="20" Timeslot="10" PursuitRadius="60" BirthType="0" TimePoints="" BirthRate="1" />
   <Monster ID="13" Code="2210" X="8933" Y="3880" Radius="300" Num="20" Timeslot="10" PursuitRadius="60" BirthType="0" TimePoints="" BirthRate="1" />
   <Monster ID="14" Code="2210" X="8462" Y="2374" Radius="300" Num="20" Timeslot="10" PursuitRadius="60" BirthType="0" TimePoints="" BirthRate="1" />


  </Monsters>
</Map>