<?xml version="1.0" encoding="utf-8"?>
<FactionDef xmlns:xsi="http://www.w3.org/2001/XMLSchema-instance"
   xmlns:xsd="http://www.w3.org/2001/XMLSchema" MAX_ATTEND_PLAYER="200" MIN_ATTEND_PLAYER="2" MIN_LEVEL="50">
   <!-- Ngày nào trong tuần có sự kiện-->
   <OPEN_WEEK_DATE>2</OPEN_WEEK_DATE>
   <OPEN_WEEK_DATE>5</OPEN_WEEK_DATE>

   <!-- Thời gian bắt đầu sự kiện-->
   <TimeBattle Hours="20" Minute="0" />



   <!-- Tọa độ vào map -->
   <GoIn X="3858" Y="2228" />


   <!-- Danh sách các map diễn ra sự kiện-->
   <MapFactionList FactionID="1" MapId="241" />
   <MapFactionList FactionID="2" MapId="242" />
   <MapFactionList FactionID="3" MapId="243" />
   <MapFactionList FactionID="4" MapId="244" />
   <MapFactionList FactionID="5" MapId="245" />
   <MapFactionList FactionID="6" MapId="246" />
   <MapFactionList FactionID="7" MapId="247" />
   <MapFactionList FactionID="8" MapId="248" />
   <MapFactionList FactionID="9" MapId="249" />
   <MapFactionList FactionID="10" MapId="250" />
   <MapFactionList FactionID="11" MapId="251" />
   <MapFactionList FactionID="12" MapId="252" />



   <!-- Config tọa độ cho các lôi đài-->
   <TotalArena ArenaID="0" PosX="5303" PosY="3083" />
   <TotalArena ArenaID="1" PosX="5855" PosY="4271" />
   <TotalArena ArenaID="2" PosX="4284" PosY="1707" />
   <TotalArena ArenaID="3" PosX="7500" PosY="3442" />
   <TotalArena ArenaID="4" PosX="2596" PosY="2524" />
   <TotalArena ArenaID="5" PosX="4400" PosY="5000" />
   <TotalArena ArenaID="6" PosX="5715" PosY="954" />
   <TotalArena ArenaID="7" PosX="8905" PosY="2723" />
   <TotalArena ArenaID="8" PosX="1207" PosY="3279" />

   <!-- Randomo tọa độ cờ -->
   <RandomFlag X="528" Y="3041" />
   <RandomFlag X="1526" Y="3795" />
   <RandomFlag X="2047" Y="4012" />
   <RandomFlag X="2557" Y="3705" />
   <RandomFlag X="3201" Y="3942" />
   <RandomFlag X="3417" Y="4661" />
   <RandomFlag X="3958" Y="4359" />
   <RandomFlag X="4935" Y="4796" />
   <RandomFlag X="4689" Y="4401" />
   <RandomFlag X="4871" Y="3955" />
   <RandomFlag X="5370" Y="3925" />
   <RandomFlag X="6095" Y="3559" />
   <RandomFlag X="6703" Y="3284" />
   <RandomFlag X="7414" Y="2943" />
   <RandomFlag X="8212" Y="3344" />
   <RandomFlag X="7316" Y="3785" />
   <RandomFlag X="6403" Y="4314" />
   <RandomFlag X="4213" Y="3595" />
   <RandomFlag X="3394" Y="3211" />
   <RandomFlag X="2854" Y="2893" />
   <RandomFlag X="2525" Y="3322" />
   <RandomFlag X="1843" Y="2423" />
   <RandomFlag X="2615" Y="1988" />
   <RandomFlag X="3265" Y="2194" />
   <RandomFlag X="3372" Y="2720" />
   <RandomFlag X="3990" Y="2495" />
   <RandomFlag X="3612" Y="2114" />
   <RandomFlag X="4565" Y="2150" />
   <RandomFlag X="5272" Y="2038" />
   <RandomFlag X="4065" Y="1260" />
   <RandomFlag X="3318" Y="1651" />
   <RandomFlag X="5845" Y="2187" />
   <RandomFlag X="6609" Y="2576" />
   <RandomFlag X="7773" Y="2838" />
   <RandomFlag X="8223" Y="2464" />
   <RandomFlag X="7886" Y="2255" />
   <RandomFlag X="8118" Y="1869" />
   <RandomFlag X="8932" Y="2232" />
   <RandomFlag X="9665" Y="2575" />
   <RandomFlag X="8343" Y="2255" />
   <RandomFlag X="7115" Y="1988" />
   <RandomFlag X="6687" Y="1747" />
   <RandomFlag X="6934" Y="1433" />
   <RandomFlag X="7604" Y="1514" />
   <RandomFlag X="6558" Y="1092" />
   <RandomFlag X="5593" Y="1241" />
   <RandomFlag X="4858" Y="802" />
   <RandomFlag X="5436" Y="457" />
   <RandomFlag X="5644" Y="1755" />


   <!-- Random tọa độ BOX -->
   <!-- 5 -->
   <Box ArenaID="5">
      <RandomBox X="3694" Y="4879" />
      <RandomBox X="4110" Y="5171" />
      <RandomBox X="4630" Y="5208" />
      <RandomBox X="5052" Y="4953" />
      <RandomBox X="4643" Y="4683" />
   </Box>
   <!-- 8 -->
   <Box ArenaID="8">
      <RandomBox X="997" Y="2875" />
      <RandomBox X="592" Y="3047" />
      <RandomBox X="880" Y="3490" />
      <RandomBox X="1396" Y="3562" />
      <RandomBox X="1804" Y="3266" />
      <RandomBox X="1567" Y="3087" />
   </Box>
   <!-- 6 -->
   <Box ArenaID="6">
      <RandomBox X="5452" Y="561" />
      <RandomBox X="5964" Y="669" />
      <RandomBox X="6264" Y="1044" />
      <RandomBox X="5511" Y="1199" />
      <RandomBox X="5045" Y="917" />
   </Box>
   <!-- 7 -->
   <Box ArenaID="7">
      <RandomBox X="8889" Y="2266" />
      <RandomBox X="9394" Y="2436" />
      <RandomBox X="9402" Y="2807" />
      <RandomBox X="8865" Y="3017" />
      <RandomBox X="8587" Y="2874" />
      <RandomBox X="8284" Y="2607" />
      <RandomBox X="8420" Y="2391" />
   </Box>
   <!-- 3 -->
   <Box ArenaID="3">
      <RandomBox X="7690" Y="3056" />
      <RandomBox X="8046" Y="3267" />
      <RandomBox X="7805" Y="3635" />
      <RandomBox X="7187" Y="3672" />
      <RandomBox X="6780" Y="3405" />
      <RandomBox X="6704" Y="3250" />
      <RandomBox X="7018" Y="2968" />
   </Box>
   <!-- 1 -->
   <Box ArenaID="1">
      <RandomBox X="5756" Y="3883" />
      <RandomBox X="5335" Y="4013" />
      <RandomBox X="5216" Y="4202" />
      <RandomBox X="5520" Y="4447" />
      <RandomBox X="5988" Y="4564" />
      <RandomBox X="6290" Y="4400" />
      <RandomBox X="6264" Y="4094" />
   </Box>
   <!-- 4 -->
   <Box ArenaID="4">
      <RandomBox X="2853" Y="2800" />
      <RandomBox X="3136" Y="2652" />
      <RandomBox X="3261" Y="2419" />
      <RandomBox X="2895" Y="2188" />
      <RandomBox X="2565" Y="2058" />
      <RandomBox X="2092" Y="2202" />
      <RandomBox X="1960" Y="2502" />
      <RandomBox X="2328" Y="2777" />
   </Box>
   <!-- 2 -->
   <Box ArenaID="2">
      <RandomBox X="4045" Y="2014" />
      <RandomBox X="4543" Y="2018" />
      <RandomBox X="4957" Y="1839" />
      <RandomBox X="4645" Y="1474" />
      <RandomBox X="4231" Y="1303" />
      <RandomBox X="3766" Y="1375" />
      <RandomBox X="3603" Y="1680" />
      <RandomBox X="3846" Y="1886" />
   </Box>

   <!-- Random tọa độ BOX_1 -->
   <Box ArenaID="0">
      <RandomBox X="6877" Y="3304" />
      <RandomBox X="6650" Y="3348" />
      <RandomBox X="6352" Y="3392" />
      <RandomBox X="6315" Y="3538" />
      <RandomBox X="6189" Y="3451" />
      <RandomBox X="6058" Y="3548" />
      <RandomBox X="5964" Y="3738" />
      <RandomBox X="5728" Y="3739" />
      <RandomBox X="5808" Y="3675" />
      <RandomBox X="5996" Y="3955" />
      <RandomBox X="6163" Y="4072" />
      <RandomBox X="6427" Y="4188" />
      <RandomBox X="6965" Y="4053" />
      <RandomBox X="7233" Y="3885" />
      <RandomBox X="7176" Y="3702" />
      <RandomBox X="6924" Y="3575" />
      <RandomBox X="6811" Y="3473" />
   </Box>

   <!-- Tọa độ hồi sinh random trong hỗn chiến -->
   <PVPRandomRevice X="8601" Y="4607" />
   <PVPRandomRevice X="10198" Y="5406" />
   <PVPRandomRevice X="8598" Y="6140" />
   <PVPRandomRevice X="6779" Y="5382" />
   <PVPRandomRevice X="8697" Y="5321" />
   <PVPRandomRevice X="8669" Y="4098" />   
   <PVPRandomRevice X="6035" Y="5378" />
   <PVPRandomRevice X="6621" Y="5108" />
   <PVPRandomRevice X="7085" Y="4887" />
   <PVPRandomRevice X="7689" Y="4567" />
   <PVPRandomRevice X="8381" Y="4224" />
   <PVPRandomRevice X="9332" Y="4525" />
   <PVPRandomRevice X="8422" Y="4788" />
   <PVPRandomRevice X="7806" Y="5070" />
   <PVPRandomRevice X="7211" Y="5376" />
   <PVPRandomRevice X="6731" Y="5697" />
   <PVPRandomRevice X="7204" Y="6037" />
   <PVPRandomRevice X="7651" Y="5866" />   
   <PVPRandomRevice X="8343" Y="5552" />
   <PVPRandomRevice X="8990" Y="5198" />
   <PVPRandomRevice X="9611" Y="4896" />
   <PVPRandomRevice X="10061" Y="4628" />
   <PVPRandomRevice X="10622" Y="4886" />
   <PVPRandomRevice X="10083" Y="5222" />
   <PVPRandomRevice X="9492" Y="5593" />
   


   <!-- Thời gian các sự kiện tính theo giây
   <TimeAct SIGN_UP_DULATION="1800" MELEE_PVP_DULATION="300" MELEE_PVP_FREE_DUALTION="300" FREE_ELIMINATION="420" ELIMINATION_ROUND_ROUND="420" REVICE_AWARD="600" />
	-->
   <TimeAct SIGN_UP_DULATION="200" MELEE_PVP_DULATION="60" MELEE_PVP_FREE_DUALTION="60" FREE_ELIMINATION="60" ELIMINATION_ROUND_ROUND="120" REVICE_AWARD="300" />
</FactionDef>