﻿<?xml version="1.0" encoding="utf-8"?>
<Map>
  <Monsters>
    <Monster ID="1" Code="2201" X="2903" Y="6873" Radius="300" Num="20" Timeslot="10" PursuitRadius="60" BirthType="0" TimePoints="0" BirthRate="1" />
	<Monster ID="2" Code="2201" X="2396" Y="7798" Radius="300" Num="20" Timeslot="10" PursuitRadius="60" BirthType="0" TimePoints="0" BirthRate="1" />
	<Monster ID="3" Code="2201" X="1133" Y="7793" Radius="300" Num="20" Timeslot="10" PursuitRadius="60" BirthType="0" TimePoints="0" BirthRate="1" />
	<Monster ID="4" Code="2201" X="1093" Y="6361" Radius="300" Num="20" Timeslot="10" PursuitRadius="60" BirthType="0" TimePoints="0" BirthRate="1" />
	
	<Monster ID="5" Code="2202" X="1671" Y="5646" Radius="300" Num="20" Timeslot="10" PursuitRadius="60" BirthType="0" TimePoints="0" BirthRate="1" />
	<Monster ID="6" Code="2202" X="976" Y="4733" Radius="300" Num="20" Timeslot="10" PursuitRadius="60" BirthType="0" TimePoints="0" BirthRate="1" />
	<Monster ID="7" Code="2202" X="1174" Y="3194" Radius="300" Num="20" Timeslot="10" PursuitRadius="60" BirthType="0" TimePoints="0" BirthRate="1" />
	<Monster ID="8" Code="2202" X="2387" Y="4077" Radius="300" Num="20" Timeslot="10" PursuitRadius="60" BirthType="0" TimePoints="0" BirthRate="1" />
	
	<Monster ID="9" Code="2009" X="2656" Y="3183" Radius="300" Num="20" Timeslot="10" PursuitRadius="60" BirthType="0" TimePoints="0" BirthRate="1" />
	<Monster ID="10" Code="2009" X="2760" Y="1654" Radius="300" Num="20" Timeslot="10" PursuitRadius="60" BirthType="0" TimePoints="0" BirthRate="1" />
	<Monster ID="11" Code="2009" X="784" Y="1306" Radius="300" Num="20" Timeslot="10" PursuitRadius="60" BirthType="0" TimePoints="0" BirthRate="1" />
	<Monster ID="12" Code="2009" X="4568" Y="1306" Radius="300" Num="20" Timeslot="10" PursuitRadius="60" BirthType="0" TimePoints="0" BirthRate="1" />
	
	<Monster ID="13" Code="2010" X="6334" Y="4387" Radius="300" Num="20" Timeslot="10" PursuitRadius="60" BirthType="0" TimePoints="0" BirthRate="1" />
	<Monster ID="14" Code="2010" X="6329" Y="1203" Radius="300" Num="20" Timeslot="10" PursuitRadius="60" BirthType="0" TimePoints="0" BirthRate="1" />
	<Monster ID="15" Code="2010" X="5876" Y="2590" Radius="300" Num="20" Timeslot="10" PursuitRadius="60" BirthType="0" TimePoints="0" BirthRate="1" />
	<Monster ID="16" Code="2010" X="7090" Y="3107" Radius="300" Num="20" Timeslot="10" PursuitRadius="60" BirthType="0" TimePoints="0" BirthRate="1" />
	<Monster ID="17" Code="2010" X="5197" Y="5077" Radius="300" Num="20" Timeslot="10" PursuitRadius="60" BirthType="0" TimePoints="0" BirthRate="1" />
	<Monster ID="18" Code="2010" X="4019" Y="4163" Radius="300" Num="20" Timeslot="10" PursuitRadius="60" BirthType="0" TimePoints="0" BirthRate="1" />

	
    
  </Monsters>
</Map>