﻿<?xml version="1.0" encoding="utf-8"?>
<Map>
  <Monsters>
    <Monster ID="1" Code="2141" X="5911" Y="6425" Radius="300" Num="20" Timeslot="10" PursuitRadius="60" BirthType="0" TimePoints="0" BirthRate="1" />
	<Monster ID="2" Code="2141" X="5156" Y="4198" Radius="300" Num="20" Timeslot="10" PursuitRadius="60" BirthType="0" TimePoints="0" BirthRate="1" />
	<Monster ID="3" Code="2141" X="5620" Y="5166" Radius="300" Num="20" Timeslot="10" PursuitRadius="60" BirthType="0" TimePoints="0" BirthRate="1" />
	<Monster ID="4" Code="2141" X="6816" Y="5872" Radius="300" Num="20" Timeslot="10" PursuitRadius="60" BirthType="0" TimePoints="0" BirthRate="1" />
    <Monster ID="5" Code="2141" X="7419" Y="6338" Radius="300" Num="20" Timeslot="10" PursuitRadius="60" BirthType="0" TimePoints="0" BirthRate="1" />

	<Monster ID="6" Code="2142" X="5839" Y="3346" Radius="300" Num="20" Timeslot="10" PursuitRadius="60" BirthType="0" TimePoints="0" BirthRate="1" />
	<Monster ID="7" Code="2142" X="7449" Y="3044" Radius="300" Num="20" Timeslot="10" PursuitRadius="60" BirthType="0" TimePoints="0" BirthRate="1" />
	<Monster ID="8" Code="2142" X="6916" Y="2328" Radius="300" Num="20" Timeslot="10" PursuitRadius="60" BirthType="0" TimePoints="0" BirthRate="1" />
	<Monster ID="9" Code="2142" X="7276" Y="1458" Radius="300" Num="20" Timeslot="10" PursuitRadius="60" BirthType="0" TimePoints="0" BirthRate="1" />
	<Monster ID="10" Code="2142" X="6013" Y="590" Radius="300" Num="20" Timeslot="10" PursuitRadius="60" BirthType="0" TimePoints="0" BirthRate="1" />
	
	<Monster ID="11" Code="2143" X="1480" Y="6363" Radius="300" Num="20" Timeslot="10" PursuitRadius="60" BirthType="0" TimePoints="0" BirthRate="1" />
	<Monster ID="12" Code="2143" X="2303" Y="601" Radius="300" Num="20" Timeslot="10" PursuitRadius="60" BirthType="0" TimePoints="0" BirthRate="1" />
	<Monster ID="13" Code="2143" X="1966" Y="1786" Radius="300" Num="20" Timeslot="10" PursuitRadius="60" BirthType="0" TimePoints="0" BirthRate="1" />
	<Monster ID="14" Code="2143" X="854" Y="2888" Radius="300" Num="20" Timeslot="10" PursuitRadius="60" BirthType="0" TimePoints="0" BirthRate="1" />
	<Monster ID="15" Code="2143" X="2776" Y="5509" Radius="300" Num="20" Timeslot="10" PursuitRadius="60" BirthType="0" TimePoints="0" BirthRate="1" />
	<Monster ID="16" Code="2143" X="3646" Y="4793" Radius="300" Num="20" Timeslot="10" PursuitRadius="60" BirthType="0" TimePoints="0" BirthRate="1" />
	<Monster ID="17" Code="2143" X="3790" Y="5991" Radius="300" Num="20" Timeslot="10" PursuitRadius="60" BirthType="0" TimePoints="0" BirthRate="1" />

<!--   Hai Tac    -->
	<Monster ID="18" Code="3031" X="7656" Y="6968" Radius="100" Num="1" Timeslot="300" PursuitRadius="10" BirthType="0" TimePoints="0" BirthRate="1" />
	<Monster ID="19" Code="3032" X="7541" Y="477" Radius="100" Num="1" Timeslot="300" PursuitRadius="10" BirthType="0" TimePoints="0" BirthRate="1" />
	<Monster ID="20" Code="3033" X="3506" Y="707" Radius="100" Num="1" Timeslot="300" PursuitRadius="10" BirthType="0" TimePoints="0" BirthRate="1" />
	<Monster ID="21" Code="3034" X="669" Y="1891" Radius="100" Num="1" Timeslot="300" PursuitRadius="10" BirthType="0" TimePoints="0" BirthRate="1" />
<!-- Monsster Nhiem vu -->
    <Monster ID="22" Code="980" X="5476" Y="4067" Radius="100" Num="1" Timeslot="20" PursuitRadius="60" BirthType="0" TimePoints="" BirthRate="1" />
	<Monster ID="23" Code="980" X="6606" Y="3504" Radius="100" Num="1" Timeslot="20" PursuitRadius="60" BirthType="0" TimePoints="" BirthRate="1" />
    
	<Monster ID="24" Code="573" X="6140" Y="3840" Radius="100" Num="1" Timeslot="20" PursuitRadius="60" BirthType="0" TimePoints="" BirthRate="1" />
	<Monster ID="25" Code="573" X="5961" Y="3710" Radius="100" Num="1" Timeslot="20" PursuitRadius="60" BirthType="0" TimePoints="" BirthRate="1" />
    
	<Monster ID="26" Code="574" X="6044" Y="3614" Radius="100" Num="1" Timeslot="20" PursuitRadius="60" BirthType="0" TimePoints="" BirthRate="1" />
    <Monster ID="27" Code="574" X="5493" Y="4332" Radius="100" Num="1" Timeslot="20" PursuitRadius="60" BirthType="0" TimePoints="" BirthRate="1" />
	
  </Monsters>
</Map>