<?xml version="1.0" encoding="utf-8"?>
<Map>
  <NPCs>
	<NPC Code="2441" Name="Lương Tiếu Tiếu" MinimapName="" VisibleOnMinimap="1" Title="Tần Lăng" X="7500" Y="3600" Dir="0" ScriptID="400030"/>
 
	<NPC Code="2503" Name="Hiệu Úy Mộ Binh (Tống)" MinimapName="" VisibleOnMinimap="1" X="6330" Y="4010" Dir="3" ScriptID="18"/>
	<NPC Code="2607" Name="Triệu Nguyên Tịnh" MinimapName="Chiêu Mộ Sứ (Tống)" VisibleOnMinimap="1" Title="Chiêu Mộ Sứ (Tống)" X="6830" Y="3650" Dir="1" ScriptID="18" />

	<NPC Code="2506" Name="Hiệu Úy Mộ Binh (Kim)" MinimapName="" VisibleOnMinimap="1" X="5930" Y="4090" Dir="7" ScriptID="19"/>
	<NPC Code="2608" Name="Hoàn Nhan Long Húc" MinimapName="Chiêu Mộ Sứ (Kim)" VisibleOnMinimap="1" Title="Chiêu Mộ Sứ (Kim)" X="6530" Y="3450" Dir="1" ScriptID="19"/>

	<NPC Code="3237" Name="Triệu Khản" MinimapName="Hướng Dẫn Tiêu Dao Cốc" VisibleOnMinimap="1" Title="Hướng Dẫn Tiêu Dao Cốc" X="6830" Y="3350" Dir="7" ScriptID="500002"/>
	<NPC Code="3237" Name="Triệu Khản" MinimapName="Hướng Dẫn Tiêu Dao Cốc" VisibleOnMinimap="1" Title="Hướng Dẫn Tiêu Dao Cốc" X="2670" Y="4050" Dir="7" ScriptID="500002"/>

    <NPC Code="2955" Name="Mã Xuyên Sơn" MinimapName="" VisibleOnMinimap="1" Title="Tiếp dẫn Ải Gia Tộc" X="7324" Y="3597" Dir="1" ScriptID="200"/>
	<NPC Code="2955" Name="Mã Xuyên Sơn" MinimapName="" VisibleOnMinimap="1" Title="Tiếp dẫn Ải Gia Tộc" X="3724" Y="3997" Dir="1" ScriptID="200"/>

	<NPC Code="2654" Name="Hộ Vệ Bạch Hổ Đường" MinimapName="Truyền Tống Bạch Hổ Đường" VisibleOnMinimap="1" Title="Truyền Tống Bạch Hổ Đường" X="7324" Y="3797" Dir="5" ScriptID="400012" />
	<NPC Code="2654" Name="Hộ Vệ Bạch Hổ Đường" MinimapName="Truyền Tống Bạch Hổ Đường" VisibleOnMinimap="1" Title="Truyền Tống Bạch Hổ Đường" X="6170" Y="2490" Dir="5" ScriptID="400012" />

	<NPC Code="3698" Name="Xa Phu" MinimapName="" VisibleOnMinimap="1" Title="" X="4110" Y="2650" Dir="0" ScriptID="13" />
	<NPC Code="2599" Name="Trâu Đức Khoái" MinimapName="Thủ Khố" VisibleOnMinimap="1" Title="Thủ Khố" X="3330" Y="2690" Dir="1" ScriptID="12"/>
	<NPC Code="6783" Name="Tạ Hiền" MinimapName="Tiền Trang" VisibleOnMinimap="1" Title="Chủ Tiền Trang" X="2510" Y="2830" Dir="7" ScriptID="14"/>
	<NPC Code="3406" Name="Quan Lãnh Thổ" MinimapName="" VisibleOnMinimap="1" Title="" X="5410" Y="1550" Dir="3" ScriptID="16"/>
	<NPC Code="3679" Name="Bang hội liên minh sứ" MinimapName="" VisibleOnMinimap="1" Title="" X="6070" Y="1870" Dir="0"  ScriptID="15" />
	<NPC Code="2992" Name="Sứ Giả Thịnh Hạ" MinimapName="" VisibleOnMinimap="1" Title="" X="8090" Y="1930" Dir="1" ScriptID="6"/>
	<NPC Code="2599" Name="Trâu Đức Khoái" MinimapName="Thủ Khố" VisibleOnMinimap="1" Title="Thủ Khố" X="8550" Y="2330" Dir="0" ScriptID="12"/>
	<NPC Code="3698" Name="Xa Phu" 	MinimapName="" VisibleOnMinimap="1" Title="" X="9330" Y="2590" Dir="0" ScriptID="13" />
	<NPC Code="3568" Name="Trương Tùng Đào" MinimapName="Da" VisibleOnMinimap="1" Title="Chủ Tiệm Da" X="5770" Y="3090" Dir="7" ScriptID="22"/>
	<NPC Code="6779" Name="Hách Phiêu Tịnh" MinimapName="Trang Sức" VisibleOnMinimap="1" Title="Chủ Tiệm Trang Sức" X="5310" Y="3390" Dir="1" ScriptID="26"/>
	<NPC Code="2963" Name="Thương Nhân Đặc Sản" MinimapName="" VisibleOnMinimap="1" Title="" X="4910" Y="3130" Dir="5" ScriptID="31" />
	<NPC Code="3569" Name="Mộc Lương" MinimapName="Gỗ" VisibleOnMinimap="1" Title="Chủ Tiệm Gỗ" X="4690" Y="3450" Dir="7" ScriptID="23"/>
	<NPC Code="3573" Name="Bao Vạn Đồng" MinimapName="" VisibleOnMinimap="1" Title="" X="6330" Y="3710" Dir="1" ScriptID="3"/>
	<NPC Code="2711" Name="Quan Quân Nhu (nghĩa quân)" MinimapName="" VisibleOnMinimap="1" X="6530" Y="3650" Dir="0" ScriptID="17" />
	<NPC Code="6778" Name="Thẩm Hà Diệp" MinimapName="Phòng Cụ" VisibleOnMinimap="1" Title="Chủ Tiệm Phòng Cụ" X="6170" Y="4250" Dir="7" ScriptID="25" />
	<NPC Code="6777" Name="Điềm Tửu Thúc" MinimapName="Binh Khí" VisibleOnMinimap="1" Title="Chủ Tiệm Binh Khí" X="6490" Y="4430" Dir="7" ScriptID="29" />
	<NPC Code="6780" Name="Trương Trảm Kinh" MinimapName="Thuốc" VisibleOnMinimap="1" Title="Chủ Tiệm Thuốc" X="7050" Y="4650" Dir="7" ScriptID="27"/>
	<NPC Code="6781" Name="Bất Động Tiên Sinh" MinimapName="Tạp Hóa" VisibleOnMinimap="1" Title="Chủ Tiệm Tạp Hóa" X="8070" Y="4250" Dir="7" ScriptID="28"/>
	<NPC Code="6782" Name="Đại Lão Bạch" MinimapName="Tửu Lầu" VisibleOnMinimap="1" Title="Chủ Tửu Lầu" X="8610" Y="4270" Dir="1" ScriptID="24"/>
	<NPC Code="2994" Name="Bổ Đầu Hình Bộ" MinimapName="" VisibleOnMinimap="1" Title="" X="8535" Y="3311" Dir="1" ScriptID="34"/>
	<NPC Code="2601" Name="Lễ Quan" MinimapName="" VisibleOnMinimap="1" Title="" X="8930" Y="4870" Dir="1" ScriptID="149"/>
	<NPC Code="2606" Name="Hoàng Thường" MinimapName="Đặc sứ Võ Lâm Minh Chủ" VisibleOnMinimap="1" Title="Đặc sứ Võ Lâm Minh Chủ" X="7330" Y="5730" Dir="1" ScriptID="41" />
	<NPC Code="2965" Name="Chủ Thương Hội" MinimapName="" VisibleOnMinimap="1" Title="" X="6750" Y="5730" Dir="1"  ScriptID="35"/>
	<NPC Code="3698" Name="Xa Phu" 	MinimapName="" VisibleOnMinimap="1" Title="" X="6570" Y="6130" Dir="0" ScriptID="13" />
	<NPC Code="2599" Name="Trâu Đức Khoái" MinimapName="Thủ Khố" VisibleOnMinimap="1" Title="Thủ Khố" X="6250" Y="5970" Dir="0" ScriptID="12"/>
	<NPC Code="3574" Name="Dã Luyện Đại Sư" MinimapName="" VisibleOnMinimap="1" Title="" X="5510" Y="5770" Dir="7" ScriptID="33"/>
	<NPC Code="2599" Name="Trâu Đức Khoái" MinimapName="Thủ Khố" VisibleOnMinimap="1" Title="Thủ Khố" X="4610" Y="5150" Dir="7" ScriptID="12"/>
	<NPC Code="3698" Name="Xa Phu" 	MinimapName="" VisibleOnMinimap="1" Title="" X="4010" Y="4930" Dir="7" ScriptID="13" />
	<NPC Code="2605" Name="Bán Ngựa" MinimapName="" VisibleOnMinimap="1" Title="" X="4710" Y="4590" Dir="0" ScriptID="37" />
	<NPC Code="3385" Name="Quan Liên Đấu Cao Cấp" MinimapName="Quan Liên Đấu (Cao Cấp)" VisibleOnMinimap="1" Title="" X="5652" Y="4824" Dir="0" ScriptID="20"/>	
	<NPC Code="2993" Name="Thương Gia Tiêu Dao" MinimapName="" VisibleOnMinimap="1" Title="" X="3090" Y="4150" Dir="1" ScriptID="39"/>
	<NPC Code="2625" Name="Vân Du Tăng Nhân" MinimapName="" VisibleOnMinimap="1" Title="" X="9650" Y="3550" Dir="1" ScriptID="60"/>	
	<NPC Code="3384" Name="Quan Liên Đấu Sơ Cấp" MinimapName="Quan Liên Đấu (Sơ Cấp)" VisibleOnMinimap="1" Title="" X="7937" Y="5261" Dir="0" ScriptID="21"/>
	<NPC Code="441" Name="Gia Luật Sở Tài" MinimapName="" VisibleOnMinimap="1" Title="" X="5751" Y="1171" Dir="7" ScriptID="157"/>
	<NPC Code="569" Name="cốc nam" MinimapName="" VisibleOnMinimap="1" Title="Thống Lĩnh Thị Vệ Ngự Tiền" X="6861" Y="1477" Dir="1" ScriptID="157"/>
	<NPC Code="3578" Name="Rương cũ nát" MinimapName="" VisibleOnMinimap="1" Title="" X="2760" Y="3092" Dir="0" ScriptID="157"/>
	
  </NPCs>
</Map>