﻿<?xml version="1.0" encoding="utf-8"?>
<Map>
  <Monsters>
    <Monster ID="1" Code="2215" X="5079" Y="5059" Radius="300" Num="20" Timeslot="10" PursuitRadius="60" BirthType="0" TimePoints="" BirthRate="1" />
	<Monster ID="2" Code="2215" X="6184" Y="4883" Radius="300" Num="20" Timeslot="10" PursuitRadius="60" BirthType="0" TimePoints="" BirthRate="1" />
	<Monster ID="3" Code="2215" X="7655" Y="3465" Radius="300" Num="20" Timeslot="10" PursuitRadius="60" BirthType="0" TimePoints="" BirthRate="1" />
	<Monster ID="4" Code="2215" X="7480" Y="2084" Radius="300" Num="20" Timeslot="10" PursuitRadius="60" BirthType="0" TimePoints="" BirthRate="1" />
	
	<Monster ID="5" Code="2216" X="5620" Y="1392" Radius="300" Num="20" Timeslot="10" PursuitRadius="60" BirthType="0" TimePoints="" BirthRate="1" />
	<Monster ID="6" Code="2216" X="7494" Y="1319" Radius="300" Num="20" Timeslot="10" PursuitRadius="60" BirthType="0" TimePoints="" BirthRate="1" />
	<Monster ID="7" Code="2216" X="6405" Y="2082" Radius="300" Num="20" Timeslot="10" PursuitRadius="60" BirthType="0" TimePoints="" BirthRate="1" />
	<Monster ID="8" Code="2216" X="4919" Y="782" Radius="300" Num="20" Timeslot="10" PursuitRadius="60" BirthType="0" TimePoints="" BirthRate="1" />
	
	<Monster ID="9" Code="2043" X="1746" Y="4584" Radius="300" Num="20" Timeslot="10" PursuitRadius="60" BirthType="0" TimePoints="" BirthRate="1" />
	<Monster ID="10" Code="2043" X="3712" Y="1971" Radius="300" Num="20" Timeslot="10" PursuitRadius="60" BirthType="0" TimePoints="" BirthRate="1" />
	<Monster ID="11" Code="2043" X="3011" Y="4247" Radius="300" Num="20" Timeslot="10" PursuitRadius="60" BirthType="0" TimePoints="" BirthRate="1" />
	<Monster ID="12" Code="2043" X="2922" Y="5052" Radius="300" Num="20" Timeslot="10" PursuitRadius="60" BirthType="0" TimePoints="" BirthRate="1" />
	<Monster ID="13" Code="2043" X="1497" Y="5379" Radius="300" Num="20" Timeslot="10" PursuitRadius="60" BirthType="0" TimePoints="" BirthRate="1" />


  
  
  </Monsters>
</Map>