<?xml version="1.0" encoding="utf-8"?>
<!--
	HỆ THỐNG DANH HIỆU CỦA GAME
	- ID: ID danh hiệu
	- Text: Tên danh hiệu
	- Description: Mô tả danh hiệu
	- Duration: Thời gian tồn tại (đơn vị giờ, -1 nếu vĩnh viễn)
-->
<Titles xmlns:xsi="http://www.w3.org/2001/XMLSchema-instance" xmlns:xsd="http://www.w3.org/2001/XMLSchema">
	<Title ID="0" Text="Pew Pew Pew Pew" Description="Danh hiệu Test" Duration="-1" />
	<Title ID="1" Text="Minh Chủ Võ Lâm" Description="đua top tài phú" Duration="-1" />
	<Title ID="2" Text="Xưng Bá Một Phương" Description="đua top tài phú" Duration="-1" />
	<Title ID="3" Text="Võ Công Cái Thế" Description="đua top tài phú" Duration="-1" />
	
	<Title ID="100" Text="Tân nhân vương - Thiếu Lâm" Description="Danh hiệu dành cho quán quân vô địch đấu trường thi đấu môn phái Thiếu Lâm. Có hiệu lực trong vòng 1 tuần." Duration="168" />
	<Title ID="101" Text="Tân nhân vương - Thiên Vương" Description="Danh hiệu dành cho quán quân vô địch đấu trường thi đấu môn phái Thiên Vương. Có hiệu lực trong vòng 1 tuần." Duration="168" />
	<Title ID="102" Text="Tân nhân vương - Cái Bang" Description="Danh hiệu dành cho quán quân vô địch đấu trường thi đấu môn phái Cái Bang. Có hiệu lực trong vòng 1 tuần." Duration="168" />
	<Title ID="103" Text="Tân nhân vương - Thiên Nhẫn" Description="Danh hiệu dành cho quán quân vô địch đấu trường thi đấu môn phái Thiên Nhẫn. Có hiệu lực trong vòng 1 tuần." Duration="168" />
	<Title ID="104" Text="Tân nhân vương - Nga My" Description="Danh hiệu dành cho quán quân vô địch đấu trường thi đấu môn phái Nga My. Có hiệu lực trong vòng 1 tuần." Duration="168" />
	<Title ID="105" Text="Tân nhân vương - Thúy Yên" Description="Danh hiệu dành cho quán quân vô địch đấu trường thi đấu môn phái Thúy Yên. Có hiệu lực trong vòng 1 tuần." Duration="168" />
	<Title ID="106" Text="Tân nhân vương - Đoàn Thị" Description="Danh hiệu dành cho quán quân vô địch đấu trường thi đấu môn phái Đại Lý Đoàn Thị. Có hiệu lực trong vòng 1 tuần." Duration="168" />
	<Title ID="107" Text="Tân nhân vương - Võ Đang" Description="Danh hiệu dành cho quán quân vô địch đấu trường thi đấu môn phái Võ Đang. Có hiệu lực trong vòng 1 tuần." Duration="168" />
	<Title ID="108" Text="Tân nhân vương - Côn Lôn" Description="Danh hiệu dành cho quán quân vô địch đấu trường thi đấu môn phái Côn Lôn. Có hiệu lực trong vòng 1 tuần." Duration="168" />
	<Title ID="109" Text="Tân nhân vương - Ngũ Độc" Description="Danh hiệu dành cho quán quân vô địch đấu trường thi đấu môn phái Ngũ Độc. Có hiệu lực trong vòng 1 tuần." Duration="168" />
	<Title ID="110" Text="Tân nhân vương - Đường Môn" Description="Danh hiệu dành cho quán quân vô địch đấu trường thi đấu môn phái Đường Môn. Có hiệu lực trong vòng 1 tuần." Duration="168" />
	<Title ID="111" Text="Tân nhân vương - Minh Giáo" Description="Danh hiệu dành cho quán quân vô địch đấu trường thi đấu môn phái Minh Giáo. Có hiệu lực trong vòng 1 tuần." Duration="168" />

	<Title ID="112" Text="Quán Quân Liên Đấu - Đơn Đấu" Description="Danh hiệu dành cho quán quân vô địch đấu trường liên đấu. Có hiệu lực trong vòng 1 tháng." Duration="720" />
	<Title ID="113" Text="Quán Quân Liên Đấu - Song Đấu" Description="Danh hiệu dành cho quán quân vô địch đấu trường liên đấu. Có hiệu lực trong vòng 1 tháng." Duration="720" />
	<Title ID="114" Text="Quán Quân Liên Đấu - Tam Đấu" Description="Danh hiệu dành cho quán quân vô địch đấu trường liên đấu. Có hiệu lực trong vòng 1 tháng." Duration="720" />
	<Title ID="115" Text="Quán Quân Liên Đấu - Tứ Đấu" Description="Danh hiệu dành cho quán quân vô địch đấu trường liên đấu. Có hiệu lực trong vòng 1 tháng." Duration="720" />
	
</Titles>