<?xml version="1.0" encoding="utf-8"?>
<Map>
  <NPCs>
	<NPC Code="3698" Name="Xa Phu" 	MinimapName="" VisibleOnMinimap="1" Title="" X="8390" Y="4990" Dir="7" ScriptID="13"/>
	<NPC Code="2599" Name="Trâu Đức Khoái" MinimapName="Thủ Khố" VisibleOnMinimap="1" Title="Thủ Khố" X="9350" Y="4630" Dir="1" ScriptID="12"/>
	<NPC Code="2605" Name="Bán Ngựa" MinimapName="" VisibleOnMinimap="1" Title="" X="9670" Y="4410" Dir="1" ScriptID="37"/>
	<NPC Code="2608" Name="Hoàn Nhan Long Húc" MinimapName="Chiêu Mộ Sứ (Kim)" VisibleOnMinimap="1" Title="Chiêu Mộ Sứ (Kim)" X="7730" Y="4310" Dir="7" ScriptID="19" />
	<NPC Code="2654" Name="Hộ Vệ Bạch Hổ Đường" MinimapName="Truyền Tống Bạch Hổ Đường" VisibleOnMinimap="1" Title="Truyền Tống Bạch Hổ Đường" X="6410" Y="4170" Dir="1" ScriptID="400012"/>
	<NPC Code="2601" Name="Lễ Quan" MinimapName="" VisibleOnMinimap="1" Title="" X="8170" Y="3670" Dir="1" ScriptID="149"/>
	<NPC Code="2607" Name="Triệu Nguyên Tịnh" MinimapName="Chiêu Mộ Sứ (Tống)" VisibleOnMinimap="1" Title="Chiêu Mộ Sứ (Tống)" X="9450" Y="3650" Dir="7" ScriptID="18" />
	<NPC Code="2994" Name="Bổ Đầu Hình Bộ" MinimapName="" VisibleOnMinimap="1" Title="" X="10050" Y="3310" Dir="1" ScriptID="34"/>
	<NPC Code="2606" Name="Hoàng Thường" MinimapName="Đặc sứ Võ Lâm Minh Chủ" VisibleOnMinimap="1" Title="Đặc sứ Võ Lâm Minh Chủ" X="11150" Y="3350" Dir="7" ScriptID="41"/>
	<NPC Code="3384" Name="Quan Liên Đấu Sơ Cấp" MinimapName="Quan Liên Đấu (Sơ Cấp) " VisibleOnMinimap="1" Title="" X="11930" Y="2670" Dir="1" ScriptID="21" />
	<NPC Code="3679" Name="Bang hội liên minh sứ" MinimapName="" VisibleOnMinimap="1" Title="" X="12570" Y="2370" Dir="1" ScriptID="15" />
	<NPC Code="2599" Name="Trâu Đức Khoái" MinimapName="Thủ Khố" VisibleOnMinimap="1" Title="Thủ Khố" X="8190" Y="2330" Dir="7" ScriptID="12"/>
	<NPC Code="3698" Name="Xa Phu" 	MinimapName="" VisibleOnMinimap="1" Title="" X="7870" Y="2170" Dir="7" ScriptID="13"/>
	<NPC Code="6783" Name="Tạ Hiền" MinimapName="Tiền Trang" VisibleOnMinimap="1" Title="Chủ Tiền Trang" X="6890" Y="2410" Dir="1"  ScriptID="14"/>
	<NPC Code="3574" Name="Dã Luyện Đại Sư" MinimapName="" VisibleOnMinimap="1" Title="" X="6550" Y="2510" Dir="1" ScriptID="33"/>
	<NPC Code="2711" Name="Quan Quân Nhu (nghĩa quân)" MinimapName="" VisibleOnMinimap="1" Title="" X="6370" Y="3330" Dir="3" ScriptID="17" />
	<NPC Code="3573" Name="Bao Vạn Đồng" MinimapName="" VisibleOnMinimap="1" Title="" X="6250" Y="3250" Dir="3" ScriptID="3"/>
	<NPC Code="6782" Name="Đại Lão Bạch" MinimapName="Tửu Lầu" VisibleOnMinimap="1" Title="Chủ Tửu Lầu" X="7350" Y="3450" Dir="1" ScriptID="24"/>
	<NPC Code="6781" Name="Bất Động Tiên Sinh" MinimapName="Tạp Hóa" VisibleOnMinimap="1" Title="Chủ Tiệm Tạp Hóa" X="5970" Y="3750" Dir="1" ScriptID="28"/>
	<NPC Code="6780" Name="Trương Trảm Kinh" MinimapName="Thuốc" VisibleOnMinimap="1" Title="Chủ Tiệm Thuốc" X="5390" Y="3850" Dir="7" 	ScriptID="27"/>
	<NPC Code="3569" Name="Mộc Lương" MinimapName="Gỗ" VisibleOnMinimap="1" Title="Chủ Tiệm Gỗ" X="4790" Y="3810" Dir="7"  ScriptID="23"/>
	<NPC Code="2963" Name="Thương Nhân Đặc Sản" MinimapName="" VisibleOnMinimap="1" Title="" X="5270" Y="3210" Dir="3" ScriptID="31"/>
	<NPC Code="3568" Name="Trương Tùng Đào" MinimapName="Da" VisibleOnMinimap="1" Title="Chủ Tiệm Da" X="3990" Y="3470" Dir="1" ScriptID="22"/>
	<NPC Code="6777" Name="Điềm Tửu Thúc" MinimapName="Binh Khí" VisibleOnMinimap="1" Title="Chủ Tiệm Binh Khí" X="3590" Y="3190" Dir="7" ScriptID="29"/>
	<NPC Code="6778" Name="Thẩm Hà Diệp" MinimapName="Phòng Cụ" VisibleOnMinimap="1" Title="Chủ Tiệm Phòng Cụ" X="4170" Y="2790" Dir="1" ScriptID="25" />
	<NPC Code="6779" Name="Hách Phiêu Tịnh" MinimapName="Trang Sức" VisibleOnMinimap="1" Title="Chủ Tiệm Trang Sức" X="4550" Y="2630" Dir="1" ScriptID="26" />
	<NPC Code="2599" Name="Trâu Đức Khoái" MinimapName="Thủ Khố" VisibleOnMinimap="1" Title="Thủ Khố" X="2930" Y="2290" Dir="7" ScriptID="12"/>
	<NPC Code="3698" Name="Xa Phu" 	MinimapName="" VisibleOnMinimap="1" Title="" X="3290" Y="1970" Dir="1" ScriptID="13"/>
	<NPC Code="2965" Name="Chủ Thương Hội" MinimapName="" VisibleOnMinimap="1" Title="" X="4230" Y="1450" Dir="7"  ScriptID="35"/>
	
	<NPC Code="3406" Name="Quan Lãnh Thổ" MinimapName="" VisibleOnMinimap="1" Title="" X="1730" Y="2390" Dir="5" ScriptID="16"/>
	<NPC Code="3385" Name="Quan Liên Đấu (Cao Cấp)" MinimapName="" VisibleOnMinimap="1" Title="" X="2390" Y="2710" Dir="1" ScriptID="20"/>
	<NPC Code="2599" Name="Trâu Đức Khoái" MinimapName="Thủ Khố" VisibleOnMinimap="1" Title="Thủ Khố" X="2790" Y="3790" Dir="1" ScriptID="12"/>
	<NPC Code="3698" Name="Xa Phu" 	MinimapName="" VisibleOnMinimap="1" Title="" X="2450" Y="4010" Dir="1" ScriptID="13"/>
	<NPC Code="2625" Name="Vân Du Tăng Nhân" MinimapName="" VisibleOnMinimap="1" Title="" X="5130" Y="5150" Dir="7" ScriptID="60"/>
	
	<NPC Code="2758" Name="Phát Mãi Sư" MinimapName="" VisibleOnMinimap="1" Title="" X="4730" Y="1210" Dir="1" ScriptID="157"/>
    <NPC Code="3578" Name="Rương cũ nát" MinimapName="" VisibleOnMinimap="1" Title="" X="7160" Y="2098" Dir="1" ScriptID="157"/>
	
	<NPC Code="2955" Name="Mã Xuyên Sơn" MinimapName="" VisibleOnMinimap="1" Title="Tiếp dẫn Ải Gia Tộc" X="9622" Y="2813" Dir="7" ScriptID="200"/>
	<!-- NPC Nhiệm Vụ -->
	<NPC Code="549" Name="Nam Cung Uyển Nhi" MinimapName="" VisibleOnMinimap="1" Title="" X="12719" Y="3554" Dir="1" ScriptID="157"/>
	<NPC Code="550" Name="Tế Nặc La" MinimapName="" VisibleOnMinimap="1" Title="" X="12941" Y="3442" Dir="1" ScriptID="157"/>
	<NPC Code="1048" Name="Tạ Mãn Đình" MinimapName="" VisibleOnMinimap="1" Title="" X="13159" Y="3316" Dir="1" ScriptID="157"/>
	<NPC Code="1047" Name="Thích Khách Bị Bắt" MinimapName="" VisibleOnMinimap="1" Title="" X="13295" Y="3152" Dir="1" ScriptID="157"/>
	<NPC Code="3498" Name="Vũ Thanh Phong" MinimapName="" VisibleOnMinimap="1" Title="" X="13743" Y="2929" Dir="1" ScriptID="157"/>
	<NPC Code="3496" Name="Đại Giới Thiền Sư" MinimapName="" VisibleOnMinimap="1" Title="" X="14046" Y="2873" Dir="1" ScriptID="157"/>
	<NPC Code="3499" Name="Kiều Tang Tử" MinimapName="" VisibleOnMinimap="1" Title="" X="13685" Y="2630" Dir="5" ScriptID="157"/>
	<NPC Code="650" Name="Đại Tráng" MinimapName="" VisibleOnMinimap="1" Title="" X="4724" Y="3472" Dir="0" ScriptID="157"/>
	
   
  </NPCs>
</Map>