﻿<?xml version="1.0" encoding="utf-8"?>
<Map>
  <Monsters>
     <Monster ID="1" Code="2297" X="7782" Y="6062" Radius="300" Num="20" Timeslot="10" PursuitRadius="60" BirthType="0" TimePoints="0" BirthRate="1" />
	 <Monster ID="2" Code="2297" X="9775" Y="5614" Radius="300" Num="20" Timeslot="10" PursuitRadius="60" BirthType="0" TimePoints="0" BirthRate="1" />
	 <Monster ID="3" Code="2297" X="9035" Y="6574" Radius="300" Num="20" Timeslot="10" PursuitRadius="60" BirthType="0" TimePoints="0" BirthRate="1" />
	 
	 <Monster ID="4" Code="2298" X="7529" Y="2690" Radius="300" Num="20" Timeslot="10" PursuitRadius="60" BirthType="0" TimePoints="0" BirthRate="1" />
	 <Monster ID="5" Code="2298" X="9327" Y="3028" Radius="300" Num="20" Timeslot="10" PursuitRadius="60" BirthType="0" TimePoints="0" BirthRate="1" />
	 <Monster ID="6" Code="2298" X="7658" Y="4593" Radius="300" Num="20" Timeslot="10" PursuitRadius="60" BirthType="0" TimePoints="0" BirthRate="1" />
	 <Monster ID="7" Code="2298" X="5826" Y="3949" Radius="300" Num="20" Timeslot="10" PursuitRadius="60" BirthType="0" TimePoints="0" BirthRate="1" />
	 	 
	 <Monster ID="8" Code="2299" X="2468" Y="3622" Radius="300" Num="20" Timeslot="10" PursuitRadius="60" BirthType="0" TimePoints="0" BirthRate="1" />
	 <Monster ID="9" Code="2299" X="4314" Y="3028" Radius="300" Num="20" Timeslot="10" PursuitRadius="60" BirthType="0" TimePoints="0" BirthRate="1" />
	 <Monster ID="10" Code="2299" X="5684" Y="1835" Radius="300" Num="20" Timeslot="10" PursuitRadius="60" BirthType="0" TimePoints="0" BirthRate="1" />
	 <Monster ID="11" Code="2299" X="2737" Y="2193" Radius="300" Num="20" Timeslot="10" PursuitRadius="60" BirthType="0" TimePoints="0" BirthRate="1" />
	 <Monster ID="12" Code="2299" X="1387" Y="2639" Radius="300" Num="20" Timeslot="10" PursuitRadius="60" BirthType="0" TimePoints="0" BirthRate="1" />
	 
	 <Monster ID="13" Code="2300" X="2017" Y="5919" Radius="300" Num="20" Timeslot="10" PursuitRadius="60" BirthType="0" TimePoints="0" BirthRate="1" />
	 <Monster ID="14" Code="2300" X="3214" Y="4874" Radius="300" Num="20" Timeslot="10" PursuitRadius="60" BirthType="0" TimePoints="0" BirthRate="1" />
	 <Monster ID="15" Code="2300" X="4608" Y="6620" Radius="300" Num="20" Timeslot="10" PursuitRadius="60" BirthType="0" TimePoints="0" BirthRate="1" />
	 <Monster ID="16" Code="2300" X="4790" Y="5569" Radius="300" Num="20" Timeslot="10" PursuitRadius="60" BirthType="0" TimePoints="0" BirthRate="1" />
<!-- HT 
	 <Monster ID="17" Code="3107" X="931" Y="1699" Radius="100" Num="1" Timeslot="300" PursuitRadius="10" BirthType="0" TimePoints="0" BirthRate="1" />
	 <Monster ID="18" Code="3108" X="861" Y="5062" Radius="100" Num="1" Timeslot="300" PursuitRadius="10" BirthType="0" TimePoints="0" BirthRate="1" />
	 <Monster ID="19" Code="3109" X="9938" Y="4642" Radius="100" Num="1" Timeslot="300" PursuitRadius="10" BirthType="0" TimePoints="0" BirthRate="1" />
	 <Monster ID="20" Code="3110" X="7116" Y="744" Radius="100" Num="1" Timeslot="300" PursuitRadius="10" BirthType="0" TimePoints="0" BirthRate="1" />
-->
  </Monsters>
</Map>