﻿<?xml version="1.0" encoding="utf-8"?>
<Map>
  <Monsters>
    <Monster ID="1" Code="2129" X="3785" Y="5115" Radius="300" Num="20" Timeslot="10" PursuitRadius="60" BirthType="0" TimePoints="0" BirthRate="1" />
	<Monster ID="2" Code="2129" X="5541" Y="6111" Radius="300" Num="20" Timeslot="10" PursuitRadius="60" BirthType="0" TimePoints="0" BirthRate="1" />
	<Monster ID="3" Code="2129" X="4800" Y="5586" Radius="300" Num="20" Timeslot="10" PursuitRadius="60" BirthType="0" TimePoints="0" BirthRate="1" />
	<Monster ID="5" Code="2129" X="1701" Y="5679" Radius="300" Num="20" Timeslot="10" PursuitRadius="60" BirthType="0" TimePoints="0" BirthRate="1" />
	<Monster ID="6" Code="2129" X="2230" Y="4699" Radius="300" Num="20" Timeslot="10" PursuitRadius="60" BirthType="0" TimePoints="0" BirthRate="1" />
	
    <Monster ID="7" Code="2130" X="4706" Y="3173" Radius="300" Num="20" Timeslot="10" PursuitRadius="60" BirthType="0" TimePoints="0" BirthRate="1" />
	<Monster ID="8" Code="2130" X="7027" Y="5200" Radius="300" Num="20" Timeslot="10" PursuitRadius="60" BirthType="0" TimePoints="0" BirthRate="1" />
	<Monster ID="9" Code="2130" X="7311" Y="4461" Radius="300" Num="20" Timeslot="10" PursuitRadius="60" BirthType="0" TimePoints="0" BirthRate="1" />
	<Monster ID="10" Code="2130" X="7404" Y="3318" Radius="300" Num="20" Timeslot="10" PursuitRadius="60" BirthType="0" TimePoints="0" BirthRate="1" />
		
	<Monster ID="11" Code="2131" X="6703" Y="829" Radius="300" Num="20" Timeslot="10" PursuitRadius="60" BirthType="0" TimePoints="0" BirthRate="1" />
	<Monster ID="12" Code="2131" X="4461" Y="1719" Radius="300" Num="20" Timeslot="10" PursuitRadius="60" BirthType="0" TimePoints="0" BirthRate="1" />
	<Monster ID="13" Code="2131" X="5740" Y="1841" Radius="300" Num="20" Timeslot="10" PursuitRadius="60" BirthType="0" TimePoints="0" BirthRate="1" />
	<Monster ID="14" Code="2131" X="7010" Y="1729" Radius="300" Num="20" Timeslot="10" PursuitRadius="60" BirthType="0" TimePoints="0" BirthRate="1" />

<!--    Hai Tac    -->
	<Monster ID="15" Code="3019" X="2338" Y="6265" Radius="100" Num="1" Timeslot="300" PursuitRadius="10" BirthType="0" TimePoints="0" BirthRate="1" />
	<Monster ID="16" Code="3020" X="1077" Y="4764" Radius="100" Num="1" Timeslot="300" PursuitRadius="10" BirthType="0" TimePoints="0" BirthRate="1" />
	<Monster ID="17" Code="3021" X="2378" Y="535" Radius="100" Num="1" Timeslot="300" PursuitRadius="10" BirthType="0" TimePoints="0" BirthRate="1" />
	<Monster ID="18" Code="3022" X="7254" Y="601" Radius="100" Num="1" Timeslot="300" PursuitRadius="10" BirthType="0" TimePoints="0" BirthRate="1" />
<!-- Monsster Nhiem vu -->
	<Monster ID="21" Code="555" X="3281" Y="4029" Radius="100" Num="1" Timeslot="20" PursuitRadius="60" BirthType="0" TimePoints="" BirthRate="1" />  
	<Monster ID="22" Code="555" X="3581" Y="3615" Radius="100" Num="1" Timeslot="20" PursuitRadius="60" BirthType="0" TimePoints="" BirthRate="1" />  
	<Monster ID="23" Code="555" X="3428" Y="3787" Radius="100" Num="1" Timeslot="20" PursuitRadius="60" BirthType="0" TimePoints="" BirthRate="1" />  
<!-- TH -->
	<Monster ID="24" Code="2967" X="3378" Y="6039" Radius="100" Num="1" Timeslot="78" PursuitRadius="10" BirthType="0" TimePoints="0" BirthRate="1" />
	<Monster ID="25" Code="2967" X="4129" Y="6097" Radius="100" Num="1" Timeslot="78" PursuitRadius="10" BirthType="0" TimePoints="0" BirthRate="1" />
	<Monster ID="26" Code="2967" X="3321" Y="5839" Radius="100" Num="1" Timeslot="78" PursuitRadius="10" BirthType="0" TimePoints="0" BirthRate="1" />

   
  </Monsters>
</Map>