<?xml version="1.0" encoding="utf-8"?>
<ArrayOfItemData xmlns:xsi="http://www.w3.org/2001/XMLSchema-instance" xmlns:xsd="http://www.w3.org/2001/XMLSchema">
  <ItemData ItemID="3304" Name="Trường Ngoa" IconBundleDir="Icon/EquipIcon2.unity3d" IconAtlasName="EquipIcon2" MapSpriteBundleDir="Resources/Item/MapSprite.unity3d" MapSpriteAtlasName="MapSprite" Kind="Trường Ngoa" QualityPrefix="0" Category="1" Genre="1" Stack="1" DetailType="7" ParticularType="1" Level="1" SuiteID="0" Icon="boots_m_101" View="boots_m_101_s" Intro="" Help="" ObjID="22" BindType="2" Series="-1" ReqLevel="0" CDType="0" Price="1" ItemValue="1" MakeCost="-1" ResMale="-1" ResFemale="-1" FightPower="0" ScriptID="-1" DeductOnUse="false" BuffID="-1">
    <ListBasicProp BasicPropType="damage_series_resist" BasicPropPA1Min="1" BasicPropPA1Max="5" BasicPropPA2Min="-1" BasicPropPA2Max="-1" BasicPropPA3Min="-1" BasicPropPA3Max="-1" Index="1" />
    <ListReqProp ReqPropType="5" ReqPropValue="1" Index="1" />
    <ListReqProp ReqPropType="8" ReqPropValue="0" Index="2" />
    <ListEnhance EnhTimes="4" EnhMAName="lifereplenish_v" EnhMAPA1Min="20" EnhMAPA1Max="20" EnhMAPA2Min="0" EnhMAPA2Max="0" EnhMAPA3Min="0" EnhMAPA3Max="0" Index="1" />
    <UnLockInterval>-1</UnLockInterval>
  </ItemData>
  <ItemData ItemID="3305" Name="Ô Cách Ngoa" IconBundleDir="Icon/EquipIcon2.unity3d" IconAtlasName="EquipIcon2" MapSpriteBundleDir="Resources/Item/MapSprite.unity3d" MapSpriteAtlasName="MapSprite" Kind="Ô Cách Ngoa" QualityPrefix="0" Category="1" Genre="1" Stack="1" DetailType="7" ParticularType="1" Level="2" SuiteID="0" Icon="boots_m_102" View="boots_m_102_s" Intro="" Help="" ObjID="22" BindType="2" Series="-1" ReqLevel="0" CDType="0" Price="1" ItemValue="1" MakeCost="-1" ResMale="-1" ResFemale="-1" FightPower="0" ScriptID="-1" DeductOnUse="false" BuffID="-1">
    <ListBasicProp BasicPropType="damage_series_resist" BasicPropPA1Min="6" BasicPropPA1Max="10" BasicPropPA2Min="-1" BasicPropPA2Max="-1" BasicPropPA3Min="-1" BasicPropPA3Max="-1" Index="1" />
    <ListReqProp ReqPropType="5" ReqPropValue="11" Index="1" />
    <ListReqProp ReqPropType="8" ReqPropValue="0" Index="2" />
    <ListEnhance EnhTimes="4" EnhMAName="lifereplenish_v" EnhMAPA1Min="20" EnhMAPA1Max="20" EnhMAPA2Min="0" EnhMAPA2Max="0" EnhMAPA3Min="0" EnhMAPA3Max="0" Index="1" />
    <UnLockInterval>-1</UnLockInterval>
  </ItemData>
  <ItemData ItemID="3306" Name="Thị Vệ Ngoa" IconBundleDir="Icon/EquipIcon2.unity3d" IconAtlasName="EquipIcon2" MapSpriteBundleDir="Resources/Item/MapSprite.unity3d" MapSpriteAtlasName="MapSprite" Kind="Thị Vệ Ngoa" QualityPrefix="0" Category="1" Genre="1" Stack="1" DetailType="7" ParticularType="1" Level="3" SuiteID="0" Icon="boots_m_103" View="boots_m_103_s" Intro="" Help="" ObjID="22" BindType="2" Series="-1" ReqLevel="0" CDType="0" Price="1" ItemValue="1" MakeCost="-1" ResMale="-1" ResFemale="-1" FightPower="0" ScriptID="-1" DeductOnUse="false" BuffID="-1">
    <ListBasicProp BasicPropType="damage_series_resist" BasicPropPA1Min="11" BasicPropPA1Max="15" BasicPropPA2Min="-1" BasicPropPA2Max="-1" BasicPropPA3Min="-1" BasicPropPA3Max="-1" Index="1" />
    <ListReqProp ReqPropType="5" ReqPropValue="21" Index="1" />
    <ListReqProp ReqPropType="8" ReqPropValue="0" Index="2" />
    <ListEnhance EnhTimes="4" EnhMAName="lifereplenish_v" EnhMAPA1Min="20" EnhMAPA1Max="20" EnhMAPA2Min="0" EnhMAPA2Max="0" EnhMAPA3Min="0" EnhMAPA3Max="0" Index="1" />
    <UnLockInterval>-1</UnLockInterval>
  </ItemData>
  <ItemData ItemID="3307" Name="Khảm Giáp Ngoa" IconBundleDir="Icon/EquipIcon2.unity3d" IconAtlasName="EquipIcon2" MapSpriteBundleDir="Resources/Item/MapSprite.unity3d" MapSpriteAtlasName="MapSprite" Kind="Khảm Giáp Ngoa" QualityPrefix="0" Category="1" Genre="1" Stack="1" DetailType="7" ParticularType="1" Level="4" SuiteID="0" Icon="boots_m_104" View="boots_m_104_s" Intro="" Help="" ObjID="22" BindType="2" Series="-1" ReqLevel="0" CDType="0" Price="1" ItemValue="1" MakeCost="-1" ResMale="-1" ResFemale="-1" FightPower="0" ScriptID="-1" DeductOnUse="false" BuffID="-1">
    <ListBasicProp BasicPropType="damage_series_resist" BasicPropPA1Min="16" BasicPropPA1Max="20" BasicPropPA2Min="-1" BasicPropPA2Max="-1" BasicPropPA3Min="-1" BasicPropPA3Max="-1" Index="1" />
    <ListReqProp ReqPropType="5" ReqPropValue="31" Index="1" />
    <ListReqProp ReqPropType="8" ReqPropValue="0" Index="2" />
    <ListEnhance EnhTimes="4" EnhMAName="lifereplenish_v" EnhMAPA1Min="20" EnhMAPA1Max="20" EnhMAPA2Min="0" EnhMAPA2Max="0" EnhMAPA3Min="0" EnhMAPA3Max="0" Index="1" />
    <ListEnhance EnhTimes="8" EnhMAName="manamax_p" EnhMAPA1Min="15" EnhMAPA1Max="15" EnhMAPA2Min="0" EnhMAPA2Max="0" EnhMAPA3Min="0" EnhMAPA3Max="0" Index="2" />
    <UnLockInterval>-1</UnLockInterval>
  </ItemData>
  <ItemData ItemID="3308" Name="Thần Hành Ngoa" IconBundleDir="Icon/EquipIcon2.unity3d" IconAtlasName="EquipIcon2" MapSpriteBundleDir="Resources/Item/MapSprite.unity3d" MapSpriteAtlasName="MapSprite" Kind="Thần Hành Ngoa" QualityPrefix="0" Category="1" Genre="1" Stack="1" DetailType="7" ParticularType="1" Level="5" SuiteID="0" Icon="boots_m_105" View="boots_m_105_s" Intro="" Help="" ObjID="22" BindType="2" Series="-1" ReqLevel="0" CDType="0" Price="1" ItemValue="1" MakeCost="-1" ResMale="-1" ResFemale="-1" FightPower="0" ScriptID="-1" DeductOnUse="false" BuffID="-1">
    <ListBasicProp BasicPropType="damage_series_resist" BasicPropPA1Min="21" BasicPropPA1Max="25" BasicPropPA2Min="-1" BasicPropPA2Max="-1" BasicPropPA3Min="-1" BasicPropPA3Max="-1" Index="1" />
    <ListReqProp ReqPropType="5" ReqPropValue="41" Index="1" />
    <ListReqProp ReqPropType="8" ReqPropValue="0" Index="2" />
    <ListEnhance EnhTimes="4" EnhMAName="lifereplenish_v" EnhMAPA1Min="20" EnhMAPA1Max="20" EnhMAPA2Min="0" EnhMAPA2Max="0" EnhMAPA3Min="0" EnhMAPA3Max="0" Index="1" />
    <ListEnhance EnhTimes="8" EnhMAName="manamax_p" EnhMAPA1Min="15" EnhMAPA1Max="15" EnhMAPA2Min="0" EnhMAPA2Max="0" EnhMAPA3Min="0" EnhMAPA3Max="0" Index="2" />
    <UnLockInterval>-1</UnLockInterval>
  </ItemData>
  <ItemData ItemID="3309" Name="Phi Vũ Ngoa" IconBundleDir="Icon/EquipIcon2.unity3d" IconAtlasName="EquipIcon2" MapSpriteBundleDir="Resources/Item/MapSprite.unity3d" MapSpriteAtlasName="MapSprite" Kind="Phi Vũ Ngoa" QualityPrefix="0" Category="1" Genre="1" Stack="1" DetailType="7" ParticularType="1" Level="6" SuiteID="0" Icon="boots_m_106" View="boots_m_106_s" Intro="" Help="" ObjID="22" BindType="2" Series="-1" ReqLevel="0" CDType="0" Price="1" ItemValue="1" MakeCost="-1" ResMale="-1" ResFemale="-1" FightPower="0" ScriptID="-1" DeductOnUse="false" BuffID="-1">
    <ListBasicProp BasicPropType="damage_series_resist" BasicPropPA1Min="26" BasicPropPA1Max="30" BasicPropPA2Min="-1" BasicPropPA2Max="-1" BasicPropPA3Min="-1" BasicPropPA3Max="-1" Index="1" />
    <ListReqProp ReqPropType="5" ReqPropValue="51" Index="1" />
    <ListReqProp ReqPropType="8" ReqPropValue="0" Index="2" />
    <ListEnhance EnhTimes="4" EnhMAName="lifereplenish_v" EnhMAPA1Min="20" EnhMAPA1Max="20" EnhMAPA2Min="0" EnhMAPA2Max="0" EnhMAPA3Min="0" EnhMAPA3Max="0" Index="1" />
    <ListEnhance EnhTimes="8" EnhMAName="manamax_p" EnhMAPA1Min="15" EnhMAPA1Max="15" EnhMAPA2Min="0" EnhMAPA2Max="0" EnhMAPA3Min="0" EnhMAPA3Max="0" Index="2" />
    <UnLockInterval>-1</UnLockInterval>
  </ItemData>
  <ItemData ItemID="3310" Name="Ưng Sí Ngoa" IconBundleDir="Icon/EquipIcon2.unity3d" IconAtlasName="EquipIcon2" MapSpriteBundleDir="Resources/Item/MapSprite.unity3d" MapSpriteAtlasName="MapSprite" Kind="Ưng Sí Ngoa" QualityPrefix="0" Category="1" Genre="1" Stack="1" DetailType="7" ParticularType="1" Level="7" SuiteID="0" Icon="boots_m_107" View="boots_m_107_s" Intro="" Help="" ObjID="22" BindType="2" Series="-1" ReqLevel="0" CDType="0" Price="1" ItemValue="1" MakeCost="-1" ResMale="-1" ResFemale="-1" FightPower="0" ScriptID="-1" DeductOnUse="false" BuffID="-1">
    <ListBasicProp BasicPropType="damage_series_resist" BasicPropPA1Min="31" BasicPropPA1Max="35" BasicPropPA2Min="-1" BasicPropPA2Max="-1" BasicPropPA3Min="-1" BasicPropPA3Max="-1" Index="1" />
    <ListReqProp ReqPropType="5" ReqPropValue="61" Index="1" />
    <ListReqProp ReqPropType="8" ReqPropValue="0" Index="2" />
    <ListEnhance EnhTimes="4" EnhMAName="lifereplenish_v" EnhMAPA1Min="20" EnhMAPA1Max="20" EnhMAPA2Min="0" EnhMAPA2Max="0" EnhMAPA3Min="0" EnhMAPA3Max="0" Index="1" />
    <ListEnhance EnhTimes="8" EnhMAName="manamax_p" EnhMAPA1Min="15" EnhMAPA1Max="15" EnhMAPA2Min="0" EnhMAPA2Max="0" EnhMAPA3Min="0" EnhMAPA3Max="0" Index="2" />
    <ListEnhance EnhTimes="10" EnhMAName="lifemax_v" EnhMAPA1Min="80" EnhMAPA1Max="80" EnhMAPA2Min="0" EnhMAPA2Max="0" EnhMAPA3Min="0" EnhMAPA3Max="0" Index="3" />
    <ListEnhance EnhTimes="12" EnhMAName="state_burn_resisttime" EnhMAPA1Min="160" EnhMAPA1Max="160" EnhMAPA2Min="0" EnhMAPA2Max="0" EnhMAPA3Min="0" EnhMAPA3Max="0" Index="4" />
    <UnLockInterval>-1</UnLockInterval>
  </ItemData>
  <ItemData ItemID="3311" Name="Tuyệt Hỏa Ngoa" IconBundleDir="Icon/EquipIcon2.unity3d" IconAtlasName="EquipIcon2" MapSpriteBundleDir="Resources/Item/MapSprite.unity3d" MapSpriteAtlasName="MapSprite" Kind="Tuyệt Hỏa Ngoa" QualityPrefix="0" Category="1" Genre="1" Stack="1" DetailType="7" ParticularType="1" Level="8" SuiteID="0" Icon="boots_m_108" View="boots_m_108_s" Intro="" Help="" ObjID="22" BindType="2" Series="-1" ReqLevel="0" CDType="0" Price="1" ItemValue="1" MakeCost="-1" ResMale="-1" ResFemale="-1" FightPower="0" ScriptID="-1" DeductOnUse="false" BuffID="-1">
    <ListBasicProp BasicPropType="damage_series_resist" BasicPropPA1Min="36" BasicPropPA1Max="40" BasicPropPA2Min="-1" BasicPropPA2Max="-1" BasicPropPA3Min="-1" BasicPropPA3Max="-1" Index="1" />
    <ListReqProp ReqPropType="5" ReqPropValue="71" Index="1" />
    <ListReqProp ReqPropType="8" ReqPropValue="0" Index="2" />
    <ListEnhance EnhTimes="4" EnhMAName="lifereplenish_v" EnhMAPA1Min="22" EnhMAPA1Max="22" EnhMAPA2Min="0" EnhMAPA2Max="0" EnhMAPA3Min="0" EnhMAPA3Max="0" Index="1" />
    <ListEnhance EnhTimes="8" EnhMAName="manamax_p" EnhMAPA1Min="15" EnhMAPA1Max="15" EnhMAPA2Min="0" EnhMAPA2Max="0" EnhMAPA3Min="0" EnhMAPA3Max="0" Index="2" />
    <ListEnhance EnhTimes="10" EnhMAName="lifemax_v" EnhMAPA1Min="90" EnhMAPA1Max="90" EnhMAPA2Min="0" EnhMAPA2Max="0" EnhMAPA3Min="0" EnhMAPA3Max="0" Index="3" />
    <ListEnhance EnhTimes="12" EnhMAName="state_burn_resisttime" EnhMAPA1Min="170" EnhMAPA1Max="170" EnhMAPA2Min="0" EnhMAPA2Max="0" EnhMAPA3Min="0" EnhMAPA3Max="0" Index="4" />
    <UnLockInterval>-1</UnLockInterval>
  </ItemData>
  <ItemData ItemID="3312" Name="Tung Hoành Ngoa" IconBundleDir="Icon/EquipIcon2.unity3d" IconAtlasName="EquipIcon2" MapSpriteBundleDir="Resources/Item/MapSprite.unity3d" MapSpriteAtlasName="MapSprite" Kind="Tung Hoành Ngoa" QualityPrefix="0" Category="1" Genre="1" Stack="1" DetailType="7" ParticularType="1" Level="9" SuiteID="0" Icon="boots_m_109" View="boots_m_109_s" Intro="" Help="" ObjID="22" BindType="2" Series="-1" ReqLevel="0" CDType="0" Price="1" ItemValue="1" MakeCost="-1" ResMale="-1" ResFemale="-1" FightPower="0" ScriptID="-1" DeductOnUse="false" BuffID="-1">
    <ListBasicProp BasicPropType="damage_series_resist" BasicPropPA1Min="41" BasicPropPA1Max="45" BasicPropPA2Min="-1" BasicPropPA2Max="-1" BasicPropPA3Min="-1" BasicPropPA3Max="-1" Index="1" />
    <ListReqProp ReqPropType="5" ReqPropValue="81" Index="1" />
    <ListReqProp ReqPropType="8" ReqPropValue="0" Index="2" />
    <ListEnhance EnhTimes="4" EnhMAName="lifereplenish_v" EnhMAPA1Min="24" EnhMAPA1Max="24" EnhMAPA2Min="0" EnhMAPA2Max="0" EnhMAPA3Min="0" EnhMAPA3Max="0" Index="1" />
    <ListEnhance EnhTimes="8" EnhMAName="manamax_p" EnhMAPA1Min="16" EnhMAPA1Max="16" EnhMAPA2Min="0" EnhMAPA2Max="0" EnhMAPA3Min="0" EnhMAPA3Max="0" Index="2" />
    <ListEnhance EnhTimes="10" EnhMAName="lifemax_v" EnhMAPA1Min="100" EnhMAPA1Max="100" EnhMAPA2Min="0" EnhMAPA2Max="0" EnhMAPA3Min="0" EnhMAPA3Max="0" Index="3" />
    <ListEnhance EnhTimes="12" EnhMAName="state_burn_resisttime" EnhMAPA1Min="180" EnhMAPA1Max="180" EnhMAPA2Min="0" EnhMAPA2Max="0" EnhMAPA3Min="0" EnhMAPA3Max="0" Index="4" />
    <UnLockInterval>-1</UnLockInterval>
  </ItemData>
  <ItemData ItemID="3313" Name="Thiên Tàm Ngoa" IconBundleDir="Icon/EquipIcon2.unity3d" IconAtlasName="EquipIcon2" MapSpriteBundleDir="Resources/Item/MapSprite.unity3d" MapSpriteAtlasName="MapSprite" Kind="Thiên Tàm Ngoa" QualityPrefix="0" Category="1" Genre="1" Stack="1" DetailType="7" ParticularType="1" Level="10" SuiteID="0" Icon="boots_m_110" View="boots_m_110_s" Intro="" Help="" ObjID="22" BindType="2" Series="-1" ReqLevel="0" CDType="0" Price="1" ItemValue="1" MakeCost="-1" ResMale="-1" ResFemale="-1" FightPower="0" ScriptID="-1" DeductOnUse="false" BuffID="-1">
    <ListBasicProp BasicPropType="damage_series_resist" BasicPropPA1Min="46" BasicPropPA1Max="50" BasicPropPA2Min="-1" BasicPropPA2Max="-1" BasicPropPA3Min="-1" BasicPropPA3Max="-1" Index="1" />
    <ListReqProp ReqPropType="5" ReqPropValue="91" Index="1" />
    <ListReqProp ReqPropType="8" ReqPropValue="0" Index="2" />
    <ListEnhance EnhTimes="4" EnhMAName="lifereplenish_v" EnhMAPA1Min="26" EnhMAPA1Max="26" EnhMAPA2Min="0" EnhMAPA2Max="0" EnhMAPA3Min="0" EnhMAPA3Max="0" Index="1" />
    <ListEnhance EnhTimes="8" EnhMAName="manamax_p" EnhMAPA1Min="17" EnhMAPA1Max="17" EnhMAPA2Min="0" EnhMAPA2Max="0" EnhMAPA3Min="0" EnhMAPA3Max="0" Index="2" />
    <ListEnhance EnhTimes="10" EnhMAName="lifemax_v" EnhMAPA1Min="120" EnhMAPA1Max="120" EnhMAPA2Min="0" EnhMAPA2Max="0" EnhMAPA3Min="0" EnhMAPA3Max="0" Index="3" />
    <ListEnhance EnhTimes="12" EnhMAName="state_burn_resisttime" EnhMAPA1Min="200" EnhMAPA1Max="200" EnhMAPA2Min="0" EnhMAPA2Max="0" EnhMAPA3Min="0" EnhMAPA3Max="0" Index="4" />
    <ListEnhance EnhTimes="14" EnhMAName="damage_fire_resist" EnhMAPA1Min="150" EnhMAPA1Max="150" EnhMAPA2Min="0" EnhMAPA2Max="0" EnhMAPA3Min="0" EnhMAPA3Max="0" Index="5" />
    <ListEnhance EnhTimes="16" EnhMAName="state_burn_resistrate" EnhMAPA1Min="175" EnhMAPA1Max="175" EnhMAPA2Min="0" EnhMAPA2Max="0" EnhMAPA3Min="0" EnhMAPA3Max="0" Index="6" />
    <ActiveBySuit StrTimes="15" StrMAName="state_burn_resistrate" StrMAPA1Min="80" StrMAPA1Max="80" StrMAPA2Min="0" StrMAPA2Max="0" StrMAPA3Min="0" StrMAPA3Max="0" Index="1" />
    <UnLockInterval>-1</UnLockInterval>
  </ItemData>
  <ItemData ItemID="3314" Name="Đoản Ngoa" IconBundleDir="Icon/EquipIcon2.unity3d" IconAtlasName="EquipIcon2" MapSpriteBundleDir="Resources/Item/MapSprite.unity3d" MapSpriteAtlasName="MapSprite" Kind="Đoản Ngoa" QualityPrefix="0" Category="1" Genre="1" Stack="1" DetailType="7" ParticularType="2" Level="1" SuiteID="0" Icon="boots_f_201" View="boots_f_201_s" Intro="" Help="" ObjID="22" BindType="2" Series="-1" ReqLevel="0" CDType="0" Price="1" ItemValue="1" MakeCost="-1" ResMale="-1" ResFemale="-1" FightPower="0" ScriptID="-1" DeductOnUse="false" BuffID="-1">
    <ListBasicProp BasicPropType="damage_series_resist" BasicPropPA1Min="1" BasicPropPA1Max="5" BasicPropPA2Min="-1" BasicPropPA2Max="-1" BasicPropPA3Min="-1" BasicPropPA3Max="-1" Index="1" />
    <ListReqProp ReqPropType="5" ReqPropValue="1" Index="1" />
    <ListReqProp ReqPropType="8" ReqPropValue="1" Index="2" />
    <ListEnhance EnhTimes="4" EnhMAName="lifereplenish_v" EnhMAPA1Min="20" EnhMAPA1Max="20" EnhMAPA2Min="0" EnhMAPA2Max="0" EnhMAPA3Min="0" EnhMAPA3Max="0" Index="1" />
    <UnLockInterval>-1</UnLockInterval>
  </ItemData>
  <ItemData ItemID="3315" Name="Kim Xỉ Ngoa" IconBundleDir="Icon/EquipIcon2.unity3d" IconAtlasName="EquipIcon2" MapSpriteBundleDir="Resources/Item/MapSprite.unity3d" MapSpriteAtlasName="MapSprite" Kind="Kim Xỉ Ngoa" QualityPrefix="0" Category="1" Genre="1" Stack="1" DetailType="7" ParticularType="2" Level="2" SuiteID="0" Icon="boots_f_202" View="boots_f_202_s" Intro="" Help="" ObjID="22" BindType="2" Series="-1" ReqLevel="0" CDType="0" Price="1" ItemValue="1" MakeCost="-1" ResMale="-1" ResFemale="-1" FightPower="0" ScriptID="-1" DeductOnUse="false" BuffID="-1">
    <ListBasicProp BasicPropType="damage_series_resist" BasicPropPA1Min="6" BasicPropPA1Max="10" BasicPropPA2Min="-1" BasicPropPA2Max="-1" BasicPropPA3Min="-1" BasicPropPA3Max="-1" Index="1" />
    <ListReqProp ReqPropType="5" ReqPropValue="11" Index="1" />
    <ListReqProp ReqPropType="8" ReqPropValue="1" Index="2" />
    <ListEnhance EnhTimes="4" EnhMAName="lifereplenish_v" EnhMAPA1Min="20" EnhMAPA1Max="20" EnhMAPA2Min="0" EnhMAPA2Max="0" EnhMAPA3Min="0" EnhMAPA3Max="0" Index="1" />
    <UnLockInterval>-1</UnLockInterval>
  </ItemData>
  <ItemData ItemID="3316" Name="Bách Hoa Ngoa" IconBundleDir="Icon/EquipIcon2.unity3d" IconAtlasName="EquipIcon2" MapSpriteBundleDir="Resources/Item/MapSprite.unity3d" MapSpriteAtlasName="MapSprite" Kind="Bách Hoa Ngoa" QualityPrefix="0" Category="1" Genre="1" Stack="1" DetailType="7" ParticularType="2" Level="3" SuiteID="0" Icon="boots_f_203" View="boots_f_203_s" Intro="" Help="" ObjID="22" BindType="2" Series="-1" ReqLevel="0" CDType="0" Price="1" ItemValue="1" MakeCost="-1" ResMale="-1" ResFemale="-1" FightPower="0" ScriptID="-1" DeductOnUse="false" BuffID="-1">
    <ListBasicProp BasicPropType="damage_series_resist" BasicPropPA1Min="11" BasicPropPA1Max="15" BasicPropPA2Min="-1" BasicPropPA2Max="-1" BasicPropPA3Min="-1" BasicPropPA3Max="-1" Index="1" />
    <ListReqProp ReqPropType="5" ReqPropValue="21" Index="1" />
    <ListReqProp ReqPropType="8" ReqPropValue="1" Index="2" />
    <ListEnhance EnhTimes="4" EnhMAName="lifereplenish_v" EnhMAPA1Min="20" EnhMAPA1Max="20" EnhMAPA2Min="0" EnhMAPA2Max="0" EnhMAPA3Min="0" EnhMAPA3Max="0" Index="1" />
    <UnLockInterval>-1</UnLockInterval>
  </ItemData>
  <ItemData ItemID="3317" Name="Ngọc Sương Ngoa" IconBundleDir="Icon/EquipIcon2.unity3d" IconAtlasName="EquipIcon2" MapSpriteBundleDir="Resources/Item/MapSprite.unity3d" MapSpriteAtlasName="MapSprite" Kind="Ngọc Sương Ngoa" QualityPrefix="0" Category="1" Genre="1" Stack="1" DetailType="7" ParticularType="2" Level="4" SuiteID="0" Icon="boots_f_204" View="boots_f_204_s" Intro="" Help="" ObjID="22" BindType="2" Series="-1" ReqLevel="0" CDType="0" Price="1" ItemValue="1" MakeCost="-1" ResMale="-1" ResFemale="-1" FightPower="0" ScriptID="-1" DeductOnUse="false" BuffID="-1">
    <ListBasicProp BasicPropType="damage_series_resist" BasicPropPA1Min="16" BasicPropPA1Max="20" BasicPropPA2Min="-1" BasicPropPA2Max="-1" BasicPropPA3Min="-1" BasicPropPA3Max="-1" Index="1" />
    <ListReqProp ReqPropType="5" ReqPropValue="31" Index="1" />
    <ListReqProp ReqPropType="8" ReqPropValue="1" Index="2" />
    <ListEnhance EnhTimes="4" EnhMAName="lifereplenish_v" EnhMAPA1Min="20" EnhMAPA1Max="20" EnhMAPA2Min="0" EnhMAPA2Max="0" EnhMAPA3Min="0" EnhMAPA3Max="0" Index="1" />
    <ListEnhance EnhTimes="8" EnhMAName="manamax_p" EnhMAPA1Min="15" EnhMAPA1Max="15" EnhMAPA2Min="0" EnhMAPA2Max="0" EnhMAPA3Min="0" EnhMAPA3Max="0" Index="2" />
    <UnLockInterval>-1</UnLockInterval>
  </ItemData>
  <ItemData ItemID="3318" Name="Kim Lũ Ngoa" IconBundleDir="Icon/EquipIcon2.unity3d" IconAtlasName="EquipIcon2" MapSpriteBundleDir="Resources/Item/MapSprite.unity3d" MapSpriteAtlasName="MapSprite" Kind="Kim Lũ Ngoa" QualityPrefix="0" Category="1" Genre="1" Stack="1" DetailType="7" ParticularType="2" Level="5" SuiteID="0" Icon="boots_f_205" View="boots_f_205_s" Intro="" Help="" ObjID="22" BindType="2" Series="-1" ReqLevel="0" CDType="0" Price="1" ItemValue="1" MakeCost="-1" ResMale="-1" ResFemale="-1" FightPower="0" ScriptID="-1" DeductOnUse="false" BuffID="-1">
    <ListBasicProp BasicPropType="damage_series_resist" BasicPropPA1Min="21" BasicPropPA1Max="25" BasicPropPA2Min="-1" BasicPropPA2Max="-1" BasicPropPA3Min="-1" BasicPropPA3Max="-1" Index="1" />
    <ListReqProp ReqPropType="5" ReqPropValue="41" Index="1" />
    <ListReqProp ReqPropType="8" ReqPropValue="1" Index="2" />
    <ListEnhance EnhTimes="4" EnhMAName="lifereplenish_v" EnhMAPA1Min="20" EnhMAPA1Max="20" EnhMAPA2Min="0" EnhMAPA2Max="0" EnhMAPA3Min="0" EnhMAPA3Max="0" Index="1" />
    <ListEnhance EnhTimes="8" EnhMAName="manamax_p" EnhMAPA1Min="15" EnhMAPA1Max="15" EnhMAPA2Min="0" EnhMAPA2Max="0" EnhMAPA3Min="0" EnhMAPA3Max="0" Index="2" />
    <UnLockInterval>-1</UnLockInterval>
  </ItemData>
  <ItemData ItemID="3319" Name="Phượng Đầu Ngoa" IconBundleDir="Icon/EquipIcon2.unity3d" IconAtlasName="EquipIcon2" MapSpriteBundleDir="Resources/Item/MapSprite.unity3d" MapSpriteAtlasName="MapSprite" Kind="Phượng Đầu Ngoa" QualityPrefix="0" Category="1" Genre="1" Stack="1" DetailType="7" ParticularType="2" Level="6" SuiteID="0" Icon="boots_f_206" View="boots_f_206_s" Intro="" Help="" ObjID="22" BindType="2" Series="-1" ReqLevel="0" CDType="0" Price="1" ItemValue="1" MakeCost="-1" ResMale="-1" ResFemale="-1" FightPower="0" ScriptID="-1" DeductOnUse="false" BuffID="-1">
    <ListBasicProp BasicPropType="damage_series_resist" BasicPropPA1Min="26" BasicPropPA1Max="30" BasicPropPA2Min="-1" BasicPropPA2Max="-1" BasicPropPA3Min="-1" BasicPropPA3Max="-1" Index="1" />
    <ListReqProp ReqPropType="5" ReqPropValue="51" Index="1" />
    <ListReqProp ReqPropType="8" ReqPropValue="1" Index="2" />
    <ListEnhance EnhTimes="4" EnhMAName="lifereplenish_v" EnhMAPA1Min="20" EnhMAPA1Max="20" EnhMAPA2Min="0" EnhMAPA2Max="0" EnhMAPA3Min="0" EnhMAPA3Max="0" Index="1" />
    <ListEnhance EnhTimes="8" EnhMAName="manamax_p" EnhMAPA1Min="15" EnhMAPA1Max="15" EnhMAPA2Min="0" EnhMAPA2Max="0" EnhMAPA3Min="0" EnhMAPA3Max="0" Index="2" />
    <UnLockInterval>-1</UnLockInterval>
  </ItemData>
  <ItemData ItemID="3320" Name="Tuyết Doanh Ngoa" IconBundleDir="Icon/EquipIcon2.unity3d" IconAtlasName="EquipIcon2" MapSpriteBundleDir="Resources/Item/MapSprite.unity3d" MapSpriteAtlasName="MapSprite" Kind="Tuyết Doanh Ngoa" QualityPrefix="0" Category="1" Genre="1" Stack="1" DetailType="7" ParticularType="2" Level="7" SuiteID="0" Icon="boots_f_207" View="boots_f_207_s" Intro="" Help="" ObjID="22" BindType="2" Series="-1" ReqLevel="0" CDType="0" Price="1" ItemValue="1" MakeCost="-1" ResMale="-1" ResFemale="-1" FightPower="0" ScriptID="-1" DeductOnUse="false" BuffID="-1">
    <ListBasicProp BasicPropType="damage_series_resist" BasicPropPA1Min="31" BasicPropPA1Max="35" BasicPropPA2Min="-1" BasicPropPA2Max="-1" BasicPropPA3Min="-1" BasicPropPA3Max="-1" Index="1" />
    <ListReqProp ReqPropType="5" ReqPropValue="61" Index="1" />
    <ListReqProp ReqPropType="8" ReqPropValue="1" Index="2" />
    <ListEnhance EnhTimes="4" EnhMAName="lifereplenish_v" EnhMAPA1Min="20" EnhMAPA1Max="20" EnhMAPA2Min="0" EnhMAPA2Max="0" EnhMAPA3Min="0" EnhMAPA3Max="0" Index="1" />
    <ListEnhance EnhTimes="8" EnhMAName="manamax_p" EnhMAPA1Min="15" EnhMAPA1Max="15" EnhMAPA2Min="0" EnhMAPA2Max="0" EnhMAPA3Min="0" EnhMAPA3Max="0" Index="2" />
    <ListEnhance EnhTimes="10" EnhMAName="lifemax_v" EnhMAPA1Min="80" EnhMAPA1Max="80" EnhMAPA2Min="0" EnhMAPA2Max="0" EnhMAPA3Min="0" EnhMAPA3Max="0" Index="3" />
    <ListEnhance EnhTimes="12" EnhMAName="state_burn_resisttime" EnhMAPA1Min="160" EnhMAPA1Max="160" EnhMAPA2Min="0" EnhMAPA2Max="0" EnhMAPA3Min="0" EnhMAPA3Max="0" Index="4" />
    <UnLockInterval>-1</UnLockInterval>
  </ItemData>
  <ItemData ItemID="3321" Name="Khinh Vân Ngoa" IconBundleDir="Icon/EquipIcon2.unity3d" IconAtlasName="EquipIcon2" MapSpriteBundleDir="Resources/Item/MapSprite.unity3d" MapSpriteAtlasName="MapSprite" Kind="Khinh Vân Ngoa" QualityPrefix="0" Category="1" Genre="1" Stack="1" DetailType="7" ParticularType="2" Level="8" SuiteID="0" Icon="boots_f_208" View="boots_f_208_s" Intro="" Help="" ObjID="22" BindType="2" Series="-1" ReqLevel="0" CDType="0" Price="1" ItemValue="1" MakeCost="-1" ResMale="-1" ResFemale="-1" FightPower="0" ScriptID="-1" DeductOnUse="false" BuffID="-1">
    <ListBasicProp BasicPropType="damage_series_resist" BasicPropPA1Min="36" BasicPropPA1Max="40" BasicPropPA2Min="-1" BasicPropPA2Max="-1" BasicPropPA3Min="-1" BasicPropPA3Max="-1" Index="1" />
    <ListReqProp ReqPropType="5" ReqPropValue="71" Index="1" />
    <ListReqProp ReqPropType="8" ReqPropValue="1" Index="2" />
    <ListEnhance EnhTimes="4" EnhMAName="lifereplenish_v" EnhMAPA1Min="22" EnhMAPA1Max="22" EnhMAPA2Min="0" EnhMAPA2Max="0" EnhMAPA3Min="0" EnhMAPA3Max="0" Index="1" />
    <ListEnhance EnhTimes="8" EnhMAName="manamax_p" EnhMAPA1Min="15" EnhMAPA1Max="15" EnhMAPA2Min="0" EnhMAPA2Max="0" EnhMAPA3Min="0" EnhMAPA3Max="0" Index="2" />
    <ListEnhance EnhTimes="10" EnhMAName="lifemax_v" EnhMAPA1Min="90" EnhMAPA1Max="90" EnhMAPA2Min="0" EnhMAPA2Max="0" EnhMAPA3Min="0" EnhMAPA3Max="0" Index="3" />
    <ListEnhance EnhTimes="12" EnhMAName="state_burn_resisttime" EnhMAPA1Min="170" EnhMAPA1Max="170" EnhMAPA2Min="0" EnhMAPA2Max="0" EnhMAPA3Min="0" EnhMAPA3Max="0" Index="4" />
    <UnLockInterval>-1</UnLockInterval>
  </ItemData>
  <ItemData ItemID="3322" Name="Sính Sa Ngoa" IconBundleDir="Icon/EquipIcon2.unity3d" IconAtlasName="EquipIcon2" MapSpriteBundleDir="Resources/Item/MapSprite.unity3d" MapSpriteAtlasName="MapSprite" Kind="Sính Sa Ngoa" QualityPrefix="0" Category="1" Genre="1" Stack="1" DetailType="7" ParticularType="2" Level="9" SuiteID="0" Icon="boots_f_209" View="boots_f_209_s" Intro="" Help="" ObjID="22" BindType="2" Series="-1" ReqLevel="0" CDType="0" Price="1" ItemValue="1" MakeCost="-1" ResMale="-1" ResFemale="-1" FightPower="0" ScriptID="-1" DeductOnUse="false" BuffID="-1">
    <ListBasicProp BasicPropType="damage_series_resist" BasicPropPA1Min="41" BasicPropPA1Max="45" BasicPropPA2Min="-1" BasicPropPA2Max="-1" BasicPropPA3Min="-1" BasicPropPA3Max="-1" Index="1" />
    <ListReqProp ReqPropType="5" ReqPropValue="81" Index="1" />
    <ListReqProp ReqPropType="8" ReqPropValue="1" Index="2" />
    <ListEnhance EnhTimes="4" EnhMAName="lifereplenish_v" EnhMAPA1Min="24" EnhMAPA1Max="24" EnhMAPA2Min="0" EnhMAPA2Max="0" EnhMAPA3Min="0" EnhMAPA3Max="0" Index="1" />
    <ListEnhance EnhTimes="8" EnhMAName="manamax_p" EnhMAPA1Min="16" EnhMAPA1Max="16" EnhMAPA2Min="0" EnhMAPA2Max="0" EnhMAPA3Min="0" EnhMAPA3Max="0" Index="2" />
    <ListEnhance EnhTimes="10" EnhMAName="lifemax_v" EnhMAPA1Min="100" EnhMAPA1Max="100" EnhMAPA2Min="0" EnhMAPA2Max="0" EnhMAPA3Min="0" EnhMAPA3Max="0" Index="3" />
    <ListEnhance EnhTimes="12" EnhMAName="state_burn_resisttime" EnhMAPA1Min="180" EnhMAPA1Max="180" EnhMAPA2Min="0" EnhMAPA2Max="0" EnhMAPA3Min="0" EnhMAPA3Max="0" Index="4" />
    <UnLockInterval>-1</UnLockInterval>
  </ItemData>
  <ItemData ItemID="3323" Name="Phi Phượng Ngoa" IconBundleDir="Icon/EquipIcon2.unity3d" IconAtlasName="EquipIcon2" MapSpriteBundleDir="Resources/Item/MapSprite.unity3d" MapSpriteAtlasName="MapSprite" Kind="Phi Phượng Ngoa" QualityPrefix="0" Category="1" Genre="1" Stack="1" DetailType="7" ParticularType="2" Level="10" SuiteID="0" Icon="boots_f_210" View="boots_f_210_s" Intro="" Help="" ObjID="22" BindType="2" Series="-1" ReqLevel="0" CDType="0" Price="1" ItemValue="1" MakeCost="-1" ResMale="-1" ResFemale="-1" FightPower="0" ScriptID="-1" DeductOnUse="false" BuffID="-1">
    <ListBasicProp BasicPropType="damage_series_resist" BasicPropPA1Min="46" BasicPropPA1Max="50" BasicPropPA2Min="-1" BasicPropPA2Max="-1" BasicPropPA3Min="-1" BasicPropPA3Max="-1" Index="1" />
    <ListReqProp ReqPropType="5" ReqPropValue="91" Index="1" />
    <ListReqProp ReqPropType="8" ReqPropValue="1" Index="2" />
    <ListEnhance EnhTimes="4" EnhMAName="lifereplenish_v" EnhMAPA1Min="26" EnhMAPA1Max="26" EnhMAPA2Min="0" EnhMAPA2Max="0" EnhMAPA3Min="0" EnhMAPA3Max="0" Index="1" />
    <ListEnhance EnhTimes="8" EnhMAName="manamax_p" EnhMAPA1Min="17" EnhMAPA1Max="17" EnhMAPA2Min="0" EnhMAPA2Max="0" EnhMAPA3Min="0" EnhMAPA3Max="0" Index="2" />
    <ListEnhance EnhTimes="10" EnhMAName="lifemax_v" EnhMAPA1Min="120" EnhMAPA1Max="120" EnhMAPA2Min="0" EnhMAPA2Max="0" EnhMAPA3Min="0" EnhMAPA3Max="0" Index="3" />
    <ListEnhance EnhTimes="12" EnhMAName="state_burn_resisttime" EnhMAPA1Min="200" EnhMAPA1Max="200" EnhMAPA2Min="0" EnhMAPA2Max="0" EnhMAPA3Min="0" EnhMAPA3Max="0" Index="4" />
    <ListEnhance EnhTimes="14" EnhMAName="damage_fire_resist" EnhMAPA1Min="150" EnhMAPA1Max="150" EnhMAPA2Min="0" EnhMAPA2Max="0" EnhMAPA3Min="0" EnhMAPA3Max="0" Index="5" />
    <ListEnhance EnhTimes="16" EnhMAName="state_burn_resistrate" EnhMAPA1Min="175" EnhMAPA1Max="175" EnhMAPA2Min="0" EnhMAPA2Max="0" EnhMAPA3Min="0" EnhMAPA3Max="0" Index="6" />
    <ActiveBySuit StrTimes="15" StrMAName="state_burn_resistrate" StrMAPA1Min="80" StrMAPA1Max="80" StrMAPA2Min="0" StrMAPA2Max="0" StrMAPA3Min="0" StrMAPA3Max="0" Index="1" />
    <UnLockInterval>-1</UnLockInterval>
  </ItemData>
  <ItemData ItemID="3324" Name="Lữ Hành Ngoa" IconBundleDir="Icon/EquipIcon2.unity3d" IconAtlasName="EquipIcon2" MapSpriteBundleDir="Resources/Item/MapSprite.unity3d" MapSpriteAtlasName="MapSprite" Kind="Lữ Hành Ngoa" QualityPrefix="0" Category="1" Genre="1" Stack="1" DetailType="7" ParticularType="3" Level="1" SuiteID="0" Icon="boots_m_101" View="boots_m_101_s" Intro="" Help="" ObjID="22" BindType="2" Series="2" ReqLevel="0" CDType="0" Price="1" ItemValue="1" MakeCost="-1" ResMale="-1" ResFemale="-1" FightPower="0" ScriptID="-1" DeductOnUse="false" BuffID="-1">
    <ListBasicProp BasicPropType="damage_series_resist" BasicPropPA1Min="1" BasicPropPA1Max="5" BasicPropPA2Min="-1" BasicPropPA2Max="-1" BasicPropPA3Min="-1" BasicPropPA3Max="-1" Index="1" />
    <ListReqProp ReqPropType="5" ReqPropValue="1" Index="1" />
    <ListReqProp ReqPropType="8" ReqPropValue="0" Index="2" />
    <ListEnhance EnhTimes="4" EnhMAName="lifereplenish_v" EnhMAPA1Min="20" EnhMAPA1Max="20" EnhMAPA2Min="0" EnhMAPA2Max="0" EnhMAPA3Min="0" EnhMAPA3Max="0" Index="1" />
    <UnLockInterval>-1</UnLockInterval>
  </ItemData>
</ArrayOfItemData>