<?xml version="1.0" encoding="utf-8"?>
<ArrayOfItemData xmlns:xsi="http://www.w3.org/2001/XMLSchema-instance" xmlns:xsd="http://www.w3.org/2001/XMLSchema">
  <ItemData ItemID="3375" Name="Đồng Hộ Uyển" IconBundleDir="Icon/EquipIcon2.unity3d" IconAtlasName="EquipIcon2" MapSpriteBundleDir="Resources/Item/MapSprite.unity3d" MapSpriteAtlasName="MapSprite" Kind="Đồng Hộ Uyển" QualityPrefix="0" Category="1" Genre="1" Stack="1" DetailType="10" ParticularType="1" Level="1" SuiteID="0" Icon="cuff_m_101" View="cuff_m_101_s" Intro="" Help="" ObjID="23" BindType="2" Series="-1" ReqLevel="0" CDType="0" Price="1" ItemValue="1" MakeCost="-1" ResMale="-1" ResFemale="-1" FightPower="0" ScriptID="-1" DeductOnUse="false" BuffID="-1">
    <ListBasicProp BasicPropType="damage_series_resist" BasicPropPA1Min="1" BasicPropPA1Max="5" BasicPropPA2Min="-1" BasicPropPA2Max="-1" BasicPropPA3Min="-1" BasicPropPA3Max="-1" Index="1" />
    <ListReqProp ReqPropType="5" ReqPropValue="3" Index="1" />
    <ListReqProp ReqPropType="8" ReqPropValue="0" Index="2" />
    <ListEnhance EnhTimes="4" EnhMAName="lifereplenish_v" EnhMAPA1Min="20" EnhMAPA1Max="20" EnhMAPA2Min="0" EnhMAPA2Max="0" EnhMAPA3Min="0" EnhMAPA3Max="0" Index="1" />
    <UnLockInterval>-1</UnLockInterval>
  </ItemData>
  <ItemData ItemID="3376" Name="Bắc Sơn Hộ Uyển" IconBundleDir="Icon/EquipIcon2.unity3d" IconAtlasName="EquipIcon2" MapSpriteBundleDir="Resources/Item/MapSprite.unity3d" MapSpriteAtlasName="MapSprite" Kind="Bắc Sơn Hộ Uyển" QualityPrefix="0" Category="1" Genre="1" Stack="1" DetailType="10" ParticularType="1" Level="2" SuiteID="0" Icon="cuff_m_102" View="cuff_m_102_s" Intro="" Help="" ObjID="23" BindType="2" Series="-1" ReqLevel="0" CDType="0" Price="1" ItemValue="1" MakeCost="-1" ResMale="-1" ResFemale="-1" FightPower="0" ScriptID="-1" DeductOnUse="false" BuffID="-1">
    <ListBasicProp BasicPropType="damage_series_resist" BasicPropPA1Min="6" BasicPropPA1Max="10" BasicPropPA2Min="-1" BasicPropPA2Max="-1" BasicPropPA3Min="-1" BasicPropPA3Max="-1" Index="1" />
    <ListReqProp ReqPropType="5" ReqPropValue="13" Index="1" />
    <ListReqProp ReqPropType="8" ReqPropValue="0" Index="2" />
    <ListEnhance EnhTimes="4" EnhMAName="lifereplenish_v" EnhMAPA1Min="20" EnhMAPA1Max="20" EnhMAPA2Min="0" EnhMAPA2Max="0" EnhMAPA3Min="0" EnhMAPA3Max="0" Index="1" />
    <UnLockInterval>-1</UnLockInterval>
  </ItemData>
  <ItemData ItemID="3377" Name="Thích Tường Hộ Uyển" IconBundleDir="Icon/EquipIcon2.unity3d" IconAtlasName="EquipIcon2" MapSpriteBundleDir="Resources/Item/MapSprite.unity3d" MapSpriteAtlasName="MapSprite" Kind="Thích Tường Hộ Uyển" QualityPrefix="0" Category="1" Genre="1" Stack="1" DetailType="10" ParticularType="1" Level="3" SuiteID="0" Icon="cuff_m_103" View="cuff_m_103_s" Intro="" Help="" ObjID="23" BindType="2" Series="-1" ReqLevel="0" CDType="0" Price="1" ItemValue="1" MakeCost="-1" ResMale="-1" ResFemale="-1" FightPower="0" ScriptID="-1" DeductOnUse="false" BuffID="-1">
    <ListBasicProp BasicPropType="damage_series_resist" BasicPropPA1Min="11" BasicPropPA1Max="15" BasicPropPA2Min="-1" BasicPropPA2Max="-1" BasicPropPA3Min="-1" BasicPropPA3Max="-1" Index="1" />
    <ListReqProp ReqPropType="5" ReqPropValue="23" Index="1" />
    <ListReqProp ReqPropType="8" ReqPropValue="0" Index="2" />
    <ListEnhance EnhTimes="4" EnhMAName="lifereplenish_v" EnhMAPA1Min="20" EnhMAPA1Max="20" EnhMAPA2Min="0" EnhMAPA2Max="0" EnhMAPA3Min="0" EnhMAPA3Max="0" Index="1" />
    <UnLockInterval>-1</UnLockInterval>
  </ItemData>
  <ItemData ItemID="3378" Name="Thương Lang Hộ Uyển" IconBundleDir="Icon/EquipIcon2.unity3d" IconAtlasName="EquipIcon2" MapSpriteBundleDir="Resources/Item/MapSprite.unity3d" MapSpriteAtlasName="MapSprite" Kind="Thương Lang Hộ Uyển" QualityPrefix="0" Category="1" Genre="1" Stack="1" DetailType="10" ParticularType="1" Level="4" SuiteID="0" Icon="cuff_m_104" View="cuff_m_104_s" Intro="" Help="" ObjID="23" BindType="2" Series="-1" ReqLevel="0" CDType="0" Price="1" ItemValue="1" MakeCost="-1" ResMale="-1" ResFemale="-1" FightPower="0" ScriptID="-1" DeductOnUse="false" BuffID="-1">
    <ListBasicProp BasicPropType="damage_series_resist" BasicPropPA1Min="16" BasicPropPA1Max="20" BasicPropPA2Min="-1" BasicPropPA2Max="-1" BasicPropPA3Min="-1" BasicPropPA3Max="-1" Index="1" />
    <ListReqProp ReqPropType="5" ReqPropValue="33" Index="1" />
    <ListReqProp ReqPropType="8" ReqPropValue="0" Index="2" />
    <ListEnhance EnhTimes="4" EnhMAName="lifereplenish_v" EnhMAPA1Min="20" EnhMAPA1Max="20" EnhMAPA2Min="0" EnhMAPA2Max="0" EnhMAPA3Min="0" EnhMAPA3Max="0" Index="1" />
    <ListEnhance EnhTimes="8" EnhMAName="lifemax_p" EnhMAPA1Min="5" EnhMAPA1Max="5" EnhMAPA2Min="0" EnhMAPA2Max="0" EnhMAPA3Min="0" EnhMAPA3Max="0" Index="2" />
    <UnLockInterval>-1</UnLockInterval>
  </ItemData>
  <ItemData ItemID="3379" Name="Hắc Tê Hộ Uyển" IconBundleDir="Icon/EquipIcon2.unity3d" IconAtlasName="EquipIcon2" MapSpriteBundleDir="Resources/Item/MapSprite.unity3d" MapSpriteAtlasName="MapSprite" Kind="Hắc Tê Hộ Uyển" QualityPrefix="0" Category="1" Genre="1" Stack="1" DetailType="10" ParticularType="1" Level="5" SuiteID="0" Icon="cuff_m_105" View="cuff_m_105_s" Intro="" Help="" ObjID="23" BindType="2" Series="-1" ReqLevel="0" CDType="0" Price="1" ItemValue="1" MakeCost="-1" ResMale="-1" ResFemale="-1" FightPower="0" ScriptID="-1" DeductOnUse="false" BuffID="-1">
    <ListBasicProp BasicPropType="damage_series_resist" BasicPropPA1Min="21" BasicPropPA1Max="25" BasicPropPA2Min="-1" BasicPropPA2Max="-1" BasicPropPA3Min="-1" BasicPropPA3Max="-1" Index="1" />
    <ListReqProp ReqPropType="5" ReqPropValue="43" Index="1" />
    <ListReqProp ReqPropType="8" ReqPropValue="0" Index="2" />
    <ListEnhance EnhTimes="4" EnhMAName="lifereplenish_v" EnhMAPA1Min="20" EnhMAPA1Max="20" EnhMAPA2Min="0" EnhMAPA2Max="0" EnhMAPA3Min="0" EnhMAPA3Max="0" Index="1" />
    <ListEnhance EnhTimes="8" EnhMAName="lifemax_p" EnhMAPA1Min="5" EnhMAPA1Max="5" EnhMAPA2Min="0" EnhMAPA2Max="0" EnhMAPA3Min="0" EnhMAPA3Max="0" Index="2" />
    <UnLockInterval>-1</UnLockInterval>
  </ItemData>
  <ItemData ItemID="3380" Name="Kim Lân Hộ Uyển" IconBundleDir="Icon/EquipIcon2.unity3d" IconAtlasName="EquipIcon2" MapSpriteBundleDir="Resources/Item/MapSprite.unity3d" MapSpriteAtlasName="MapSprite" Kind="Kim Lân Hộ Uyển" QualityPrefix="0" Category="1" Genre="1" Stack="1" DetailType="10" ParticularType="1" Level="6" SuiteID="0" Icon="cuff_m_106" View="cuff_m_106_s" Intro="" Help="" ObjID="23" BindType="2" Series="-1" ReqLevel="0" CDType="0" Price="1" ItemValue="1" MakeCost="-1" ResMale="-1" ResFemale="-1" FightPower="0" ScriptID="-1" DeductOnUse="false" BuffID="-1">
    <ListBasicProp BasicPropType="damage_series_resist" BasicPropPA1Min="26" BasicPropPA1Max="30" BasicPropPA2Min="-1" BasicPropPA2Max="-1" BasicPropPA3Min="-1" BasicPropPA3Max="-1" Index="1" />
    <ListReqProp ReqPropType="5" ReqPropValue="53" Index="1" />
    <ListReqProp ReqPropType="8" ReqPropValue="0" Index="2" />
    <ListEnhance EnhTimes="4" EnhMAName="lifereplenish_v" EnhMAPA1Min="20" EnhMAPA1Max="20" EnhMAPA2Min="0" EnhMAPA2Max="0" EnhMAPA3Min="0" EnhMAPA3Max="0" Index="1" />
    <ListEnhance EnhTimes="8" EnhMAName="lifemax_p" EnhMAPA1Min="5" EnhMAPA1Max="5" EnhMAPA2Min="0" EnhMAPA2Max="0" EnhMAPA3Min="0" EnhMAPA3Max="0" Index="2" />
    <UnLockInterval>-1</UnLockInterval>
  </ItemData>
  <ItemData ItemID="3381" Name="Xạ Nhật Hộ Uyển" IconBundleDir="Icon/EquipIcon2.unity3d" IconAtlasName="EquipIcon2" MapSpriteBundleDir="Resources/Item/MapSprite.unity3d" MapSpriteAtlasName="MapSprite" Kind="Xạ Nhật Hộ Uyển" QualityPrefix="0" Category="1" Genre="1" Stack="1" DetailType="10" ParticularType="1" Level="7" SuiteID="0" Icon="cuff_m_107" View="cuff_m_107_s" Intro="" Help="" ObjID="23" BindType="2" Series="-1" ReqLevel="0" CDType="0" Price="1" ItemValue="1" MakeCost="-1" ResMale="-1" ResFemale="-1" FightPower="0" ScriptID="-1" DeductOnUse="false" BuffID="-1">
    <ListBasicProp BasicPropType="damage_series_resist" BasicPropPA1Min="31" BasicPropPA1Max="35" BasicPropPA2Min="-1" BasicPropPA2Max="-1" BasicPropPA3Min="-1" BasicPropPA3Max="-1" Index="1" />
    <ListReqProp ReqPropType="5" ReqPropValue="63" Index="1" />
    <ListReqProp ReqPropType="8" ReqPropValue="0" Index="2" />
    <ListEnhance EnhTimes="4" EnhMAName="lifereplenish_v" EnhMAPA1Min="20" EnhMAPA1Max="20" EnhMAPA2Min="0" EnhMAPA2Max="0" EnhMAPA3Min="0" EnhMAPA3Max="0" Index="1" />
    <ListEnhance EnhTimes="8" EnhMAName="lifemax_p" EnhMAPA1Min="5" EnhMAPA1Max="5" EnhMAPA2Min="0" EnhMAPA2Max="0" EnhMAPA3Min="0" EnhMAPA3Max="0" Index="2" />
    <ListEnhance EnhTimes="10" EnhMAName="lifemax_v" EnhMAPA1Min="80" EnhMAPA1Max="80" EnhMAPA2Min="0" EnhMAPA2Max="0" EnhMAPA3Min="0" EnhMAPA3Max="0" Index="3" />
    <ListEnhance EnhTimes="12" EnhMAName="state_stun_resisttime" EnhMAPA1Min="160" EnhMAPA1Max="160" EnhMAPA2Min="0" EnhMAPA2Max="0" EnhMAPA3Min="0" EnhMAPA3Max="0" Index="4" />
    <UnLockInterval>-1</UnLockInterval>
  </ItemData>
  <ItemData ItemID="3382" Name="Võ Thần Hộ Uyển" IconBundleDir="Icon/EquipIcon2.unity3d" IconAtlasName="EquipIcon2" MapSpriteBundleDir="Resources/Item/MapSprite.unity3d" MapSpriteAtlasName="MapSprite" Kind="Võ Thần Hộ Uyển" QualityPrefix="0" Category="1" Genre="1" Stack="1" DetailType="10" ParticularType="1" Level="8" SuiteID="0" Icon="cuff_m_108" View="cuff_m_108_s" Intro="" Help="" ObjID="23" BindType="2" Series="-1" ReqLevel="0" CDType="0" Price="1" ItemValue="1" MakeCost="-1" ResMale="-1" ResFemale="-1" FightPower="0" ScriptID="-1" DeductOnUse="false" BuffID="-1">
    <ListBasicProp BasicPropType="damage_series_resist" BasicPropPA1Min="36" BasicPropPA1Max="40" BasicPropPA2Min="-1" BasicPropPA2Max="-1" BasicPropPA3Min="-1" BasicPropPA3Max="-1" Index="1" />
    <ListReqProp ReqPropType="5" ReqPropValue="73" Index="1" />
    <ListReqProp ReqPropType="8" ReqPropValue="0" Index="2" />
    <ListEnhance EnhTimes="4" EnhMAName="lifereplenish_v" EnhMAPA1Min="22" EnhMAPA1Max="22" EnhMAPA2Min="0" EnhMAPA2Max="0" EnhMAPA3Min="0" EnhMAPA3Max="0" Index="1" />
    <ListEnhance EnhTimes="8" EnhMAName="lifemax_p" EnhMAPA1Min="5" EnhMAPA1Max="5" EnhMAPA2Min="0" EnhMAPA2Max="0" EnhMAPA3Min="0" EnhMAPA3Max="0" Index="2" />
    <ListEnhance EnhTimes="10" EnhMAName="lifemax_v" EnhMAPA1Min="90" EnhMAPA1Max="90" EnhMAPA2Min="0" EnhMAPA2Max="0" EnhMAPA3Min="0" EnhMAPA3Max="0" Index="3" />
    <ListEnhance EnhTimes="12" EnhMAName="state_stun_resisttime" EnhMAPA1Min="170" EnhMAPA1Max="170" EnhMAPA2Min="0" EnhMAPA2Max="0" EnhMAPA3Min="0" EnhMAPA3Max="0" Index="4" />
    <UnLockInterval>-1</UnLockInterval>
  </ItemData>
  <ItemData ItemID="3383" Name="Hỏa Lân Hộ Uyển" IconBundleDir="Icon/EquipIcon2.unity3d" IconAtlasName="EquipIcon2" MapSpriteBundleDir="Resources/Item/MapSprite.unity3d" MapSpriteAtlasName="MapSprite" Kind="Hỏa Lân Hộ Uyển" QualityPrefix="0" Category="1" Genre="1" Stack="1" DetailType="10" ParticularType="1" Level="9" SuiteID="0" Icon="cuff_m_109" View="cuff_m_109_s" Intro="" Help="" ObjID="23" BindType="2" Series="-1" ReqLevel="0" CDType="0" Price="1" ItemValue="1" MakeCost="-1" ResMale="-1" ResFemale="-1" FightPower="0" ScriptID="-1" DeductOnUse="false" BuffID="-1">
    <ListBasicProp BasicPropType="damage_series_resist" BasicPropPA1Min="41" BasicPropPA1Max="45" BasicPropPA2Min="-1" BasicPropPA2Max="-1" BasicPropPA3Min="-1" BasicPropPA3Max="-1" Index="1" />
    <ListReqProp ReqPropType="5" ReqPropValue="83" Index="1" />
    <ListReqProp ReqPropType="8" ReqPropValue="0" Index="2" />
    <ListEnhance EnhTimes="4" EnhMAName="lifereplenish_v" EnhMAPA1Min="24" EnhMAPA1Max="24" EnhMAPA2Min="0" EnhMAPA2Max="0" EnhMAPA3Min="0" EnhMAPA3Max="0" Index="1" />
    <ListEnhance EnhTimes="8" EnhMAName="lifemax_p" EnhMAPA1Min="6" EnhMAPA1Max="6" EnhMAPA2Min="0" EnhMAPA2Max="0" EnhMAPA3Min="0" EnhMAPA3Max="0" Index="2" />
    <ListEnhance EnhTimes="10" EnhMAName="lifemax_v" EnhMAPA1Min="100" EnhMAPA1Max="100" EnhMAPA2Min="0" EnhMAPA2Max="0" EnhMAPA3Min="0" EnhMAPA3Max="0" Index="3" />
    <ListEnhance EnhTimes="12" EnhMAName="state_stun_resisttime" EnhMAPA1Min="180" EnhMAPA1Max="180" EnhMAPA2Min="0" EnhMAPA2Max="0" EnhMAPA3Min="0" EnhMAPA3Max="0" Index="4" />
    <UnLockInterval>-1</UnLockInterval>
  </ItemData>
  <ItemData ItemID="3384" Name="Thiên Tàm Hộ Uyển" IconBundleDir="Icon/EquipIcon2.unity3d" IconAtlasName="EquipIcon2" MapSpriteBundleDir="Resources/Item/MapSprite.unity3d" MapSpriteAtlasName="MapSprite" Kind="Thiên Tàm Hộ Uyển" QualityPrefix="0" Category="1" Genre="1" Stack="1" DetailType="10" ParticularType="1" Level="10" SuiteID="0" Icon="cuff_m_110" View="cuff_m_110_s" Intro="" Help="" ObjID="23" BindType="2" Series="-1" ReqLevel="0" CDType="0" Price="1" ItemValue="1" MakeCost="-1" ResMale="-1" ResFemale="-1" FightPower="0" ScriptID="-1" DeductOnUse="false" BuffID="-1">
    <ListBasicProp BasicPropType="damage_series_resist" BasicPropPA1Min="46" BasicPropPA1Max="50" BasicPropPA2Min="-1" BasicPropPA2Max="-1" BasicPropPA3Min="-1" BasicPropPA3Max="-1" Index="1" />
    <ListReqProp ReqPropType="5" ReqPropValue="93" Index="1" />
    <ListReqProp ReqPropType="8" ReqPropValue="0" Index="2" />
    <ListEnhance EnhTimes="4" EnhMAName="lifereplenish_v" EnhMAPA1Min="26" EnhMAPA1Max="26" EnhMAPA2Min="0" EnhMAPA2Max="0" EnhMAPA3Min="0" EnhMAPA3Max="0" Index="1" />
    <ListEnhance EnhTimes="8" EnhMAName="lifemax_p" EnhMAPA1Min="7" EnhMAPA1Max="7" EnhMAPA2Min="0" EnhMAPA2Max="0" EnhMAPA3Min="0" EnhMAPA3Max="0" Index="2" />
    <ListEnhance EnhTimes="10" EnhMAName="lifemax_v" EnhMAPA1Min="120" EnhMAPA1Max="120" EnhMAPA2Min="0" EnhMAPA2Max="0" EnhMAPA3Min="0" EnhMAPA3Max="0" Index="3" />
    <ListEnhance EnhTimes="12" EnhMAName="state_stun_resisttime" EnhMAPA1Min="200" EnhMAPA1Max="200" EnhMAPA2Min="0" EnhMAPA2Max="0" EnhMAPA3Min="0" EnhMAPA3Max="0" Index="4" />
    <ListEnhance EnhTimes="14" EnhMAName="damage_light_resist" EnhMAPA1Min="150" EnhMAPA1Max="150" EnhMAPA2Min="0" EnhMAPA2Max="0" EnhMAPA3Min="0" EnhMAPA3Max="0" Index="5" />
    <ListEnhance EnhTimes="16" EnhMAName="state_stun_resistrate" EnhMAPA1Min="175" EnhMAPA1Max="175" EnhMAPA2Min="0" EnhMAPA2Max="0" EnhMAPA3Min="0" EnhMAPA3Max="0" Index="6" />
    <ActiveBySuit StrTimes="15" StrMAName="state_stun_resistrate" StrMAPA1Min="80" StrMAPA1Max="80" StrMAPA2Min="0" StrMAPA2Max="0" StrMAPA3Min="0" StrMAPA3Max="0" Index="1" />
    <UnLockInterval>-1</UnLockInterval>
  </ItemData>
  <ItemData ItemID="3385" Name="Thủ Trạc" IconBundleDir="Icon/EquipIcon2.unity3d" IconAtlasName="EquipIcon2" MapSpriteBundleDir="Resources/Item/MapSprite.unity3d" MapSpriteAtlasName="MapSprite" Kind="Thủ Trạc" QualityPrefix="0" Category="1" Genre="1" Stack="1" DetailType="10" ParticularType="2" Level="1" SuiteID="0" Icon="cuff_f_201" View="cuff_f_201_s" Intro="" Help="" ObjID="24" BindType="2" Series="-1" ReqLevel="0" CDType="0" Price="1" ItemValue="1" MakeCost="-1" ResMale="-1" ResFemale="-1" FightPower="0" ScriptID="-1" DeductOnUse="false" BuffID="-1">
    <ListBasicProp BasicPropType="damage_series_resist" BasicPropPA1Min="1" BasicPropPA1Max="5" BasicPropPA2Min="-1" BasicPropPA2Max="-1" BasicPropPA3Min="-1" BasicPropPA3Max="-1" Index="1" />
    <ListReqProp ReqPropType="5" ReqPropValue="3" Index="1" />
    <ListReqProp ReqPropType="8" ReqPropValue="1" Index="2" />
    <ListEnhance EnhTimes="4" EnhMAName="lifereplenish_v" EnhMAPA1Min="20" EnhMAPA1Max="20" EnhMAPA2Min="0" EnhMAPA2Max="0" EnhMAPA3Min="0" EnhMAPA3Max="0" Index="1" />
    <UnLockInterval>-1</UnLockInterval>
  </ItemData>
  <ItemData ItemID="3386" Name="Ngọc Diệp Thủ Trạc" IconBundleDir="Icon/EquipIcon2.unity3d" IconAtlasName="EquipIcon2" MapSpriteBundleDir="Resources/Item/MapSprite.unity3d" MapSpriteAtlasName="MapSprite" Kind="Ngọc Diệp Thủ Trạc" QualityPrefix="0" Category="1" Genre="1" Stack="1" DetailType="10" ParticularType="2" Level="2" SuiteID="0" Icon="cuff_f_202" View="cuff_f_202_s" Intro="" Help="" ObjID="24" BindType="2" Series="-1" ReqLevel="0" CDType="0" Price="1" ItemValue="1" MakeCost="-1" ResMale="-1" ResFemale="-1" FightPower="0" ScriptID="-1" DeductOnUse="false" BuffID="-1">
    <ListBasicProp BasicPropType="damage_series_resist" BasicPropPA1Min="6" BasicPropPA1Max="10" BasicPropPA2Min="-1" BasicPropPA2Max="-1" BasicPropPA3Min="-1" BasicPropPA3Max="-1" Index="1" />
    <ListReqProp ReqPropType="5" ReqPropValue="13" Index="1" />
    <ListReqProp ReqPropType="8" ReqPropValue="1" Index="2" />
    <ListEnhance EnhTimes="4" EnhMAName="lifereplenish_v" EnhMAPA1Min="20" EnhMAPA1Max="20" EnhMAPA2Min="0" EnhMAPA2Max="0" EnhMAPA3Min="0" EnhMAPA3Max="0" Index="1" />
    <UnLockInterval>-1</UnLockInterval>
  </ItemData>
  <ItemData ItemID="3387" Name="Linh Lung Thủ Trạc" IconBundleDir="Icon/EquipIcon2.unity3d" IconAtlasName="EquipIcon2" MapSpriteBundleDir="Resources/Item/MapSprite.unity3d" MapSpriteAtlasName="MapSprite" Kind="Linh Lung Thủ Trạc" QualityPrefix="0" Category="1" Genre="1" Stack="1" DetailType="10" ParticularType="2" Level="3" SuiteID="0" Icon="cuff_f_203" View="cuff_f_203_s" Intro="" Help="" ObjID="24" BindType="2" Series="-1" ReqLevel="0" CDType="0" Price="1" ItemValue="1" MakeCost="-1" ResMale="-1" ResFemale="-1" FightPower="0" ScriptID="-1" DeductOnUse="false" BuffID="-1">
    <ListBasicProp BasicPropType="damage_series_resist" BasicPropPA1Min="11" BasicPropPA1Max="15" BasicPropPA2Min="-1" BasicPropPA2Max="-1" BasicPropPA3Min="-1" BasicPropPA3Max="-1" Index="1" />
    <ListReqProp ReqPropType="5" ReqPropValue="23" Index="1" />
    <ListReqProp ReqPropType="8" ReqPropValue="1" Index="2" />
    <ListEnhance EnhTimes="4" EnhMAName="lifereplenish_v" EnhMAPA1Min="20" EnhMAPA1Max="20" EnhMAPA2Min="0" EnhMAPA2Max="0" EnhMAPA3Min="0" EnhMAPA3Max="0" Index="1" />
    <UnLockInterval>-1</UnLockInterval>
  </ItemData>
  <ItemData ItemID="3388" Name="Thủy Điểu Thủ Trạc" IconBundleDir="Icon/EquipIcon2.unity3d" IconAtlasName="EquipIcon2" MapSpriteBundleDir="Resources/Item/MapSprite.unity3d" MapSpriteAtlasName="MapSprite" Kind="Thủy Điểu Thủ Trạc" QualityPrefix="0" Category="1" Genre="1" Stack="1" DetailType="10" ParticularType="2" Level="4" SuiteID="0" Icon="cuff_f_204" View="cuff_f_204_s" Intro="" Help="" ObjID="24" BindType="2" Series="-1" ReqLevel="0" CDType="0" Price="1" ItemValue="1" MakeCost="-1" ResMale="-1" ResFemale="-1" FightPower="0" ScriptID="-1" DeductOnUse="false" BuffID="-1">
    <ListBasicProp BasicPropType="damage_series_resist" BasicPropPA1Min="16" BasicPropPA1Max="20" BasicPropPA2Min="-1" BasicPropPA2Max="-1" BasicPropPA3Min="-1" BasicPropPA3Max="-1" Index="1" />
    <ListReqProp ReqPropType="5" ReqPropValue="33" Index="1" />
    <ListReqProp ReqPropType="8" ReqPropValue="1" Index="2" />
    <ListEnhance EnhTimes="4" EnhMAName="lifereplenish_v" EnhMAPA1Min="20" EnhMAPA1Max="20" EnhMAPA2Min="0" EnhMAPA2Max="0" EnhMAPA3Min="0" EnhMAPA3Max="0" Index="1" />
    <ListEnhance EnhTimes="8" EnhMAName="lifemax_p" EnhMAPA1Min="5" EnhMAPA1Max="5" EnhMAPA2Min="0" EnhMAPA2Max="0" EnhMAPA3Min="0" EnhMAPA3Max="0" Index="2" />
    <UnLockInterval>-1</UnLockInterval>
  </ItemData>
  <ItemData ItemID="3389" Name="Uyên Ương Thủ Trạc" IconBundleDir="Icon/EquipIcon2.unity3d" IconAtlasName="EquipIcon2" MapSpriteBundleDir="Resources/Item/MapSprite.unity3d" MapSpriteAtlasName="MapSprite" Kind="Uyên Ương Thủ Trạc" QualityPrefix="0" Category="1" Genre="1" Stack="1" DetailType="10" ParticularType="2" Level="5" SuiteID="0" Icon="cuff_f_205" View="cuff_f_205_s" Intro="" Help="" ObjID="24" BindType="2" Series="-1" ReqLevel="0" CDType="0" Price="1" ItemValue="1" MakeCost="-1" ResMale="-1" ResFemale="-1" FightPower="0" ScriptID="-1" DeductOnUse="false" BuffID="-1">
    <ListBasicProp BasicPropType="damage_series_resist" BasicPropPA1Min="21" BasicPropPA1Max="25" BasicPropPA2Min="-1" BasicPropPA2Max="-1" BasicPropPA3Min="-1" BasicPropPA3Max="-1" Index="1" />
    <ListReqProp ReqPropType="5" ReqPropValue="43" Index="1" />
    <ListReqProp ReqPropType="8" ReqPropValue="1" Index="2" />
    <ListEnhance EnhTimes="4" EnhMAName="lifereplenish_v" EnhMAPA1Min="20" EnhMAPA1Max="20" EnhMAPA2Min="0" EnhMAPA2Max="0" EnhMAPA3Min="0" EnhMAPA3Max="0" Index="1" />
    <ListEnhance EnhTimes="8" EnhMAName="lifemax_p" EnhMAPA1Min="5" EnhMAPA1Max="5" EnhMAPA2Min="0" EnhMAPA2Max="0" EnhMAPA3Min="0" EnhMAPA3Max="0" Index="2" />
    <UnLockInterval>-1</UnLockInterval>
  </ItemData>
  <ItemData ItemID="3390" Name="Hồng Cốc Thủ Trạc" IconBundleDir="Icon/EquipIcon2.unity3d" IconAtlasName="EquipIcon2" MapSpriteBundleDir="Resources/Item/MapSprite.unity3d" MapSpriteAtlasName="MapSprite" Kind="Hồng Cốc Thủ Trạc" QualityPrefix="0" Category="1" Genre="1" Stack="1" DetailType="10" ParticularType="2" Level="6" SuiteID="0" Icon="cuff_f_206" View="cuff_f_206_s" Intro="" Help="" ObjID="24" BindType="2" Series="-1" ReqLevel="0" CDType="0" Price="1" ItemValue="1" MakeCost="-1" ResMale="-1" ResFemale="-1" FightPower="0" ScriptID="-1" DeductOnUse="false" BuffID="-1">
    <ListBasicProp BasicPropType="damage_series_resist" BasicPropPA1Min="26" BasicPropPA1Max="30" BasicPropPA2Min="-1" BasicPropPA2Max="-1" BasicPropPA3Min="-1" BasicPropPA3Max="-1" Index="1" />
    <ListReqProp ReqPropType="5" ReqPropValue="53" Index="1" />
    <ListReqProp ReqPropType="8" ReqPropValue="1" Index="2" />
    <ListEnhance EnhTimes="4" EnhMAName="lifereplenish_v" EnhMAPA1Min="20" EnhMAPA1Max="20" EnhMAPA2Min="0" EnhMAPA2Max="0" EnhMAPA3Min="0" EnhMAPA3Max="0" Index="1" />
    <ListEnhance EnhTimes="8" EnhMAName="lifemax_p" EnhMAPA1Min="5" EnhMAPA1Max="5" EnhMAPA2Min="0" EnhMAPA2Max="0" EnhMAPA3Min="0" EnhMAPA3Max="0" Index="2" />
    <UnLockInterval>-1</UnLockInterval>
  </ItemData>
  <ItemData ItemID="3391" Name="Ngạo Sương Hoàn" IconBundleDir="Icon/EquipIcon2.unity3d" IconAtlasName="EquipIcon2" MapSpriteBundleDir="Resources/Item/MapSprite.unity3d" MapSpriteAtlasName="MapSprite" Kind="Ngạo Sương Hoàn" QualityPrefix="0" Category="1" Genre="1" Stack="1" DetailType="10" ParticularType="2" Level="7" SuiteID="0" Icon="cuff_f_207" View="cuff_f_207_s" Intro="" Help="" ObjID="24" BindType="2" Series="-1" ReqLevel="0" CDType="0" Price="1" ItemValue="1" MakeCost="-1" ResMale="-1" ResFemale="-1" FightPower="0" ScriptID="-1" DeductOnUse="false" BuffID="-1">
    <ListBasicProp BasicPropType="damage_series_resist" BasicPropPA1Min="31" BasicPropPA1Max="35" BasicPropPA2Min="-1" BasicPropPA2Max="-1" BasicPropPA3Min="-1" BasicPropPA3Max="-1" Index="1" />
    <ListReqProp ReqPropType="5" ReqPropValue="63" Index="1" />
    <ListReqProp ReqPropType="8" ReqPropValue="1" Index="2" />
    <ListEnhance EnhTimes="4" EnhMAName="lifereplenish_v" EnhMAPA1Min="20" EnhMAPA1Max="20" EnhMAPA2Min="0" EnhMAPA2Max="0" EnhMAPA3Min="0" EnhMAPA3Max="0" Index="1" />
    <ListEnhance EnhTimes="8" EnhMAName="lifemax_p" EnhMAPA1Min="5" EnhMAPA1Max="5" EnhMAPA2Min="0" EnhMAPA2Max="0" EnhMAPA3Min="0" EnhMAPA3Max="0" Index="2" />
    <ListEnhance EnhTimes="10" EnhMAName="lifemax_v" EnhMAPA1Min="80" EnhMAPA1Max="80" EnhMAPA2Min="0" EnhMAPA2Max="0" EnhMAPA3Min="0" EnhMAPA3Max="0" Index="3" />
    <ListEnhance EnhTimes="12" EnhMAName="state_stun_resisttime" EnhMAPA1Min="160" EnhMAPA1Max="160" EnhMAPA2Min="0" EnhMAPA2Max="0" EnhMAPA3Min="0" EnhMAPA3Max="0" Index="4" />
    <UnLockInterval>-1</UnLockInterval>
  </ItemData>
  <ItemData ItemID="3392" Name="Bế Nguyệt Hoàn" IconBundleDir="Icon/EquipIcon2.unity3d" IconAtlasName="EquipIcon2" MapSpriteBundleDir="Resources/Item/MapSprite.unity3d" MapSpriteAtlasName="MapSprite" Kind="Bế Nguyệt Hoàn" QualityPrefix="0" Category="1" Genre="1" Stack="1" DetailType="10" ParticularType="2" Level="8" SuiteID="0" Icon="cuff_f_208" View="cuff_f_208_s" Intro="" Help="" ObjID="24" BindType="2" Series="-1" ReqLevel="0" CDType="0" Price="1" ItemValue="1" MakeCost="-1" ResMale="-1" ResFemale="-1" FightPower="0" ScriptID="-1" DeductOnUse="false" BuffID="-1">
    <ListBasicProp BasicPropType="damage_series_resist" BasicPropPA1Min="36" BasicPropPA1Max="40" BasicPropPA2Min="-1" BasicPropPA2Max="-1" BasicPropPA3Min="-1" BasicPropPA3Max="-1" Index="1" />
    <ListReqProp ReqPropType="5" ReqPropValue="73" Index="1" />
    <ListReqProp ReqPropType="8" ReqPropValue="1" Index="2" />
    <ListEnhance EnhTimes="4" EnhMAName="lifereplenish_v" EnhMAPA1Min="22" EnhMAPA1Max="22" EnhMAPA2Min="0" EnhMAPA2Max="0" EnhMAPA3Min="0" EnhMAPA3Max="0" Index="1" />
    <ListEnhance EnhTimes="8" EnhMAName="lifemax_p" EnhMAPA1Min="5" EnhMAPA1Max="5" EnhMAPA2Min="0" EnhMAPA2Max="0" EnhMAPA3Min="0" EnhMAPA3Max="0" Index="2" />
    <ListEnhance EnhTimes="10" EnhMAName="lifemax_v" EnhMAPA1Min="90" EnhMAPA1Max="90" EnhMAPA2Min="0" EnhMAPA2Max="0" EnhMAPA3Min="0" EnhMAPA3Max="0" Index="3" />
    <ListEnhance EnhTimes="12" EnhMAName="state_stun_resisttime" EnhMAPA1Min="170" EnhMAPA1Max="170" EnhMAPA2Min="0" EnhMAPA2Max="0" EnhMAPA3Min="0" EnhMAPA3Max="0" Index="4" />
    <UnLockInterval>-1</UnLockInterval>
  </ItemData>
  <ItemData ItemID="3393" Name="Thiên Công Hoàn" IconBundleDir="Icon/EquipIcon2.unity3d" IconAtlasName="EquipIcon2" MapSpriteBundleDir="Resources/Item/MapSprite.unity3d" MapSpriteAtlasName="MapSprite" Kind="Thiên Công Hoàn" QualityPrefix="0" Category="1" Genre="1" Stack="1" DetailType="10" ParticularType="2" Level="9" SuiteID="0" Icon="cuff_f_209" View="cuff_f_209_s" Intro="" Help="" ObjID="24" BindType="2" Series="-1" ReqLevel="0" CDType="0" Price="1" ItemValue="1" MakeCost="-1" ResMale="-1" ResFemale="-1" FightPower="0" ScriptID="-1" DeductOnUse="false" BuffID="-1">
    <ListBasicProp BasicPropType="damage_series_resist" BasicPropPA1Min="41" BasicPropPA1Max="45" BasicPropPA2Min="-1" BasicPropPA2Max="-1" BasicPropPA3Min="-1" BasicPropPA3Max="-1" Index="1" />
    <ListReqProp ReqPropType="5" ReqPropValue="83" Index="1" />
    <ListReqProp ReqPropType="8" ReqPropValue="1" Index="2" />
    <ListEnhance EnhTimes="4" EnhMAName="lifereplenish_v" EnhMAPA1Min="24" EnhMAPA1Max="24" EnhMAPA2Min="0" EnhMAPA2Max="0" EnhMAPA3Min="0" EnhMAPA3Max="0" Index="1" />
    <ListEnhance EnhTimes="8" EnhMAName="lifemax_p" EnhMAPA1Min="6" EnhMAPA1Max="6" EnhMAPA2Min="0" EnhMAPA2Max="0" EnhMAPA3Min="0" EnhMAPA3Max="0" Index="2" />
    <ListEnhance EnhTimes="10" EnhMAName="lifemax_v" EnhMAPA1Min="100" EnhMAPA1Max="100" EnhMAPA2Min="0" EnhMAPA2Max="0" EnhMAPA3Min="0" EnhMAPA3Max="0" Index="3" />
    <ListEnhance EnhTimes="12" EnhMAName="state_stun_resisttime" EnhMAPA1Min="180" EnhMAPA1Max="180" EnhMAPA2Min="0" EnhMAPA2Max="0" EnhMAPA3Min="0" EnhMAPA3Max="0" Index="4" />
    <UnLockInterval>-1</UnLockInterval>
  </ItemData>
  <ItemData ItemID="3394" Name="Long Phượng Huyết Ngọc Trạc" IconBundleDir="Icon/EquipIcon2.unity3d" IconAtlasName="EquipIcon2" MapSpriteBundleDir="Resources/Item/MapSprite.unity3d" MapSpriteAtlasName="MapSprite" Kind="Long Phượng Huyết Ngọc Trạc" QualityPrefix="0" Category="1" Genre="1" Stack="1" DetailType="10" ParticularType="2" Level="10" SuiteID="0" Icon="cuff_f_210" View="cuff_f_210_s" Intro="" Help="" ObjID="24" BindType="2" Series="-1" ReqLevel="0" CDType="0" Price="1" ItemValue="1" MakeCost="-1" ResMale="-1" ResFemale="-1" FightPower="0" ScriptID="-1" DeductOnUse="false" BuffID="-1">
    <ListBasicProp BasicPropType="damage_series_resist" BasicPropPA1Min="46" BasicPropPA1Max="50" BasicPropPA2Min="-1" BasicPropPA2Max="-1" BasicPropPA3Min="-1" BasicPropPA3Max="-1" Index="1" />
    <ListReqProp ReqPropType="5" ReqPropValue="93" Index="1" />
    <ListReqProp ReqPropType="8" ReqPropValue="1" Index="2" />
    <ListEnhance EnhTimes="4" EnhMAName="lifereplenish_v" EnhMAPA1Min="26" EnhMAPA1Max="26" EnhMAPA2Min="0" EnhMAPA2Max="0" EnhMAPA3Min="0" EnhMAPA3Max="0" Index="1" />
    <ListEnhance EnhTimes="8" EnhMAName="lifemax_p" EnhMAPA1Min="7" EnhMAPA1Max="7" EnhMAPA2Min="0" EnhMAPA2Max="0" EnhMAPA3Min="0" EnhMAPA3Max="0" Index="2" />
    <ListEnhance EnhTimes="10" EnhMAName="lifemax_v" EnhMAPA1Min="120" EnhMAPA1Max="120" EnhMAPA2Min="0" EnhMAPA2Max="0" EnhMAPA3Min="0" EnhMAPA3Max="0" Index="3" />
    <ListEnhance EnhTimes="12" EnhMAName="state_stun_resisttime" EnhMAPA1Min="200" EnhMAPA1Max="200" EnhMAPA2Min="0" EnhMAPA2Max="0" EnhMAPA3Min="0" EnhMAPA3Max="0" Index="4" />
    <ListEnhance EnhTimes="14" EnhMAName="damage_light_resist" EnhMAPA1Min="150" EnhMAPA1Max="150" EnhMAPA2Min="0" EnhMAPA2Max="0" EnhMAPA3Min="0" EnhMAPA3Max="0" Index="5" />
    <ListEnhance EnhTimes="16" EnhMAName="state_stun_resistrate" EnhMAPA1Min="175" EnhMAPA1Max="175" EnhMAPA2Min="0" EnhMAPA2Max="0" EnhMAPA3Min="0" EnhMAPA3Max="0" Index="6" />
    <ActiveBySuit StrTimes="15" StrMAName="state_stun_resistrate" StrMAPA1Min="80" StrMAPA1Max="80" StrMAPA2Min="0" StrMAPA2Max="0" StrMAPA3Min="0" StrMAPA3Max="0" Index="1" />
    <UnLockInterval>-1</UnLockInterval>
  </ItemData>
  <ItemData ItemID="3395" Name="Hộ uyển cấp 110" IconBundleDir="Icon/EquipIcon2.unity3d" IconAtlasName="EquipIcon2" MapSpriteBundleDir="Resources/Item/MapSprite.unity3d" MapSpriteAtlasName="MapSprite" Kind="" QualityPrefix="0" Category="1" Genre="1" Stack="1" DetailType="10" ParticularType="1" Level="11" SuiteID="0" Icon="cuff_m_111" View="cuff_m_111_s" Intro="" Help="" ObjID="23" BindType="2" Series="-1" ReqLevel="0" CDType="0" Price="1" ItemValue="1" MakeCost="-1" ResMale="-1" ResFemale="-1" FightPower="0" ScriptID="-1" DeductOnUse="false" BuffID="-1">
    <ListBasicProp BasicPropType="damage_series_resist" BasicPropPA1Min="1" BasicPropPA1Max="1" BasicPropPA2Min="-1" BasicPropPA2Max="-1" BasicPropPA3Min="-1" BasicPropPA3Max="-1" Index="1" />
    <UnLockInterval>-1</UnLockInterval>
  </ItemData>
  <ItemData ItemID="3396" Name="Hộ uyển cấp 120" IconBundleDir="Icon/EquipIcon2.unity3d" IconAtlasName="EquipIcon2" MapSpriteBundleDir="Resources/Item/MapSprite.unity3d" MapSpriteAtlasName="MapSprite" Kind="" QualityPrefix="0" Category="1" Genre="1" Stack="1" DetailType="10" ParticularType="1" Level="12" SuiteID="0" Icon="cuff_m_112" View="cuff_m_112_s" Intro="" Help="" ObjID="23" BindType="2" Series="-1" ReqLevel="0" CDType="0" Price="1" ItemValue="1" MakeCost="-1" ResMale="-1" ResFemale="-1" FightPower="0" ScriptID="-1" DeductOnUse="false" BuffID="-1">
    <ListBasicProp BasicPropType="damage_series_resist" BasicPropPA1Min="1" BasicPropPA1Max="1" BasicPropPA2Min="-1" BasicPropPA2Max="-1" BasicPropPA3Min="-1" BasicPropPA3Max="-1" Index="1" />
    <UnLockInterval>-1</UnLockInterval>
  </ItemData>
  <ItemData ItemID="3397" Name="Thủ trạc cấp 110" IconBundleDir="Icon/EquipIcon2.unity3d" IconAtlasName="EquipIcon2" MapSpriteBundleDir="Resources/Item/MapSprite.unity3d" MapSpriteAtlasName="MapSprite" Kind="" QualityPrefix="0" Category="1" Genre="1" Stack="1" DetailType="10" ParticularType="2" Level="11" SuiteID="0" Icon="cuff_f_211" View="cuff_f_211_s" Intro="" Help="" ObjID="24" BindType="2" Series="-1" ReqLevel="0" CDType="0" Price="1" ItemValue="1" MakeCost="-1" ResMale="-1" ResFemale="-1" FightPower="0" ScriptID="-1" DeductOnUse="false" BuffID="-1">
    <ListBasicProp BasicPropType="damage_series_resist" BasicPropPA1Min="1" BasicPropPA1Max="1" BasicPropPA2Min="-1" BasicPropPA2Max="-1" BasicPropPA3Min="-1" BasicPropPA3Max="-1" Index="1" />
    <UnLockInterval>-1</UnLockInterval>
  </ItemData>
  <ItemData ItemID="3398" Name="Thủ trạc cấp 120" IconBundleDir="Icon/EquipIcon2.unity3d" IconAtlasName="EquipIcon2" MapSpriteBundleDir="Resources/Item/MapSprite.unity3d" MapSpriteAtlasName="MapSprite" Kind="" QualityPrefix="0" Category="1" Genre="1" Stack="1" DetailType="10" ParticularType="2" Level="12" SuiteID="0" Icon="cuff_f_212" View="cuff_f_212_s" Intro="" Help="" ObjID="24" BindType="2" Series="-1" ReqLevel="0" CDType="0" Price="1" ItemValue="1" MakeCost="-1" ResMale="-1" ResFemale="-1" FightPower="0" ScriptID="-1" DeductOnUse="false" BuffID="-1">
    <ListBasicProp BasicPropType="damage_series_resist" BasicPropPA1Min="1" BasicPropPA1Max="1" BasicPropPA2Min="-1" BasicPropPA2Max="-1" BasicPropPA3Min="-1" BasicPropPA3Max="-1" Index="1" />
    <UnLockInterval>-1</UnLockInterval>
  </ItemData>
</ArrayOfItemData>