<?xml version="1.0" encoding="utf-8"?>
<ArrayOfItemData xmlns:xsi="http://www.w3.org/2001/XMLSchema-instance" xmlns:xsd="http://www.w3.org/2001/XMLSchema">
  <ItemData ItemID="3800" Name="Lan Hoa Bội" IconBundleDir="Icon/EquipIcon1.unity3d" IconAtlasName="EquipIcon1" MapSpriteBundleDir="Resources/Item/MapSprite.unity3d" MapSpriteAtlasName="MapSprite" Kind="Lan Hoa Bội" QualityPrefix="0" Category="1" Genre="1" Stack="1" DetailType="11" ParticularType="1" Level="1" SuiteID="0" Icon="pendant_m_101" View="pendant_m_101_s" Intro="" Help="" ObjID="26" BindType="2" Series="-1" ReqLevel="0" CDType="0" Price="1" ItemValue="1" MakeCost="-1" ResMale="-1" ResFemale="-1" FightPower="0" ScriptID="-1" DeductOnUse="false" BuffID="-1">
    <ListBasicProp BasicPropType="adddefense_v" BasicPropPA1Min="3" BasicPropPA1Max="5" BasicPropPA2Min="-1" BasicPropPA2Max="-1" BasicPropPA3Min="0" BasicPropPA3Max="0" Index="1" />
    <ListReqProp ReqPropType="5" ReqPropValue="4" Index="1" />
    <ListReqProp ReqPropType="8" ReqPropValue="0" Index="2" />
    <ListEnhance EnhTimes="4" EnhMAName="manareplenish_v" EnhMAPA1Min="15" EnhMAPA1Max="15" EnhMAPA2Min="0" EnhMAPA2Max="0" EnhMAPA3Min="0" EnhMAPA3Max="0" Index="1" />
    <UnLockInterval>-1</UnLockInterval>
  </ItemData>
  <ItemData ItemID="3801" Name="Hà Diệp Bội" IconBundleDir="Icon/EquipIcon1.unity3d" IconAtlasName="EquipIcon1" MapSpriteBundleDir="Resources/Item/MapSprite.unity3d" MapSpriteAtlasName="MapSprite" Kind="Hà Diệp Bội" QualityPrefix="0" Category="1" Genre="1" Stack="1" DetailType="11" ParticularType="1" Level="2" SuiteID="0" Icon="pendant_m_102" View="pendant_m_102_s" Intro="" Help="" ObjID="26" BindType="2" Series="-1" ReqLevel="0" CDType="0" Price="1" ItemValue="1" MakeCost="-1" ResMale="-1" ResFemale="-1" FightPower="0" ScriptID="-1" DeductOnUse="false" BuffID="-1">
    <ListBasicProp BasicPropType="adddefense_v" BasicPropPA1Min="8" BasicPropPA1Max="10" BasicPropPA2Min="-1" BasicPropPA2Max="-1" BasicPropPA3Min="0" BasicPropPA3Max="0" Index="1" />
    <ListReqProp ReqPropType="5" ReqPropValue="14" Index="1" />
    <ListReqProp ReqPropType="8" ReqPropValue="0" Index="2" />
    <ListEnhance EnhTimes="4" EnhMAName="manareplenish_v" EnhMAPA1Min="15" EnhMAPA1Max="15" EnhMAPA2Min="0" EnhMAPA2Max="0" EnhMAPA3Min="0" EnhMAPA3Max="0" Index="1" />
    <UnLockInterval>-1</UnLockInterval>
  </ItemData>
  <ItemData ItemID="3802" Name="Lộc Văn Bội" IconBundleDir="Icon/EquipIcon1.unity3d" IconAtlasName="EquipIcon1" MapSpriteBundleDir="Resources/Item/MapSprite.unity3d" MapSpriteAtlasName="MapSprite" Kind="Lộc Văn Bội" QualityPrefix="0" Category="1" Genre="1" Stack="1" DetailType="11" ParticularType="1" Level="3" SuiteID="0" Icon="pendant_m_103" View="pendant_m_103_s" Intro="" Help="" ObjID="26" BindType="2" Series="-1" ReqLevel="0" CDType="0" Price="1" ItemValue="1" MakeCost="-1" ResMale="-1" ResFemale="-1" FightPower="0" ScriptID="-1" DeductOnUse="false" BuffID="-1">
    <ListBasicProp BasicPropType="adddefense_v" BasicPropPA1Min="13" BasicPropPA1Max="15" BasicPropPA2Min="-1" BasicPropPA2Max="-1" BasicPropPA3Min="0" BasicPropPA3Max="0" Index="1" />
    <ListReqProp ReqPropType="5" ReqPropValue="24" Index="1" />
    <ListReqProp ReqPropType="8" ReqPropValue="0" Index="2" />
    <ListEnhance EnhTimes="4" EnhMAName="manareplenish_v" EnhMAPA1Min="15" EnhMAPA1Max="15" EnhMAPA2Min="0" EnhMAPA2Max="0" EnhMAPA3Min="0" EnhMAPA3Max="0" Index="1" />
    <UnLockInterval>-1</UnLockInterval>
  </ItemData>
  <ItemData ItemID="3803" Name="Ngọc Thiền Bội" IconBundleDir="Icon/EquipIcon1.unity3d" IconAtlasName="EquipIcon1" MapSpriteBundleDir="Resources/Item/MapSprite.unity3d" MapSpriteAtlasName="MapSprite" Kind="Ngọc Thiền Bội" QualityPrefix="0" Category="1" Genre="1" Stack="1" DetailType="11" ParticularType="1" Level="4" SuiteID="0" Icon="pendant_m_104" View="pendant_m_104_s" Intro="" Help="" ObjID="26" BindType="2" Series="-1" ReqLevel="0" CDType="0" Price="1" ItemValue="1" MakeCost="-1" ResMale="-1" ResFemale="-1" FightPower="0" ScriptID="-1" DeductOnUse="false" BuffID="-1">
    <ListBasicProp BasicPropType="adddefense_v" BasicPropPA1Min="18" BasicPropPA1Max="20" BasicPropPA2Min="-1" BasicPropPA2Max="-1" BasicPropPA3Min="0" BasicPropPA3Max="0" Index="1" />
    <ListReqProp ReqPropType="5" ReqPropValue="34" Index="1" />
    <ListReqProp ReqPropType="8" ReqPropValue="0" Index="2" />
    <ListEnhance EnhTimes="4" EnhMAName="manareplenish_v" EnhMAPA1Min="15" EnhMAPA1Max="15" EnhMAPA2Min="0" EnhMAPA2Max="0" EnhMAPA3Min="0" EnhMAPA3Max="0" Index="1" />
    <ListEnhance EnhTimes="8" EnhMAName="adddefense_v" EnhMAPA1Min="50" EnhMAPA1Max="50" EnhMAPA2Min="0" EnhMAPA2Max="0" EnhMAPA3Min="0" EnhMAPA3Max="0" Index="2" />
    <UnLockInterval>-1</UnLockInterval>
  </ItemData>
  <ItemData ItemID="3804" Name="Long Ngư Bội" IconBundleDir="Icon/EquipIcon1.unity3d" IconAtlasName="EquipIcon1" MapSpriteBundleDir="Resources/Item/MapSprite.unity3d" MapSpriteAtlasName="MapSprite" Kind="Long Ngư Bội" QualityPrefix="0" Category="1" Genre="1" Stack="1" DetailType="11" ParticularType="1" Level="5" SuiteID="0" Icon="pendant_m_105" View="pendant_m_105_s" Intro="" Help="" ObjID="26" BindType="2" Series="-1" ReqLevel="0" CDType="0" Price="1" ItemValue="1" MakeCost="-1" ResMale="-1" ResFemale="-1" FightPower="0" ScriptID="-1" DeductOnUse="false" BuffID="-1">
    <ListBasicProp BasicPropType="adddefense_v" BasicPropPA1Min="23" BasicPropPA1Max="25" BasicPropPA2Min="-1" BasicPropPA2Max="-1" BasicPropPA3Min="0" BasicPropPA3Max="0" Index="1" />
    <ListReqProp ReqPropType="5" ReqPropValue="44" Index="1" />
    <ListReqProp ReqPropType="8" ReqPropValue="0" Index="2" />
    <ListEnhance EnhTimes="4" EnhMAName="manareplenish_v" EnhMAPA1Min="15" EnhMAPA1Max="15" EnhMAPA2Min="0" EnhMAPA2Max="0" EnhMAPA3Min="0" EnhMAPA3Max="0" Index="1" />
    <ListEnhance EnhTimes="8" EnhMAName="adddefense_v" EnhMAPA1Min="50" EnhMAPA1Max="50" EnhMAPA2Min="0" EnhMAPA2Max="0" EnhMAPA3Min="0" EnhMAPA3Max="0" Index="2" />
    <UnLockInterval>-1</UnLockInterval>
  </ItemData>
  <ItemData ItemID="3805" Name="Nhạn Hành Bội" IconBundleDir="Icon/EquipIcon1.unity3d" IconAtlasName="EquipIcon1" MapSpriteBundleDir="Resources/Item/MapSprite.unity3d" MapSpriteAtlasName="MapSprite" Kind="Nhạn Hành Bội" QualityPrefix="0" Category="1" Genre="1" Stack="1" DetailType="11" ParticularType="1" Level="6" SuiteID="0" Icon="pendant_m_106" View="pendant_m_106_s" Intro="" Help="" ObjID="26" BindType="2" Series="-1" ReqLevel="0" CDType="0" Price="1" ItemValue="1" MakeCost="-1" ResMale="-1" ResFemale="-1" FightPower="0" ScriptID="-1" DeductOnUse="false" BuffID="-1">
    <ListBasicProp BasicPropType="adddefense_v" BasicPropPA1Min="28" BasicPropPA1Max="30" BasicPropPA2Min="-1" BasicPropPA2Max="-1" BasicPropPA3Min="0" BasicPropPA3Max="0" Index="1" />
    <ListReqProp ReqPropType="5" ReqPropValue="54" Index="1" />
    <ListReqProp ReqPropType="8" ReqPropValue="0" Index="2" />
    <ListEnhance EnhTimes="4" EnhMAName="manareplenish_v" EnhMAPA1Min="15" EnhMAPA1Max="15" EnhMAPA2Min="0" EnhMAPA2Max="0" EnhMAPA3Min="0" EnhMAPA3Max="0" Index="1" />
    <ListEnhance EnhTimes="8" EnhMAName="adddefense_v" EnhMAPA1Min="50" EnhMAPA1Max="50" EnhMAPA2Min="0" EnhMAPA2Max="0" EnhMAPA3Min="0" EnhMAPA3Max="0" Index="2" />
    <UnLockInterval>-1</UnLockInterval>
  </ItemData>
  <ItemData ItemID="3806" Name="Câu Vân Bội" IconBundleDir="Icon/EquipIcon1.unity3d" IconAtlasName="EquipIcon1" MapSpriteBundleDir="Resources/Item/MapSprite.unity3d" MapSpriteAtlasName="MapSprite" Kind="Câu Vân Bội" QualityPrefix="0" Category="1" Genre="1" Stack="1" DetailType="11" ParticularType="1" Level="7" SuiteID="0" Icon="pendant_m_107" View="pendant_m_107_s" Intro="" Help="" ObjID="26" BindType="2" Series="-1" ReqLevel="0" CDType="0" Price="1" ItemValue="1" MakeCost="-1" ResMale="-1" ResFemale="-1" FightPower="0" ScriptID="-1" DeductOnUse="false" BuffID="-1">
    <ListBasicProp BasicPropType="adddefense_v" BasicPropPA1Min="33" BasicPropPA1Max="35" BasicPropPA2Min="-1" BasicPropPA2Max="-1" BasicPropPA3Min="0" BasicPropPA3Max="0" Index="1" />
    <ListReqProp ReqPropType="5" ReqPropValue="64" Index="1" />
    <ListReqProp ReqPropType="8" ReqPropValue="0" Index="2" />
    <ListEnhance EnhTimes="4" EnhMAName="manareplenish_v" EnhMAPA1Min="15" EnhMAPA1Max="15" EnhMAPA2Min="0" EnhMAPA2Max="0" EnhMAPA3Min="0" EnhMAPA3Max="0" Index="1" />
    <ListEnhance EnhTimes="8" EnhMAName="adddefense_v" EnhMAPA1Min="50" EnhMAPA1Max="50" EnhMAPA2Min="0" EnhMAPA2Max="0" EnhMAPA3Min="0" EnhMAPA3Max="0" Index="2" />
    <ListEnhance EnhTimes="10" EnhMAName="manamax_v" EnhMAPA1Min="80" EnhMAPA1Max="80" EnhMAPA2Min="0" EnhMAPA2Max="0" EnhMAPA3Min="0" EnhMAPA3Max="0" Index="3" />
    <ListEnhance EnhTimes="12" EnhMAName="lifereplenish_p" EnhMAPA1Min="10" EnhMAPA1Max="10" EnhMAPA2Min="0" EnhMAPA2Max="0" EnhMAPA3Min="0" EnhMAPA3Max="0" Index="4" />
    <UnLockInterval>-1</UnLockInterval>
  </ItemData>
  <ItemData ItemID="3807" Name="Long Thủ Bội" IconBundleDir="Icon/EquipIcon1.unity3d" IconAtlasName="EquipIcon1" MapSpriteBundleDir="Resources/Item/MapSprite.unity3d" MapSpriteAtlasName="MapSprite" Kind="Long Thủ Bội" QualityPrefix="0" Category="1" Genre="1" Stack="1" DetailType="11" ParticularType="1" Level="8" SuiteID="0" Icon="pendant_m_108" View="pendant_m_108_s" Intro="" Help="" ObjID="26" BindType="2" Series="-1" ReqLevel="0" CDType="0" Price="1" ItemValue="1" MakeCost="-1" ResMale="-1" ResFemale="-1" FightPower="0" ScriptID="-1" DeductOnUse="false" BuffID="-1">
    <ListBasicProp BasicPropType="adddefense_v" BasicPropPA1Min="38" BasicPropPA1Max="40" BasicPropPA2Min="-1" BasicPropPA2Max="-1" BasicPropPA3Min="0" BasicPropPA3Max="0" Index="1" />
    <ListReqProp ReqPropType="5" ReqPropValue="74" Index="1" />
    <ListReqProp ReqPropType="8" ReqPropValue="0" Index="2" />
    <ListEnhance EnhTimes="4" EnhMAName="manareplenish_v" EnhMAPA1Min="16" EnhMAPA1Max="16" EnhMAPA2Min="0" EnhMAPA2Max="0" EnhMAPA3Min="0" EnhMAPA3Max="0" Index="1" />
    <ListEnhance EnhTimes="8" EnhMAName="adddefense_v" EnhMAPA1Min="55" EnhMAPA1Max="55" EnhMAPA2Min="0" EnhMAPA2Max="0" EnhMAPA3Min="0" EnhMAPA3Max="0" Index="2" />
    <ListEnhance EnhTimes="10" EnhMAName="manamax_v" EnhMAPA1Min="90" EnhMAPA1Max="90" EnhMAPA2Min="0" EnhMAPA2Max="0" EnhMAPA3Min="0" EnhMAPA3Max="0" Index="3" />
    <ListEnhance EnhTimes="12" EnhMAName="lifereplenish_p" EnhMAPA1Min="10" EnhMAPA1Max="10" EnhMAPA2Min="0" EnhMAPA2Max="0" EnhMAPA3Min="0" EnhMAPA3Max="0" Index="4" />
    <UnLockInterval>-1</UnLockInterval>
  </ItemData>
  <ItemData ItemID="3808" Name="Côn Bằng Bội" IconBundleDir="Icon/EquipIcon1.unity3d" IconAtlasName="EquipIcon1" MapSpriteBundleDir="Resources/Item/MapSprite.unity3d" MapSpriteAtlasName="MapSprite" Kind="Côn Bằng Bội" QualityPrefix="0" Category="1" Genre="1" Stack="1" DetailType="11" ParticularType="1" Level="9" SuiteID="0" Icon="pendant_m_109" View="pendant_m_109_s" Intro="" Help="" ObjID="26" BindType="2" Series="-1" ReqLevel="0" CDType="0" Price="1" ItemValue="1" MakeCost="-1" ResMale="-1" ResFemale="-1" FightPower="0" ScriptID="-1" DeductOnUse="false" BuffID="-1">
    <ListBasicProp BasicPropType="adddefense_v" BasicPropPA1Min="43" BasicPropPA1Max="45" BasicPropPA2Min="-1" BasicPropPA2Max="-1" BasicPropPA3Min="0" BasicPropPA3Max="0" Index="1" />
    <ListReqProp ReqPropType="5" ReqPropValue="84" Index="1" />
    <ListReqProp ReqPropType="8" ReqPropValue="0" Index="2" />
    <ListEnhance EnhTimes="4" EnhMAName="manareplenish_v" EnhMAPA1Min="17" EnhMAPA1Max="17" EnhMAPA2Min="0" EnhMAPA2Max="0" EnhMAPA3Min="0" EnhMAPA3Max="0" Index="1" />
    <ListEnhance EnhTimes="8" EnhMAName="adddefense_v" EnhMAPA1Min="60" EnhMAPA1Max="60" EnhMAPA2Min="0" EnhMAPA2Max="0" EnhMAPA3Min="0" EnhMAPA3Max="0" Index="2" />
    <ListEnhance EnhTimes="10" EnhMAName="manamax_v" EnhMAPA1Min="100" EnhMAPA1Max="100" EnhMAPA2Min="0" EnhMAPA2Max="0" EnhMAPA3Min="0" EnhMAPA3Max="0" Index="3" />
    <ListEnhance EnhTimes="12" EnhMAName="lifereplenish_p" EnhMAPA1Min="11" EnhMAPA1Max="11" EnhMAPA2Min="0" EnhMAPA2Max="0" EnhMAPA3Min="0" EnhMAPA3Max="0" Index="4" />
    <UnLockInterval>-1</UnLockInterval>
  </ItemData>
  <ItemData ItemID="3809" Name="Bắc Minh Bội" IconBundleDir="Icon/EquipIcon1.unity3d" IconAtlasName="EquipIcon1" MapSpriteBundleDir="Resources/Item/MapSprite.unity3d" MapSpriteAtlasName="MapSprite" Kind="Bắc Minh Bội" QualityPrefix="0" Category="1" Genre="1" Stack="1" DetailType="11" ParticularType="1" Level="10" SuiteID="0" Icon="pendant_m_110" View="pendant_m_110_s" Intro="" Help="" ObjID="26" BindType="2" Series="-1" ReqLevel="0" CDType="0" Price="1" ItemValue="1" MakeCost="-1" ResMale="-1" ResFemale="-1" FightPower="0" ScriptID="-1" DeductOnUse="false" BuffID="-1">
    <ListBasicProp BasicPropType="adddefense_v" BasicPropPA1Min="48" BasicPropPA1Max="50" BasicPropPA2Min="-1" BasicPropPA2Max="-1" BasicPropPA3Min="0" BasicPropPA3Max="0" Index="1" />
    <ListReqProp ReqPropType="5" ReqPropValue="94" Index="1" />
    <ListReqProp ReqPropType="8" ReqPropValue="0" Index="2" />
    <ListEnhance EnhTimes="4" EnhMAName="manareplenish_v" EnhMAPA1Min="18" EnhMAPA1Max="18" EnhMAPA2Min="0" EnhMAPA2Max="0" EnhMAPA3Min="0" EnhMAPA3Max="0" Index="1" />
    <ListEnhance EnhTimes="8" EnhMAName="adddefense_v" EnhMAPA1Min="65" EnhMAPA1Max="65" EnhMAPA2Min="0" EnhMAPA2Max="0" EnhMAPA3Min="0" EnhMAPA3Max="0" Index="2" />
    <ListEnhance EnhTimes="10" EnhMAName="manamax_v" EnhMAPA1Min="120" EnhMAPA1Max="120" EnhMAPA2Min="0" EnhMAPA2Max="0" EnhMAPA3Min="0" EnhMAPA3Max="0" Index="3" />
    <ListEnhance EnhTimes="12" EnhMAName="lifereplenish_p" EnhMAPA1Min="12" EnhMAPA1Max="12" EnhMAPA2Min="0" EnhMAPA2Max="0" EnhMAPA3Min="0" EnhMAPA3Max="0" Index="4" />
    <ListEnhance EnhTimes="14" EnhMAName="defencedeadlystrikedamagetrim" EnhMAPA1Min="20" EnhMAPA1Max="20" EnhMAPA2Min="0" EnhMAPA2Max="0" EnhMAPA3Min="0" EnhMAPA3Max="0" Index="5" />
    <ListEnhance EnhTimes="16" EnhMAName="damage_all_resist" EnhMAPA1Min="70" EnhMAPA1Max="70" EnhMAPA2Min="0" EnhMAPA2Max="0" EnhMAPA3Min="0" EnhMAPA3Max="0" Index="6" />
    <ActiveBySuit StrTimes="15" StrMAName="damage_all_resist" StrMAPA1Min="32" StrMAPA1Max="32" StrMAPA2Min="0" StrMAPA2Max="0" StrMAPA3Min="0" StrMAPA3Max="0" Index="1" />
    <UnLockInterval>-1</UnLockInterval>
  </ItemData>
  <ItemData ItemID="3810" Name="Huân Y Hương Nang" IconBundleDir="Icon/EquipIcon1.unity3d" IconAtlasName="EquipIcon1" MapSpriteBundleDir="Resources/Item/MapSprite.unity3d" MapSpriteAtlasName="MapSprite" Kind="Huân Y Hương Nang" QualityPrefix="0" Category="1" Genre="1" Stack="1" DetailType="11" ParticularType="2" Level="1" SuiteID="0" Icon="pendant_f_201" View="pendant_f_201_s" Intro="" Help="" ObjID="27" BindType="2" Series="-1" ReqLevel="0" CDType="0" Price="1" ItemValue="1" MakeCost="-1" ResMale="-1" ResFemale="-1" FightPower="0" ScriptID="-1" DeductOnUse="false" BuffID="-1">
    <ListBasicProp BasicPropType="adddefense_v" BasicPropPA1Min="3" BasicPropPA1Max="5" BasicPropPA2Min="-1" BasicPropPA2Max="-1" BasicPropPA3Min="0" BasicPropPA3Max="0" Index="1" />
    <ListReqProp ReqPropType="5" ReqPropValue="4" Index="1" />
    <ListReqProp ReqPropType="8" ReqPropValue="1" Index="2" />
    <ListEnhance EnhTimes="4" EnhMAName="manareplenish_v" EnhMAPA1Min="15" EnhMAPA1Max="15" EnhMAPA2Min="0" EnhMAPA2Max="0" EnhMAPA3Min="0" EnhMAPA3Max="0" Index="1" />
    <UnLockInterval>-1</UnLockInterval>
  </ItemData>
  <ItemData ItemID="3811" Name="Mạt Lợi Hương Nang" IconBundleDir="Icon/EquipIcon1.unity3d" IconAtlasName="EquipIcon1" MapSpriteBundleDir="Resources/Item/MapSprite.unity3d" MapSpriteAtlasName="MapSprite" Kind="Mạt Lợi Hương Nang" QualityPrefix="0" Category="1" Genre="1" Stack="1" DetailType="11" ParticularType="2" Level="2" SuiteID="0" Icon="pendant_f_202" View="pendant_f_202_s" Intro="" Help="" ObjID="27" BindType="2" Series="-1" ReqLevel="0" CDType="0" Price="1" ItemValue="1" MakeCost="-1" ResMale="-1" ResFemale="-1" FightPower="0" ScriptID="-1" DeductOnUse="false" BuffID="-1">
    <ListBasicProp BasicPropType="adddefense_v" BasicPropPA1Min="8" BasicPropPA1Max="10" BasicPropPA2Min="-1" BasicPropPA2Max="-1" BasicPropPA3Min="0" BasicPropPA3Max="0" Index="1" />
    <ListReqProp ReqPropType="5" ReqPropValue="14" Index="1" />
    <ListReqProp ReqPropType="8" ReqPropValue="1" Index="2" />
    <ListEnhance EnhTimes="4" EnhMAName="manareplenish_v" EnhMAPA1Min="15" EnhMAPA1Max="15" EnhMAPA2Min="0" EnhMAPA2Max="0" EnhMAPA3Min="0" EnhMAPA3Max="0" Index="1" />
    <UnLockInterval>-1</UnLockInterval>
  </ItemData>
  <ItemData ItemID="3812" Name="Nhũ Hương Hương Nang" IconBundleDir="Icon/EquipIcon1.unity3d" IconAtlasName="EquipIcon1" MapSpriteBundleDir="Resources/Item/MapSprite.unity3d" MapSpriteAtlasName="MapSprite" Kind="Nhũ Hương Hương Nang" QualityPrefix="0" Category="1" Genre="1" Stack="1" DetailType="11" ParticularType="2" Level="3" SuiteID="0" Icon="pendant_f_203" View="pendant_f_203_s" Intro="" Help="" ObjID="27" BindType="2" Series="-1" ReqLevel="0" CDType="0" Price="1" ItemValue="1" MakeCost="-1" ResMale="-1" ResFemale="-1" FightPower="0" ScriptID="-1" DeductOnUse="false" BuffID="-1">
    <ListBasicProp BasicPropType="adddefense_v" BasicPropPA1Min="13" BasicPropPA1Max="15" BasicPropPA2Min="-1" BasicPropPA2Max="-1" BasicPropPA3Min="0" BasicPropPA3Max="0" Index="1" />
    <ListReqProp ReqPropType="5" ReqPropValue="24" Index="1" />
    <ListReqProp ReqPropType="8" ReqPropValue="1" Index="2" />
    <ListEnhance EnhTimes="4" EnhMAName="manareplenish_v" EnhMAPA1Min="15" EnhMAPA1Max="15" EnhMAPA2Min="0" EnhMAPA2Max="0" EnhMAPA3Min="0" EnhMAPA3Max="0" Index="1" />
    <UnLockInterval>-1</UnLockInterval>
  </ItemData>
  <ItemData ItemID="3813" Name="Lan Hoa Hương Nang" IconBundleDir="Icon/EquipIcon1.unity3d" IconAtlasName="EquipIcon1" MapSpriteBundleDir="Resources/Item/MapSprite.unity3d" MapSpriteAtlasName="MapSprite" Kind="Lan Hoa Hương Nang" QualityPrefix="0" Category="1" Genre="1" Stack="1" DetailType="11" ParticularType="2" Level="4" SuiteID="0" Icon="pendant_f_204" View="pendant_f_204_s" Intro="" Help="" ObjID="27" BindType="2" Series="-1" ReqLevel="0" CDType="0" Price="1" ItemValue="1" MakeCost="-1" ResMale="-1" ResFemale="-1" FightPower="0" ScriptID="-1" DeductOnUse="false" BuffID="-1">
    <ListBasicProp BasicPropType="adddefense_v" BasicPropPA1Min="18" BasicPropPA1Max="20" BasicPropPA2Min="-1" BasicPropPA2Max="-1" BasicPropPA3Min="0" BasicPropPA3Max="0" Index="1" />
    <ListReqProp ReqPropType="5" ReqPropValue="34" Index="1" />
    <ListReqProp ReqPropType="8" ReqPropValue="1" Index="2" />
    <ListEnhance EnhTimes="4" EnhMAName="manareplenish_v" EnhMAPA1Min="15" EnhMAPA1Max="15" EnhMAPA2Min="0" EnhMAPA2Max="0" EnhMAPA3Min="0" EnhMAPA3Max="0" Index="1" />
    <ListEnhance EnhTimes="8" EnhMAName="adddefense_v" EnhMAPA1Min="50" EnhMAPA1Max="50" EnhMAPA2Min="0" EnhMAPA2Max="0" EnhMAPA3Min="0" EnhMAPA3Max="0" Index="2" />
    <UnLockInterval>-1</UnLockInterval>
  </ItemData>
  <ItemData ItemID="3814" Name="Hợp Hoan Hương Nang" IconBundleDir="Icon/EquipIcon1.unity3d" IconAtlasName="EquipIcon1" MapSpriteBundleDir="Resources/Item/MapSprite.unity3d" MapSpriteAtlasName="MapSprite" Kind="Hợp Hoan Hương Nang" QualityPrefix="0" Category="1" Genre="1" Stack="1" DetailType="11" ParticularType="2" Level="5" SuiteID="0" Icon="pendant_f_205" View="pendant_f_205_s" Intro="" Help="" ObjID="27" BindType="2" Series="-1" ReqLevel="0" CDType="0" Price="1" ItemValue="1" MakeCost="-1" ResMale="-1" ResFemale="-1" FightPower="0" ScriptID="-1" DeductOnUse="false" BuffID="-1">
    <ListBasicProp BasicPropType="adddefense_v" BasicPropPA1Min="23" BasicPropPA1Max="25" BasicPropPA2Min="-1" BasicPropPA2Max="-1" BasicPropPA3Min="0" BasicPropPA3Max="0" Index="1" />
    <ListReqProp ReqPropType="5" ReqPropValue="44" Index="1" />
    <ListReqProp ReqPropType="8" ReqPropValue="1" Index="2" />
    <ListEnhance EnhTimes="4" EnhMAName="manareplenish_v" EnhMAPA1Min="15" EnhMAPA1Max="15" EnhMAPA2Min="0" EnhMAPA2Max="0" EnhMAPA3Min="0" EnhMAPA3Max="0" Index="1" />
    <ListEnhance EnhTimes="8" EnhMAName="adddefense_v" EnhMAPA1Min="50" EnhMAPA1Max="50" EnhMAPA2Min="0" EnhMAPA2Max="0" EnhMAPA3Min="0" EnhMAPA3Max="0" Index="2" />
    <UnLockInterval>-1</UnLockInterval>
  </ItemData>
  <ItemData ItemID="3815" Name="Tử Tô Hương Nang" IconBundleDir="Icon/EquipIcon1.unity3d" IconAtlasName="EquipIcon1" MapSpriteBundleDir="Resources/Item/MapSprite.unity3d" MapSpriteAtlasName="MapSprite" Kind="Tử Tô Hương Nang" QualityPrefix="0" Category="1" Genre="1" Stack="1" DetailType="11" ParticularType="2" Level="6" SuiteID="0" Icon="pendant_f_206" View="pendant_f_206_s" Intro="" Help="" ObjID="27" BindType="2" Series="-1" ReqLevel="0" CDType="0" Price="1" ItemValue="1" MakeCost="-1" ResMale="-1" ResFemale="-1" FightPower="0" ScriptID="-1" DeductOnUse="false" BuffID="-1">
    <ListBasicProp BasicPropType="adddefense_v" BasicPropPA1Min="28" BasicPropPA1Max="30" BasicPropPA2Min="-1" BasicPropPA2Max="-1" BasicPropPA3Min="0" BasicPropPA3Max="0" Index="1" />
    <ListReqProp ReqPropType="5" ReqPropValue="54" Index="1" />
    <ListReqProp ReqPropType="8" ReqPropValue="1" Index="2" />
    <ListEnhance EnhTimes="4" EnhMAName="manareplenish_v" EnhMAPA1Min="15" EnhMAPA1Max="15" EnhMAPA2Min="0" EnhMAPA2Max="0" EnhMAPA3Min="0" EnhMAPA3Max="0" Index="1" />
    <ListEnhance EnhTimes="8" EnhMAName="adddefense_v" EnhMAPA1Min="50" EnhMAPA1Max="50" EnhMAPA2Min="0" EnhMAPA2Max="0" EnhMAPA3Min="0" EnhMAPA3Max="0" Index="2" />
    <UnLockInterval>-1</UnLockInterval>
  </ItemData>
  <ItemData ItemID="3816" Name="Trầm Đàn Hương Nang" IconBundleDir="Icon/EquipIcon1.unity3d" IconAtlasName="EquipIcon1" MapSpriteBundleDir="Resources/Item/MapSprite.unity3d" MapSpriteAtlasName="MapSprite" Kind="Trầm Đàn Hương Nang" QualityPrefix="0" Category="1" Genre="1" Stack="1" DetailType="11" ParticularType="2" Level="7" SuiteID="0" Icon="pendant_f_207" View="pendant_f_207_s" Intro="" Help="" ObjID="27" BindType="2" Series="-1" ReqLevel="0" CDType="0" Price="1" ItemValue="1" MakeCost="-1" ResMale="-1" ResFemale="-1" FightPower="0" ScriptID="-1" DeductOnUse="false" BuffID="-1">
    <ListBasicProp BasicPropType="adddefense_v" BasicPropPA1Min="33" BasicPropPA1Max="35" BasicPropPA2Min="-1" BasicPropPA2Max="-1" BasicPropPA3Min="0" BasicPropPA3Max="0" Index="1" />
    <ListReqProp ReqPropType="5" ReqPropValue="64" Index="1" />
    <ListReqProp ReqPropType="8" ReqPropValue="1" Index="2" />
    <ListEnhance EnhTimes="4" EnhMAName="manareplenish_v" EnhMAPA1Min="15" EnhMAPA1Max="15" EnhMAPA2Min="0" EnhMAPA2Max="0" EnhMAPA3Min="0" EnhMAPA3Max="0" Index="1" />
    <ListEnhance EnhTimes="8" EnhMAName="adddefense_v" EnhMAPA1Min="50" EnhMAPA1Max="50" EnhMAPA2Min="0" EnhMAPA2Max="0" EnhMAPA3Min="0" EnhMAPA3Max="0" Index="2" />
    <ListEnhance EnhTimes="10" EnhMAName="manamax_v" EnhMAPA1Min="80" EnhMAPA1Max="80" EnhMAPA2Min="0" EnhMAPA2Max="0" EnhMAPA3Min="0" EnhMAPA3Max="0" Index="3" />
    <ListEnhance EnhTimes="12" EnhMAName="lifereplenish_p" EnhMAPA1Min="10" EnhMAPA1Max="10" EnhMAPA2Min="0" EnhMAPA2Max="0" EnhMAPA3Min="0" EnhMAPA3Max="0" Index="4" />
    <UnLockInterval>-1</UnLockInterval>
  </ItemData>
  <ItemData ItemID="3817" Name="Tiên Xạ Hương Nang" IconBundleDir="Icon/EquipIcon1.unity3d" IconAtlasName="EquipIcon1" MapSpriteBundleDir="Resources/Item/MapSprite.unity3d" MapSpriteAtlasName="MapSprite" Kind="Tiên Xạ Hương Nang" QualityPrefix="0" Category="1" Genre="1" Stack="1" DetailType="11" ParticularType="2" Level="8" SuiteID="0" Icon="pendant_f_208" View="pendant_f_208_s" Intro="" Help="" ObjID="27" BindType="2" Series="-1" ReqLevel="0" CDType="0" Price="1" ItemValue="1" MakeCost="-1" ResMale="-1" ResFemale="-1" FightPower="0" ScriptID="-1" DeductOnUse="false" BuffID="-1">
    <ListBasicProp BasicPropType="adddefense_v" BasicPropPA1Min="38" BasicPropPA1Max="40" BasicPropPA2Min="-1" BasicPropPA2Max="-1" BasicPropPA3Min="0" BasicPropPA3Max="0" Index="1" />
    <ListReqProp ReqPropType="5" ReqPropValue="74" Index="1" />
    <ListReqProp ReqPropType="8" ReqPropValue="1" Index="2" />
    <ListEnhance EnhTimes="4" EnhMAName="manareplenish_v" EnhMAPA1Min="16" EnhMAPA1Max="16" EnhMAPA2Min="0" EnhMAPA2Max="0" EnhMAPA3Min="0" EnhMAPA3Max="0" Index="1" />
    <ListEnhance EnhTimes="8" EnhMAName="adddefense_v" EnhMAPA1Min="55" EnhMAPA1Max="55" EnhMAPA2Min="0" EnhMAPA2Max="0" EnhMAPA3Min="0" EnhMAPA3Max="0" Index="2" />
    <ListEnhance EnhTimes="10" EnhMAName="manamax_v" EnhMAPA1Min="90" EnhMAPA1Max="90" EnhMAPA2Min="0" EnhMAPA2Max="0" EnhMAPA3Min="0" EnhMAPA3Max="0" Index="3" />
    <ListEnhance EnhTimes="12" EnhMAName="lifereplenish_p" EnhMAPA1Min="10" EnhMAPA1Max="10" EnhMAPA2Min="0" EnhMAPA2Max="0" EnhMAPA3Min="0" EnhMAPA3Max="0" Index="4" />
    <UnLockInterval>-1</UnLockInterval>
  </ItemData>
  <ItemData ItemID="3818" Name="Già Nam Hương Nang" IconBundleDir="Icon/EquipIcon1.unity3d" IconAtlasName="EquipIcon1" MapSpriteBundleDir="Resources/Item/MapSprite.unity3d" MapSpriteAtlasName="MapSprite" Kind="Già Nam Hương Nang" QualityPrefix="0" Category="1" Genre="1" Stack="1" DetailType="11" ParticularType="2" Level="9" SuiteID="0" Icon="pendant_f_209" View="pendant_f_209_s" Intro="" Help="" ObjID="27" BindType="2" Series="-1" ReqLevel="0" CDType="0" Price="1" ItemValue="1" MakeCost="-1" ResMale="-1" ResFemale="-1" FightPower="0" ScriptID="-1" DeductOnUse="false" BuffID="-1">
    <ListBasicProp BasicPropType="adddefense_v" BasicPropPA1Min="43" BasicPropPA1Max="45" BasicPropPA2Min="-1" BasicPropPA2Max="-1" BasicPropPA3Min="0" BasicPropPA3Max="0" Index="1" />
    <ListReqProp ReqPropType="5" ReqPropValue="84" Index="1" />
    <ListReqProp ReqPropType="8" ReqPropValue="1" Index="2" />
    <ListEnhance EnhTimes="4" EnhMAName="manareplenish_v" EnhMAPA1Min="17" EnhMAPA1Max="17" EnhMAPA2Min="0" EnhMAPA2Max="0" EnhMAPA3Min="0" EnhMAPA3Max="0" Index="1" />
    <ListEnhance EnhTimes="8" EnhMAName="adddefense_v" EnhMAPA1Min="60" EnhMAPA1Max="60" EnhMAPA2Min="0" EnhMAPA2Max="0" EnhMAPA3Min="0" EnhMAPA3Max="0" Index="2" />
    <ListEnhance EnhTimes="10" EnhMAName="manamax_v" EnhMAPA1Min="100" EnhMAPA1Max="100" EnhMAPA2Min="0" EnhMAPA2Max="0" EnhMAPA3Min="0" EnhMAPA3Max="0" Index="3" />
    <ListEnhance EnhTimes="12" EnhMAName="lifereplenish_p" EnhMAPA1Min="11" EnhMAPA1Max="11" EnhMAPA2Min="0" EnhMAPA2Max="0" EnhMAPA3Min="0" EnhMAPA3Max="0" Index="4" />
    <UnLockInterval>-1</UnLockInterval>
  </ItemData>
  <ItemData ItemID="3819" Name="Long Diên Hương Nang" IconBundleDir="Icon/EquipIcon1.unity3d" IconAtlasName="EquipIcon1" MapSpriteBundleDir="Resources/Item/MapSprite.unity3d" MapSpriteAtlasName="MapSprite" Kind="Long Diên Hương Nang" QualityPrefix="0" Category="1" Genre="1" Stack="1" DetailType="11" ParticularType="2" Level="10" SuiteID="0" Icon="pendant_f_210" View="pendant_f_210_s" Intro="" Help="" ObjID="27" BindType="2" Series="-1" ReqLevel="0" CDType="0" Price="1" ItemValue="1" MakeCost="-1" ResMale="-1" ResFemale="-1" FightPower="0" ScriptID="-1" DeductOnUse="false" BuffID="-1">
    <ListBasicProp BasicPropType="adddefense_v" BasicPropPA1Min="48" BasicPropPA1Max="50" BasicPropPA2Min="-1" BasicPropPA2Max="-1" BasicPropPA3Min="0" BasicPropPA3Max="0" Index="1" />
    <ListReqProp ReqPropType="5" ReqPropValue="94" Index="1" />
    <ListReqProp ReqPropType="8" ReqPropValue="1" Index="2" />
    <ListEnhance EnhTimes="4" EnhMAName="manareplenish_v" EnhMAPA1Min="18" EnhMAPA1Max="18" EnhMAPA2Min="0" EnhMAPA2Max="0" EnhMAPA3Min="0" EnhMAPA3Max="0" Index="1" />
    <ListEnhance EnhTimes="8" EnhMAName="adddefense_v" EnhMAPA1Min="65" EnhMAPA1Max="65" EnhMAPA2Min="0" EnhMAPA2Max="0" EnhMAPA3Min="0" EnhMAPA3Max="0" Index="2" />
    <ListEnhance EnhTimes="10" EnhMAName="manamax_v" EnhMAPA1Min="120" EnhMAPA1Max="120" EnhMAPA2Min="0" EnhMAPA2Max="0" EnhMAPA3Min="0" EnhMAPA3Max="0" Index="3" />
    <ListEnhance EnhTimes="12" EnhMAName="lifereplenish_p" EnhMAPA1Min="12" EnhMAPA1Max="12" EnhMAPA2Min="0" EnhMAPA2Max="0" EnhMAPA3Min="0" EnhMAPA3Max="0" Index="4" />
    <ListEnhance EnhTimes="14" EnhMAName="defencedeadlystrikedamagetrim" EnhMAPA1Min="20" EnhMAPA1Max="20" EnhMAPA2Min="0" EnhMAPA2Max="0" EnhMAPA3Min="0" EnhMAPA3Max="0" Index="5" />
    <ListEnhance EnhTimes="16" EnhMAName="damage_all_resist" EnhMAPA1Min="70" EnhMAPA1Max="70" EnhMAPA2Min="0" EnhMAPA2Max="0" EnhMAPA3Min="0" EnhMAPA3Max="0" Index="6" />
    <ActiveBySuit StrTimes="15" StrMAName="damage_all_resist" StrMAPA1Min="32" StrMAPA1Max="32" StrMAPA2Min="0" StrMAPA2Max="0" StrMAPA3Min="0" StrMAPA3Max="0" Index="1" />
    <UnLockInterval>-1</UnLockInterval>
  </ItemData>
  <ItemData ItemID="3820" Name="Ngọc Bội cấp 110" IconBundleDir="Icon/EquipIcon1.unity3d" IconAtlasName="EquipIcon1" MapSpriteBundleDir="Resources/Item/MapSprite.unity3d" MapSpriteAtlasName="MapSprite" Kind="" QualityPrefix="0" Category="1" Genre="1" Stack="1" DetailType="11" ParticularType="1" Level="11" SuiteID="0" Icon="pendant_m_111" View="pendant_m_111_s" Intro="" Help="" ObjID="26" BindType="2" Series="-1" ReqLevel="0" CDType="0" Price="1" ItemValue="1" MakeCost="-1" ResMale="-1" ResFemale="-1" FightPower="0" ScriptID="-1" DeductOnUse="false" BuffID="-1">
    <ListBasicProp BasicPropType="adddefense_v" BasicPropPA1Min="1" BasicPropPA1Max="1" BasicPropPA2Min="-1" BasicPropPA2Max="-1" BasicPropPA3Min="0" BasicPropPA3Max="0" Index="1" />
    <ListReqProp ReqPropType="5" ReqPropValue="94" Index="1" />
    <ListReqProp ReqPropType="8" ReqPropValue="0" Index="2" />
    <ListEnhance EnhTimes="4" EnhMAName="manareplenish_v" EnhMAPA1Min="18" EnhMAPA1Max="18" EnhMAPA2Min="0" EnhMAPA2Max="0" EnhMAPA3Min="0" EnhMAPA3Max="0" Index="1" />
    <ListEnhance EnhTimes="8" EnhMAName="adddefense_v" EnhMAPA1Min="65" EnhMAPA1Max="65" EnhMAPA2Min="0" EnhMAPA2Max="0" EnhMAPA3Min="0" EnhMAPA3Max="0" Index="2" />
    <ListEnhance EnhTimes="10" EnhMAName="manamax_v" EnhMAPA1Min="120" EnhMAPA1Max="120" EnhMAPA2Min="0" EnhMAPA2Max="0" EnhMAPA3Min="0" EnhMAPA3Max="0" Index="3" />
    <ListEnhance EnhTimes="12" EnhMAName="lifereplenish_p" EnhMAPA1Min="12" EnhMAPA1Max="12" EnhMAPA2Min="0" EnhMAPA2Max="0" EnhMAPA3Min="0" EnhMAPA3Max="0" Index="4" />
    <ListEnhance EnhTimes="14" EnhMAName="defencedeadlystrikedamagetrim" EnhMAPA1Min="20" EnhMAPA1Max="20" EnhMAPA2Min="0" EnhMAPA2Max="0" EnhMAPA3Min="0" EnhMAPA3Max="0" Index="5" />
    <ListEnhance EnhTimes="16" EnhMAName="damage_all_resist" EnhMAPA1Min="70" EnhMAPA1Max="70" EnhMAPA2Min="0" EnhMAPA2Max="0" EnhMAPA3Min="0" EnhMAPA3Max="0" Index="6" />
    <ActiveBySuit StrTimes="15" StrMAName="damage_all_resist" StrMAPA1Min="32" StrMAPA1Max="32" StrMAPA2Min="0" StrMAPA2Max="0" StrMAPA3Min="0" StrMAPA3Max="0" Index="1" />
    <UnLockInterval>-1</UnLockInterval>
  </ItemData>
  <ItemData ItemID="3821" Name="Ngọc Bội cấp 120" IconBundleDir="Icon/EquipIcon1.unity3d" IconAtlasName="EquipIcon1" MapSpriteBundleDir="Resources/Item/MapSprite.unity3d" MapSpriteAtlasName="MapSprite" Kind="" QualityPrefix="0" Category="1" Genre="1" Stack="1" DetailType="11" ParticularType="1" Level="12" SuiteID="0" Icon="pendant_m_112" View="pendant_m_112_s" Intro="" Help="" ObjID="26" BindType="2" Series="-1" ReqLevel="0" CDType="0" Price="1" ItemValue="1" MakeCost="-1" ResMale="-1" ResFemale="-1" FightPower="0" ScriptID="-1" DeductOnUse="false" BuffID="-1">
    <ListBasicProp BasicPropType="adddefense_v" BasicPropPA1Min="1" BasicPropPA1Max="1" BasicPropPA2Min="-1" BasicPropPA2Max="-1" BasicPropPA3Min="0" BasicPropPA3Max="0" Index="1" />
    <ListReqProp ReqPropType="5" ReqPropValue="94" Index="1" />
    <ListReqProp ReqPropType="8" ReqPropValue="0" Index="2" />
    <ListEnhance EnhTimes="4" EnhMAName="manareplenish_v" EnhMAPA1Min="18" EnhMAPA1Max="18" EnhMAPA2Min="0" EnhMAPA2Max="0" EnhMAPA3Min="0" EnhMAPA3Max="0" Index="1" />
    <ListEnhance EnhTimes="8" EnhMAName="adddefense_v" EnhMAPA1Min="65" EnhMAPA1Max="65" EnhMAPA2Min="0" EnhMAPA2Max="0" EnhMAPA3Min="0" EnhMAPA3Max="0" Index="2" />
    <ListEnhance EnhTimes="10" EnhMAName="manamax_v" EnhMAPA1Min="120" EnhMAPA1Max="120" EnhMAPA2Min="0" EnhMAPA2Max="0" EnhMAPA3Min="0" EnhMAPA3Max="0" Index="3" />
    <ListEnhance EnhTimes="12" EnhMAName="lifereplenish_p" EnhMAPA1Min="12" EnhMAPA1Max="12" EnhMAPA2Min="0" EnhMAPA2Max="0" EnhMAPA3Min="0" EnhMAPA3Max="0" Index="4" />
    <ListEnhance EnhTimes="14" EnhMAName="defencedeadlystrikedamagetrim" EnhMAPA1Min="20" EnhMAPA1Max="20" EnhMAPA2Min="0" EnhMAPA2Max="0" EnhMAPA3Min="0" EnhMAPA3Max="0" Index="5" />
    <ListEnhance EnhTimes="16" EnhMAName="damage_all_resist" EnhMAPA1Min="70" EnhMAPA1Max="70" EnhMAPA2Min="0" EnhMAPA2Max="0" EnhMAPA3Min="0" EnhMAPA3Max="0" Index="6" />
    <ActiveBySuit StrTimes="15" StrMAName="damage_all_resist" StrMAPA1Min="32" StrMAPA1Max="32" StrMAPA2Min="0" StrMAPA2Max="0" StrMAPA3Min="0" StrMAPA3Max="0" Index="1" />
    <UnLockInterval>-1</UnLockInterval>
  </ItemData>
  <ItemData ItemID="3822" Name="Hương Nang cấp 110" IconBundleDir="Icon/EquipIcon1.unity3d" IconAtlasName="EquipIcon1" MapSpriteBundleDir="Resources/Item/MapSprite.unity3d" MapSpriteAtlasName="MapSprite" Kind="" QualityPrefix="0" Category="1" Genre="1" Stack="1" DetailType="11" ParticularType="2" Level="11" SuiteID="0" Icon="pendant_f_211" View="pendant_f_211_s" Intro="" Help="" ObjID="27" BindType="2" Series="-1" ReqLevel="0" CDType="0" Price="1" ItemValue="1" MakeCost="-1" ResMale="-1" ResFemale="-1" FightPower="0" ScriptID="-1" DeductOnUse="false" BuffID="-1">
    <ListBasicProp BasicPropType="adddefense_v" BasicPropPA1Min="1" BasicPropPA1Max="1" BasicPropPA2Min="-1" BasicPropPA2Max="-1" BasicPropPA3Min="0" BasicPropPA3Max="0" Index="1" />
    <ListReqProp ReqPropType="5" ReqPropValue="94" Index="1" />
    <ListReqProp ReqPropType="8" ReqPropValue="1" Index="2" />
    <ListEnhance EnhTimes="4" EnhMAName="manareplenish_v" EnhMAPA1Min="18" EnhMAPA1Max="18" EnhMAPA2Min="0" EnhMAPA2Max="0" EnhMAPA3Min="0" EnhMAPA3Max="0" Index="1" />
    <ListEnhance EnhTimes="8" EnhMAName="adddefense_v" EnhMAPA1Min="65" EnhMAPA1Max="65" EnhMAPA2Min="0" EnhMAPA2Max="0" EnhMAPA3Min="0" EnhMAPA3Max="0" Index="2" />
    <ListEnhance EnhTimes="10" EnhMAName="manamax_v" EnhMAPA1Min="120" EnhMAPA1Max="120" EnhMAPA2Min="0" EnhMAPA2Max="0" EnhMAPA3Min="0" EnhMAPA3Max="0" Index="3" />
    <ListEnhance EnhTimes="12" EnhMAName="lifereplenish_p" EnhMAPA1Min="12" EnhMAPA1Max="12" EnhMAPA2Min="0" EnhMAPA2Max="0" EnhMAPA3Min="0" EnhMAPA3Max="0" Index="4" />
    <ListEnhance EnhTimes="14" EnhMAName="defencedeadlystrikedamagetrim" EnhMAPA1Min="20" EnhMAPA1Max="20" EnhMAPA2Min="0" EnhMAPA2Max="0" EnhMAPA3Min="0" EnhMAPA3Max="0" Index="5" />
    <ListEnhance EnhTimes="16" EnhMAName="damage_all_resist" EnhMAPA1Min="70" EnhMAPA1Max="70" EnhMAPA2Min="0" EnhMAPA2Max="0" EnhMAPA3Min="0" EnhMAPA3Max="0" Index="6" />
    <ActiveBySuit StrTimes="15" StrMAName="damage_all_resist" StrMAPA1Min="32" StrMAPA1Max="32" StrMAPA2Min="0" StrMAPA2Max="0" StrMAPA3Min="0" StrMAPA3Max="0" Index="1" />
    <UnLockInterval>-1</UnLockInterval>
  </ItemData>
  <ItemData ItemID="3823" Name="Hương Nang cấp 120" IconBundleDir="Icon/EquipIcon1.unity3d" IconAtlasName="EquipIcon1" MapSpriteBundleDir="Resources/Item/MapSprite.unity3d" MapSpriteAtlasName="MapSprite" Kind="" QualityPrefix="0" Category="1" Genre="1" Stack="1" DetailType="11" ParticularType="2" Level="12" SuiteID="0" Icon="pendant_f_212" View="pendant_f_212_s" Intro="" Help="" ObjID="27" BindType="2" Series="-1" ReqLevel="0" CDType="0" Price="1" ItemValue="1" MakeCost="-1" ResMale="-1" ResFemale="-1" FightPower="0" ScriptID="-1" DeductOnUse="false" BuffID="-1">
    <ListBasicProp BasicPropType="adddefense_v" BasicPropPA1Min="1" BasicPropPA1Max="1" BasicPropPA2Min="-1" BasicPropPA2Max="-1" BasicPropPA3Min="0" BasicPropPA3Max="0" Index="1" />
    <ListReqProp ReqPropType="5" ReqPropValue="94" Index="1" />
    <ListReqProp ReqPropType="8" ReqPropValue="1" Index="2" />
    <ListEnhance EnhTimes="4" EnhMAName="manareplenish_v" EnhMAPA1Min="18" EnhMAPA1Max="18" EnhMAPA2Min="0" EnhMAPA2Max="0" EnhMAPA3Min="0" EnhMAPA3Max="0" Index="1" />
    <ListEnhance EnhTimes="8" EnhMAName="adddefense_v" EnhMAPA1Min="65" EnhMAPA1Max="65" EnhMAPA2Min="0" EnhMAPA2Max="0" EnhMAPA3Min="0" EnhMAPA3Max="0" Index="2" />
    <ListEnhance EnhTimes="10" EnhMAName="manamax_v" EnhMAPA1Min="120" EnhMAPA1Max="120" EnhMAPA2Min="0" EnhMAPA2Max="0" EnhMAPA3Min="0" EnhMAPA3Max="0" Index="3" />
    <ListEnhance EnhTimes="12" EnhMAName="lifereplenish_p" EnhMAPA1Min="12" EnhMAPA1Max="12" EnhMAPA2Min="0" EnhMAPA2Max="0" EnhMAPA3Min="0" EnhMAPA3Max="0" Index="4" />
    <ListEnhance EnhTimes="14" EnhMAName="defencedeadlystrikedamagetrim" EnhMAPA1Min="20" EnhMAPA1Max="20" EnhMAPA2Min="0" EnhMAPA2Max="0" EnhMAPA3Min="0" EnhMAPA3Max="0" Index="5" />
    <ListEnhance EnhTimes="16" EnhMAName="damage_all_resist" EnhMAPA1Min="70" EnhMAPA1Max="70" EnhMAPA2Min="0" EnhMAPA2Max="0" EnhMAPA3Min="0" EnhMAPA3Max="0" Index="6" />
    <ActiveBySuit StrTimes="15" StrMAName="damage_all_resist" StrMAPA1Min="32" StrMAPA1Max="32" StrMAPA2Min="0" StrMAPA2Max="0" StrMAPA3Min="0" StrMAPA3Max="0" Index="1" />
    <UnLockInterval>-1</UnLockInterval>
  </ItemData>
</ArrayOfItemData>