<?xml version="1.0" encoding="utf-8"?>
<ArrayOfItemData xmlns:xsi="http://www.w3.org/2001/XMLSchema-instance" xmlns:xsd="http://www.w3.org/2001/XMLSchema">
  <!-- Sơ -->
  <ItemData ItemID="3887" Name="Trận pháp-Sơ: Ngũ Hành Trận" IconBundleDir="Icon/EquipIcon2.unity3d" IconAtlasName="EquipIcon2" MapSpriteBundleDir="Resources/Item/MapSprite.unity3d" MapSpriteAtlasName="MapSprite" Kind="Trận pháp đồ: Ngũ Hành trận" QualityPrefix="0" Category="1" Genre="1" Stack="1" DetailType="15" ParticularType="1" Level="1" SuiteID="0" Icon="zhen_n_xinshoumiji" View="zhen_n_xinshoumiji_s" Intro="Qui tắc kích hoạt: Mỗi thành viên có ngũ hành khác nhau bên cạnh đội trưởng, sẽ tăng 1 cấp kích hoạt trận pháp" Help="" ObjID="32" BindType="1" Series="0" ReqLevel="0" CDType="0" Price="500" ItemValue="10000" MakeCost="-1" ResMale="-1" ResFemale="-1" FightPower="0" ScriptID="-1" DeductOnUse="false" BuffID="-1" ZhenSkillID="-1" NearbyZhenSkill="381" ZhenActivateRule="1">
    <ListReqProp ReqPropType="5" ReqPropValue="1" Index="2" />
    <UnLockInterval>-1</UnLockInterval>
  </ItemData>
  <!-- End -->
  
  <!-- Trung -->
  <ItemData ItemID="3888" Name="Trận pháp-Trung: Bát Quái Trận - Li" IconBundleDir="Icon/EquipIcon2.unity3d" IconAtlasName="EquipIcon2" MapSpriteBundleDir="Resources/Item/MapSprite.unity3d" MapSpriteAtlasName="MapSprite" Kind="Trận pháp đồ: Bát Quái Trận - Li" QualityPrefix="0" Category="1" Genre="1" Stack="1" DetailType="15" ParticularType="2" Level="1" SuiteID="0" Icon="zhen_zhenfatu_104" View="zhen_zhenfatu_104" Intro="Khi tạo nhóm, nhân vật trang bị trập pháp có thể nhận được thuộc tính trận pháp cao nhất; nhân vật không trang bị trận pháp sẽ căn cứ vào qui tắc kích hoạt nhận được hiệu quả trận pháp tương ứng do đội trưởng trang bị.&lt;enter&gt;Qui tắc kích hoạt: Trong nhóm mỗi lần tăng thêm 1 thành viên từ cấp 69 trở lên, sẽ tăng 1 cấp kích hoạt trận pháp." Help="" ObjID="32" BindType="1" Series="0" ReqLevel="0" CDType="0" Price="0" ItemValue="5760000" MakeCost="-1" ResMale="-1" ResFemale="-1" FightPower="1" ScriptID="-1" DeductOnUse="false" BuffID="-1" ZhenSkillID="383" NearbyZhenSkill="382" ZhenActivateRule="2">
    <ListReqProp ReqPropType="5" ReqPropValue="69" Index="2" />
    <UnLockInterval>-1</UnLockInterval>
  </ItemData>
  <ItemData ItemID="3889" Name="Trận pháp-Trung: Bát Quái Trận - Đoài" IconBundleDir="Icon/EquipIcon2.unity3d" IconAtlasName="EquipIcon2" MapSpriteBundleDir="Resources/Item/MapSprite.unity3d" MapSpriteAtlasName="MapSprite" Kind="Trận pháp đồ: Bát Quái Trận - Đoài" QualityPrefix="0" Category="1" Genre="1" Stack="1" DetailType="15" ParticularType="3" Level="1" SuiteID="0" Icon="zhen_zhenfatu_104" View="zhen_zhenfatu_104" Intro="Khi tạo nhóm, nhân vật trang bị trập pháp có thể nhận được thuộc tính trận pháp cao nhất; nhân vật không trang bị trận pháp sẽ căn cứ vào qui tắc kích hoạt nhận được hiệu quả trận pháp tương ứng do đội trưởng trang bị.&lt;enter&gt;Qui tắc kích hoạt: Trong nhóm mỗi lần tăng thêm 1 thành viên từ cấp 69 trở lên, sẽ tăng 1 cấp kích hoạt trận pháp." Help="" ObjID="32" BindType="1" Series="0" ReqLevel="0" CDType="0" Price="0" ItemValue="5760000" MakeCost="-1" ResMale="-1" ResFemale="-1" FightPower="1" ScriptID="-1" DeductOnUse="false" BuffID="-1" ZhenSkillID="1344" NearbyZhenSkill="382" ZhenActivateRule="2">
    <ListReqProp ReqPropType="5" ReqPropValue="69" Index="2" />
    <UnLockInterval>-1</UnLockInterval>
  </ItemData>
  <ItemData ItemID="3890" Name="Trận pháp-Trung: Bát Quái Trận - Cấn" IconBundleDir="Icon/EquipIcon2.unity3d" IconAtlasName="EquipIcon2" MapSpriteBundleDir="Resources/Item/MapSprite.unity3d" MapSpriteAtlasName="MapSprite" Kind="Trận pháp đồ: Bát Quái Trận - Cấn" QualityPrefix="0" Category="1" Genre="1" Stack="1" DetailType="15" ParticularType="4" Level="1" SuiteID="0" Icon="zhen_zhenfatu_104" View="zhen_zhenfatu_104" Intro="Khi tạo nhóm, nhân vật trang bị trập pháp có thể nhận được thuộc tính trận pháp cao nhất; nhân vật không trang bị trận pháp sẽ căn cứ vào qui tắc kích hoạt nhận được hiệu quả trận pháp tương ứng do đội trưởng trang bị.&lt;enter&gt;Qui tắc kích hoạt: Trong nhóm mỗi lần tăng thêm 1 thành viên từ cấp 69 trở lên, sẽ tăng 1 cấp kích hoạt trận pháp." Help="" ObjID="32" BindType="1" Series="0" ReqLevel="0" CDType="0" Price="0" ItemValue="5760000" MakeCost="-1" ResMale="-1" ResFemale="-1" FightPower="1" ScriptID="-1" DeductOnUse="false" BuffID="-1" ZhenSkillID="1345" NearbyZhenSkill="382" ZhenActivateRule="2">
    <ListReqProp ReqPropType="5" ReqPropValue="69" Index="2" />
    <UnLockInterval>-1</UnLockInterval>
  </ItemData>
  <ItemData ItemID="3891" Name="Trận pháp-Trung: Bát Quái Trận - Khảm" IconBundleDir="Icon/EquipIcon2.unity3d" IconAtlasName="EquipIcon2" MapSpriteBundleDir="Resources/Item/MapSprite.unity3d" MapSpriteAtlasName="MapSprite" Kind="Trận pháp đồ: Bát Quái Trận - Khảm" QualityPrefix="0" Category="1" Genre="1" Stack="1" DetailType="15" ParticularType="5" Level="1" SuiteID="0" Icon="zhen_zhenfatu_104" View="zhen_zhenfatu_104" Intro="Khi tạo nhóm, nhân vật trang bị trập pháp có thể nhận được thuộc tính trận pháp cao nhất; nhân vật không trang bị trận pháp sẽ căn cứ vào qui tắc kích hoạt nhận được hiệu quả trận pháp tương ứng do đội trưởng trang bị.&lt;enter&gt;Qui tắc kích hoạt: Trong nhóm mỗi lần tăng thêm 1 thành viên từ cấp 69 trở lên, sẽ tăng 1 cấp kích hoạt trận pháp." Help="" ObjID="32" BindType="1" Series="0" ReqLevel="0" CDType="0" Price="0" ItemValue="5760000" MakeCost="-1" ResMale="-1" ResFemale="-1" FightPower="1" ScriptID="-1" DeductOnUse="false" BuffID="-1" ZhenSkillID="1346" NearbyZhenSkill="382" ZhenActivateRule="2">
    <ListReqProp ReqPropType="5" ReqPropValue="69" Index="2" />
    <UnLockInterval>-1</UnLockInterval>
  </ItemData>
  <ItemData ItemID="3892" Name="Trận pháp-Trung: Bát Quái Trận - Tốn" IconBundleDir="Icon/EquipIcon2.unity3d" IconAtlasName="EquipIcon2" MapSpriteBundleDir="Resources/Item/MapSprite.unity3d" MapSpriteAtlasName="MapSprite" Kind="Trận pháp đồ: Bát Quái Trận - Tốn" QualityPrefix="0" Category="1" Genre="1" Stack="1" DetailType="15" ParticularType="6" Level="1" SuiteID="0" Icon="zhen_zhenfatu_104" View="zhen_zhenfatu_104" Intro="Khi tạo nhóm, nhân vật trang bị trập pháp có thể nhận được thuộc tính trận pháp cao nhất; nhân vật không trang bị trận pháp sẽ căn cứ vào qui tắc kích hoạt nhận được hiệu quả trận pháp tương ứng do đội trưởng trang bị.&lt;enter&gt;Qui tắc kích hoạt: Trong nhóm mỗi lần tăng thêm 1 thành viên từ cấp 69 trở lên, sẽ tăng 1 cấp kích hoạt trận pháp." Help="" ObjID="32" BindType="1" Series="0" ReqLevel="0" CDType="0" Price="0" ItemValue="5760000" MakeCost="-1" ResMale="-1" ResFemale="-1" FightPower="1" ScriptID="-1" DeductOnUse="false" BuffID="-1" ZhenSkillID="1347" NearbyZhenSkill="382" ZhenActivateRule="2">
    <ListReqProp ReqPropType="5" ReqPropValue="69" Index="2" />
    <UnLockInterval>-1</UnLockInterval>
  </ItemData>
  <ItemData ItemID="3893" Name="Trận pháp-Trung: Bát Quái Trận - Càn" IconBundleDir="Icon/EquipIcon2.unity3d" IconAtlasName="EquipIcon2" MapSpriteBundleDir="Resources/Item/MapSprite.unity3d" MapSpriteAtlasName="MapSprite" Kind="Trận pháp đồ: Bát Quái Trận - Càn" QualityPrefix="0" Category="1" Genre="1" Stack="1" DetailType="15" ParticularType="7" Level="1" SuiteID="0" Icon="zhen_zhenfatu_104" View="zhen_zhenfatu_104" Intro="Khi tạo nhóm, nhân vật trang bị trập pháp có thể nhận được thuộc tính trận pháp cao nhất; nhân vật không trang bị trận pháp sẽ căn cứ vào qui tắc kích hoạt nhận được hiệu quả trận pháp tương ứng do đội trưởng trang bị.&lt;enter&gt;Qui tắc kích hoạt: Trong nhóm mỗi lần tăng thêm 1 thành viên từ cấp 69 trở lên, sẽ tăng 1 cấp kích hoạt trận pháp." Help="" ObjID="32" BindType="1" Series="0" ReqLevel="0" CDType="0" Price="0" ItemValue="5760000" MakeCost="-1" ResMale="-1" ResFemale="-1" FightPower="1" ScriptID="-1" DeductOnUse="false" BuffID="-1" ZhenSkillID="1349" NearbyZhenSkill="382" ZhenActivateRule="2">
    <ListReqProp ReqPropType="5" ReqPropValue="69" Index="2" />
    <UnLockInterval>-1</UnLockInterval>
  </ItemData>
  <ItemData ItemID="3894" Name="Trận pháp-Trung: Thanh Long Trận" IconBundleDir="Icon/EquipIcon2.unity3d" IconAtlasName="EquipIcon2" MapSpriteBundleDir="Resources/Item/MapSprite.unity3d" MapSpriteAtlasName="MapSprite" Kind="Trận pháp đồ: Thanh Long Trận" QualityPrefix="0" Category="1" Genre="1" Stack="1" DetailType="15" ParticularType="8" Level="1" SuiteID="0" Icon="zhen_zhenfatu_104" View="zhen_zhenfatu_104" Intro="Khi tạo nhóm, nhân vật trang bị trập pháp có thể nhận được thuộc tính trận pháp cao nhất; nhân vật không trang bị trận pháp sẽ căn cứ vào qui tắc kích hoạt nhận được hiệu quả trận pháp tương ứng do đội trưởng trang bị.&lt;enter&gt;Qui tắc kích hoạt: Trong nhóm mỗi lần tăng thêm 1 thành viên từ cấp 69 trở lên, sẽ tăng 1 cấp kích hoạt trận pháp." Help="" ObjID="32" BindType="1" Series="0" ReqLevel="0" CDType="0" Price="0" ItemValue="5760000" MakeCost="-1" ResMale="-1" ResFemale="-1" FightPower="1" ScriptID="-1" DeductOnUse="false" BuffID="-1" ZhenSkillID="1351" NearbyZhenSkill="1350" ZhenActivateRule="2">
    <ListReqProp ReqPropType="5" ReqPropValue="69" Index="2" />
    <UnLockInterval>-1</UnLockInterval>
  </ItemData>
  <ItemData ItemID="3895" Name="Trận pháp-Trung: Huyễn Vũ Trận" IconBundleDir="Icon/EquipIcon2.unity3d" IconAtlasName="EquipIcon2" MapSpriteBundleDir="Resources/Item/MapSprite.unity3d" MapSpriteAtlasName="MapSprite" Kind="Trận pháp đồ: Huyền Vũ Trận" QualityPrefix="0" Category="1" Genre="1" Stack="1" DetailType="15" ParticularType="9" Level="1" SuiteID="0" Icon="zhen_zhenfatu_104" View="zhen_zhenfatu_104" Intro="Khi tạo nhóm, nhân vật trang bị trập pháp có thể nhận được thuộc tính trận pháp cao nhất; nhân vật không trang bị trận pháp sẽ căn cứ vào qui tắc kích hoạt nhận được hiệu quả trận pháp tương ứng do đội trưởng trang bị.&lt;enter&gt;Qui tắc kích hoạt: Trong nhóm mỗi lần tăng thêm 1 thành viên từ cấp 69 trở lên, sẽ tăng 1 cấp kích hoạt trận pháp." Help="" ObjID="32" BindType="1" Series="0" ReqLevel="0" CDType="0" Price="0" ItemValue="5760000" MakeCost="-1" ResMale="-1" ResFemale="-1" FightPower="1" ScriptID="-1" DeductOnUse="false" BuffID="-1" ZhenSkillID="1353" NearbyZhenSkill="1352" ZhenActivateRule="2">
    <ListReqProp ReqPropType="5" ReqPropValue="69" Index="2" />
    <UnLockInterval>-1</UnLockInterval>
  </ItemData>
  <ItemData ItemID="3896" Name="Trận pháp-Trung: Bạch Hổ Trận" IconBundleDir="Icon/EquipIcon2.unity3d" IconAtlasName="EquipIcon2" MapSpriteBundleDir="Resources/Item/MapSprite.unity3d" MapSpriteAtlasName="MapSprite" Kind="Trận pháp đồ: Bạch Hổ Trận" QualityPrefix="0" Category="1" Genre="1" Stack="1" DetailType="15" ParticularType="10" Level="1" SuiteID="0" Icon="zhen_zhenfatu_104" View="zhen_zhenfatu_104" Intro="Khi tạo nhóm, nhân vật trang bị trập pháp có thể nhận được thuộc tính trận pháp cao nhất; nhân vật không trang bị trận pháp sẽ căn cứ vào qui tắc kích hoạt nhận được hiệu quả trận pháp tương ứng do đội trưởng trang bị.&lt;enter&gt;Qui tắc kích hoạt: Trong nhóm mỗi lần tăng thêm 1 thành viên từ cấp 69 trở lên, sẽ tăng 1 cấp kích hoạt trận pháp." Help="" ObjID="32" BindType="1" Series="0" ReqLevel="0" CDType="0" Price="0" ItemValue="5760000" MakeCost="-1" ResMale="-1" ResFemale="-1" FightPower="1" ScriptID="-1" DeductOnUse="false" BuffID="-1" ZhenSkillID="1355" NearbyZhenSkill="1354" ZhenActivateRule="2">
    <ListReqProp ReqPropType="5" ReqPropValue="69" Index="2" />
    <UnLockInterval>-1</UnLockInterval>
  </ItemData>
  <ItemData ItemID="3897" Name="Trận pháp-Trung: Chu Tước Trận" IconBundleDir="Icon/EquipIcon2.unity3d" IconAtlasName="EquipIcon2" MapSpriteBundleDir="Resources/Item/MapSprite.unity3d" MapSpriteAtlasName="MapSprite" Kind="Trận pháp đồ: Chu Tước Trận" QualityPrefix="0" Category="1" Genre="1" Stack="1" DetailType="15" ParticularType="11" Level="1" SuiteID="0" Icon="zhen_zhenfatu_104" View="zhen_zhenfatu_104" Intro="Khi tạo nhóm, nhân vật trang bị trập pháp có thể nhận được thuộc tính trận pháp cao nhất; nhân vật không trang bị trận pháp sẽ căn cứ vào qui tắc kích hoạt nhận được hiệu quả trận pháp tương ứng do đội trưởng trang bị.&lt;enter&gt;Qui tắc kích hoạt: Trong nhóm mỗi lần tăng thêm 1 thành viên từ cấp 69 trở lên, sẽ tăng 1 cấp kích hoạt trận pháp." Help="" ObjID="32" BindType="1" Series="0" ReqLevel="0" CDType="0" Price="0" ItemValue="5760000" MakeCost="-1" ResMale="-1" ResFemale="-1" FightPower="1" ScriptID="-1" DeductOnUse="false" BuffID="-1" ZhenSkillID="1357" NearbyZhenSkill="1356" ZhenActivateRule="2">
    <ListReqProp ReqPropType="5" ReqPropValue="69" Index="2" />
    <UnLockInterval>-1</UnLockInterval>
  </ItemData>
  <ItemData ItemID="3898" Name="Trận pháp-Trung: Ngũ Hành Trận" IconBundleDir="Icon/EquipIcon2.unity3d" IconAtlasName="EquipIcon2" MapSpriteBundleDir="Resources/Item/MapSprite.unity3d" MapSpriteAtlasName="MapSprite" Kind="Trận pháp đồ: Ngũ Hành trận" QualityPrefix="0" Category="1" Genre="1" Stack="1" DetailType="15" ParticularType="12" Level="1" SuiteID="0" Icon="zhen_zhenfatu_104" View="zhen_zhenfatu_104" Intro="Qui tắc kích hoạt: Mỗi thành viên có ngũ hành khác nhau bên cạnh đội trưởng, sẽ tăng 1 cấp kích hoạt trận pháp" Help="" ObjID="32" BindType="1" Series="0" ReqLevel="0" CDType="0" Price="0" ItemValue="5760000" MakeCost="-1" ResMale="-1" ResFemale="-1" FightPower="1" ScriptID="-1" DeductOnUse="false" BuffID="-1" ZhenSkillID="-1" NearbyZhenSkill="381" ZhenActivateRule="1">
    <ListReqProp ReqPropType="5" ReqPropValue="69" Index="2" />
    <UnLockInterval>-1</UnLockInterval>
  </ItemData>
  <!-- End -->
  
  <!-- Cao -->
  <ItemData ItemID="3899" Name="Trận pháp-Cao: Ngũ Hành Trận" IconBundleDir="Icon/EquipIcon2.unity3d" IconAtlasName="EquipIcon2" MapSpriteBundleDir="Resources/Item/MapSprite.unity3d" MapSpriteAtlasName="MapSprite" Kind="Trận pháp-Sơ (phiên bản cao cấp)" QualityPrefix="0" Category="1" Genre="1" Stack="1" DetailType="15" ParticularType="1" Level="3" SuiteID="0" Icon="zhen_zhenfatu_108" View="zhen_zhenfatu_108" Intro="Qui tắc kích hoạt: Mỗi thành viên có ngũ hành khác nhau bên cạnh đội trưởng, sẽ tăng 1 cấp kích hoạt trận pháp" Help="" ObjID="32" BindType="1" Series="0" ReqLevel="0" CDType="0" Price="0" ItemValue="40000000" MakeCost="-1" ResMale="-1" ResFemale="-1" FightPower="2" ScriptID="-1" DeductOnUse="false" BuffID="-1" ZhenSkillID="-1" NearbyZhenSkill="381" ZhenActivateRule="1">
    <ListReqProp ReqPropType="5" ReqPropValue="100" Index="2" />
    <UnLockInterval>-1</UnLockInterval>
  </ItemData>
  <ItemData ItemID="3900" Name="Trận pháp-Cao: Bát Quái Trận - Li" IconBundleDir="Icon/EquipIcon2.unity3d" IconAtlasName="EquipIcon2" MapSpriteBundleDir="Resources/Item/MapSprite.unity3d" MapSpriteAtlasName="MapSprite" Kind="Trận pháp-Trung (phiên bản cao cấp)" QualityPrefix="0" Category="1" Genre="1" Stack="1" DetailType="15" ParticularType="2" Level="3" SuiteID="0" Icon="zhen_zhenfatu_108" View="zhen_zhenfatu_108" Intro="Khi tạo nhóm, nhân vật trang bị trập pháp có thể nhận được thuộc tính trận pháp cao nhất; nhân vật không trang bị trận pháp sẽ căn cứ vào qui tắc kích hoạt nhận được hiệu quả trận pháp tương ứng do đội trưởng trang bị.&lt;enter&gt;Qui tắc kích hoạt: Trong nhóm mỗi lần tăng thêm 1 thành viên từ cấp 69 trở lên, sẽ tăng 1 cấp kích hoạt trận pháp." Help="" ObjID="32" BindType="1" Series="0" ReqLevel="0" CDType="0" Price="0" ItemValue="40000000" MakeCost="-1" ResMale="-1" ResFemale="-1" FightPower="2" ScriptID="-1" DeductOnUse="false" BuffID="-1" ZhenSkillID="383" NearbyZhenSkill="382" ZhenActivateRule="2">
    <ListReqProp ReqPropType="5" ReqPropValue="100" Index="2" />
    <UnLockInterval>-1</UnLockInterval>
  </ItemData>
  <ItemData ItemID="3901" Name="Trận pháp-Cao: Bát Quái Trận - Đoài" IconBundleDir="Icon/EquipIcon2.unity3d" IconAtlasName="EquipIcon2" MapSpriteBundleDir="Resources/Item/MapSprite.unity3d" MapSpriteAtlasName="MapSprite" Kind="Trận pháp-Trung (phiên bản cao cấp)" QualityPrefix="0" Category="1" Genre="1" Stack="1" DetailType="15" ParticularType="3" Level="3" SuiteID="0" Icon="zhen_zhenfatu_108" View="zhen_zhenfatu_108" Intro="Khi tạo nhóm, nhân vật trang bị trập pháp có thể nhận được thuộc tính trận pháp cao nhất; nhân vật không trang bị trận pháp sẽ căn cứ vào qui tắc kích hoạt nhận được hiệu quả trận pháp tương ứng do đội trưởng trang bị.&lt;enter&gt;Qui tắc kích hoạt: Trong nhóm mỗi lần tăng thêm 1 thành viên từ cấp 69 trở lên, sẽ tăng 1 cấp kích hoạt trận pháp." Help="" ObjID="32" BindType="1" Series="0" ReqLevel="0" CDType="0" Price="0" ItemValue="40000000" MakeCost="-1" ResMale="-1" ResFemale="-1" FightPower="2" ScriptID="-1" DeductOnUse="false" BuffID="-1" ZhenSkillID="1344" NearbyZhenSkill="382" ZhenActivateRule="2">
    <ListReqProp ReqPropType="5" ReqPropValue="100" Index="2" />
    <UnLockInterval>-1</UnLockInterval>
  </ItemData>
  <ItemData ItemID="3902" Name="Trận pháp-Cao: Bát Quái Trận - Cấn" IconBundleDir="Icon/EquipIcon2.unity3d" IconAtlasName="EquipIcon2" MapSpriteBundleDir="Resources/Item/MapSprite.unity3d" MapSpriteAtlasName="MapSprite" Kind="Trận pháp-Trung (phiên bản cao cấp)" QualityPrefix="0" Category="1" Genre="1" Stack="1" DetailType="15" ParticularType="4" Level="3" SuiteID="0" Icon="zhen_zhenfatu_108" View="zhen_zhenfatu_108" Intro="Khi tạo nhóm, nhân vật trang bị trập pháp có thể nhận được thuộc tính trận pháp cao nhất; nhân vật không trang bị trận pháp sẽ căn cứ vào qui tắc kích hoạt nhận được hiệu quả trận pháp tương ứng do đội trưởng trang bị.&lt;enter&gt;Qui tắc kích hoạt: Trong nhóm mỗi lần tăng thêm 1 thành viên từ cấp 69 trở lên, sẽ tăng 1 cấp kích hoạt trận pháp." Help="" ObjID="32" BindType="1" Series="0" ReqLevel="0" CDType="0" Price="0" ItemValue="40000000" MakeCost="-1" ResMale="-1" ResFemale="-1" FightPower="2" ScriptID="-1" DeductOnUse="false" BuffID="-1" ZhenSkillID="1345" NearbyZhenSkill="382" ZhenActivateRule="2">
    <ListReqProp ReqPropType="5" ReqPropValue="100" Index="2" />
    <UnLockInterval>-1</UnLockInterval>
  </ItemData>
  <ItemData ItemID="3903" Name="Trận pháp-Cao: Bát Quái Trận - Khảm" IconBundleDir="Icon/EquipIcon2.unity3d" IconAtlasName="EquipIcon2" MapSpriteBundleDir="Resources/Item/MapSprite.unity3d" MapSpriteAtlasName="MapSprite" Kind="Trận pháp-Trung (phiên bản cao cấp)" QualityPrefix="0" Category="1" Genre="1" Stack="1" DetailType="15" ParticularType="5" Level="3" SuiteID="0" Icon="zhen_zhenfatu_108" View="zhen_zhenfatu_108" Intro="Khi tạo nhóm, nhân vật trang bị trập pháp có thể nhận được thuộc tính trận pháp cao nhất; nhân vật không trang bị trận pháp sẽ căn cứ vào qui tắc kích hoạt nhận được hiệu quả trận pháp tương ứng do đội trưởng trang bị.&lt;enter&gt;Qui tắc kích hoạt: Trong nhóm mỗi lần tăng thêm 1 thành viên từ cấp 69 trở lên, sẽ tăng 1 cấp kích hoạt trận pháp." Help="" ObjID="32" BindType="1" Series="0" ReqLevel="0" CDType="0" Price="0" ItemValue="40000000" MakeCost="-1" ResMale="-1" ResFemale="-1" FightPower="2" ScriptID="-1" DeductOnUse="false" BuffID="-1" ZhenSkillID="1346" NearbyZhenSkill="382" ZhenActivateRule="2">
    <ListReqProp ReqPropType="5" ReqPropValue="100" Index="2" />
    <UnLockInterval>-1</UnLockInterval>
  </ItemData>
  <ItemData ItemID="3904" Name="Trận pháp-Cao: Bát Quái Trận - Tốn" IconBundleDir="Icon/EquipIcon2.unity3d" IconAtlasName="EquipIcon2" MapSpriteBundleDir="Resources/Item/MapSprite.unity3d" MapSpriteAtlasName="MapSprite" Kind="Trận pháp-Trung (phiên bản cao cấp)" QualityPrefix="0" Category="1" Genre="1" Stack="1" DetailType="15" ParticularType="6" Level="3" SuiteID="0" Icon="zhen_zhenfatu_108" View="zhen_zhenfatu_108" Intro="Khi tạo nhóm, nhân vật trang bị trập pháp có thể nhận được thuộc tính trận pháp cao nhất; nhân vật không trang bị trận pháp sẽ căn cứ vào qui tắc kích hoạt nhận được hiệu quả trận pháp tương ứng do đội trưởng trang bị.&lt;enter&gt;Qui tắc kích hoạt: Trong nhóm mỗi lần tăng thêm 1 thành viên từ cấp 69 trở lên, sẽ tăng 1 cấp kích hoạt trận pháp." Help="" ObjID="32" BindType="1" Series="0" ReqLevel="0" CDType="0" Price="0" ItemValue="40000000" MakeCost="-1" ResMale="-1" ResFemale="-1" FightPower="2" ScriptID="-1" DeductOnUse="false" BuffID="-1" ZhenSkillID="1347" NearbyZhenSkill="382" ZhenActivateRule="2">
    <ListReqProp ReqPropType="5" ReqPropValue="100" Index="2" />
    <UnLockInterval>-1</UnLockInterval>
  </ItemData>
  <ItemData ItemID="3905" Name="Trận pháp-Cao: Bát Quái Trận - Càn" IconBundleDir="Icon/EquipIcon2.unity3d" IconAtlasName="EquipIcon2" MapSpriteBundleDir="Resources/Item/MapSprite.unity3d" MapSpriteAtlasName="MapSprite" Kind="Trận pháp-Trung (phiên bản cao cấp)" QualityPrefix="0" Category="1" Genre="1" Stack="1" DetailType="15" ParticularType="7" Level="3" SuiteID="0" Icon="zhen_zhenfatu_108" View="zhen_zhenfatu_108" Intro="Khi tạo nhóm, nhân vật trang bị trập pháp có thể nhận được thuộc tính trận pháp cao nhất; nhân vật không trang bị trận pháp sẽ căn cứ vào qui tắc kích hoạt nhận được hiệu quả trận pháp tương ứng do đội trưởng trang bị.&lt;enter&gt;Qui tắc kích hoạt: Trong nhóm mỗi lần tăng thêm 1 thành viên từ cấp 69 trở lên, sẽ tăng 1 cấp kích hoạt trận pháp." Help="" ObjID="32" BindType="1" Series="0" ReqLevel="0" CDType="0" Price="0" ItemValue="40000000" MakeCost="-1" ResMale="-1" ResFemale="-1" FightPower="2" ScriptID="-1" DeductOnUse="false" BuffID="-1" ZhenSkillID="1349" NearbyZhenSkill="382" ZhenActivateRule="2">
    <ListReqProp ReqPropType="5" ReqPropValue="100" Index="2" />
    <UnLockInterval>-1</UnLockInterval>
  </ItemData>
  <ItemData ItemID="3906" Name="Trận pháp-Cao: Thanh Long Trận" IconBundleDir="Icon/EquipIcon2.unity3d" IconAtlasName="EquipIcon2" MapSpriteBundleDir="Resources/Item/MapSprite.unity3d" MapSpriteAtlasName="MapSprite" Kind="Trận pháp-Trung (phiên bản cao cấp)" QualityPrefix="0" Category="1" Genre="1" Stack="1" DetailType="15" ParticularType="8" Level="3" SuiteID="0" Icon="zhen_zhenfatu_108" View="zhen_zhenfatu_108" Intro="Khi tạo nhóm, nhân vật trang bị trập pháp có thể nhận được thuộc tính trận pháp cao nhất; nhân vật không trang bị trận pháp sẽ căn cứ vào qui tắc kích hoạt nhận được hiệu quả trận pháp tương ứng do đội trưởng trang bị.&lt;enter&gt;Qui tắc kích hoạt: Trong nhóm mỗi lần tăng thêm 1 thành viên từ cấp 69 trở lên, sẽ tăng 1 cấp kích hoạt trận pháp." Help="" ObjID="32" BindType="1" Series="0" ReqLevel="0" CDType="0" Price="0" ItemValue="40000000" MakeCost="-1" ResMale="-1" ResFemale="-1" FightPower="2" ScriptID="-1" DeductOnUse="false" BuffID="-1" ZhenSkillID="1351" NearbyZhenSkill="1350" ZhenActivateRule="2">
    <ListReqProp ReqPropType="5" ReqPropValue="100" Index="2" />
    <UnLockInterval>-1</UnLockInterval>
  </ItemData>
  <ItemData ItemID="3907" Name="Trận pháp-Cao: Huyễn Vũ Trận" IconBundleDir="Icon/EquipIcon2.unity3d" IconAtlasName="EquipIcon2" MapSpriteBundleDir="Resources/Item/MapSprite.unity3d" MapSpriteAtlasName="MapSprite" Kind="Trận pháp-Trung (phiên bản cao cấp)" QualityPrefix="0" Category="1" Genre="1" Stack="1" DetailType="15" ParticularType="9" Level="3" SuiteID="0" Icon="zhen_zhenfatu_108" View="zhen_zhenfatu_108" Intro="Khi tạo nhóm, nhân vật trang bị trập pháp có thể nhận được thuộc tính trận pháp cao nhất; nhân vật không trang bị trận pháp sẽ căn cứ vào qui tắc kích hoạt nhận được hiệu quả trận pháp tương ứng do đội trưởng trang bị.&lt;enter&gt;Qui tắc kích hoạt: Trong nhóm mỗi lần tăng thêm 1 thành viên từ cấp 69 trở lên, sẽ tăng 1 cấp kích hoạt trận pháp." Help="" ObjID="32" BindType="1" Series="0" ReqLevel="0" CDType="0" Price="0" ItemValue="40000000" MakeCost="-1" ResMale="-1" ResFemale="-1" FightPower="2" ScriptID="-1" DeductOnUse="false" BuffID="-1" ZhenSkillID="1353" NearbyZhenSkill="1352" ZhenActivateRule="2">
    <ListReqProp ReqPropType="5" ReqPropValue="100" Index="2" />
    <UnLockInterval>-1</UnLockInterval>
  </ItemData>
  <ItemData ItemID="3908" Name="Trận pháp-Cao: Bạch Hổ Trận" IconBundleDir="Icon/EquipIcon2.unity3d" IconAtlasName="EquipIcon2" MapSpriteBundleDir="Resources/Item/MapSprite.unity3d" MapSpriteAtlasName="MapSprite" Kind="Trận pháp-Trung (phiên bản cao cấp)" QualityPrefix="0" Category="1" Genre="1" Stack="1" DetailType="15" ParticularType="10" Level="3" SuiteID="0" Icon="zhen_zhenfatu_108" View="zhen_zhenfatu_108" Intro="Khi tạo nhóm, nhân vật trang bị trập pháp có thể nhận được thuộc tính trận pháp cao nhất; nhân vật không trang bị trận pháp sẽ căn cứ vào qui tắc kích hoạt nhận được hiệu quả trận pháp tương ứng do đội trưởng trang bị.&lt;enter&gt;Qui tắc kích hoạt: Trong nhóm mỗi lần tăng thêm 1 thành viên từ cấp 69 trở lên, sẽ tăng 1 cấp kích hoạt trận pháp." Help="" ObjID="32" BindType="1" Series="0" ReqLevel="0" CDType="0" Price="0" ItemValue="40000000" MakeCost="-1" ResMale="-1" ResFemale="-1" FightPower="2" ScriptID="-1" DeductOnUse="false" BuffID="-1" ZhenSkillID="1355" NearbyZhenSkill="1354" ZhenActivateRule="2">
    <ListReqProp ReqPropType="5" ReqPropValue="100" Index="2" />
    <UnLockInterval>-1</UnLockInterval>
  </ItemData>
  <ItemData ItemID="3909" Name="Trận pháp-Cao: Chu Tước Trận" IconBundleDir="Icon/EquipIcon2.unity3d" IconAtlasName="EquipIcon2" MapSpriteBundleDir="Resources/Item/MapSprite.unity3d" MapSpriteAtlasName="MapSprite" Kind="Trận pháp-Trung (phiên bản cao cấp)" QualityPrefix="0" Category="1" Genre="1" Stack="1" DetailType="15" ParticularType="11" Level="3" SuiteID="0" Icon="zhen_zhenfatu_108" View="zhen_zhenfatu_108" Intro="Khi tạo nhóm, nhân vật trang bị trập pháp có thể nhận được thuộc tính trận pháp cao nhất; nhân vật không trang bị trận pháp sẽ căn cứ vào qui tắc kích hoạt nhận được hiệu quả trận pháp tương ứng do đội trưởng trang bị.&lt;enter&gt;Qui tắc kích hoạt: Trong nhóm mỗi lần tăng thêm 1 thành viên từ cấp 69 trở lên, sẽ tăng 1 cấp kích hoạt trận pháp." Help="" ObjID="32" BindType="1" Series="0" ReqLevel="0" CDType="0" Price="0" ItemValue="40000000" MakeCost="-1" ResMale="-1" ResFemale="-1" FightPower="2" ScriptID="-1" DeductOnUse="false" BuffID="-1" ZhenSkillID="1357" NearbyZhenSkill="1356" ZhenActivateRule="2">
    <ListReqProp ReqPropType="5" ReqPropValue="100" Index="2" />
    <UnLockInterval>-1</UnLockInterval>
  </ItemData>
  <!-- End -->
  
  <!-- Đặc biệt -->
  <ItemData ItemID="3910" Name="Trận pháp-Cao: Nguyệt Mê Tân Độ Trận" IconBundleDir="Icon/EquipIcon2.unity3d" IconAtlasName="EquipIcon2" MapSpriteBundleDir="Resources/Item/MapSprite.unity3d" MapSpriteAtlasName="MapSprite" Kind="Trận pháp cao cấp" QualityPrefix="0" Category="1" Genre="1" Stack="1" DetailType="15" ParticularType="12" Level="3" SuiteID="0" Icon="zhen_zhenfatu_108" View="zhen_zhenfatu_108" Intro="Trong tổ đội, nhân vật có trang bị trận pháp sẽ nhận được đầy đủ thuộc tính của trận pháp; nhân vật chưa trang bị trận pháp sẽ nhận được cấp hiệu quả trận pháp của đội trưởng (dựa theo quy tắc kích hoạt).&lt;enter&gt;Quy tắc kích hoạt: Trong nhóm tăng thêm 1 thành viên từ cấp 100 trở lên, trận pháp được kích hoạt thêm 1 cấp." Help="" ObjID="32" BindType="1" Series="0" ReqLevel="0" CDType="0" Price="0" ItemValue="40000000" MakeCost="-1" ResMale="-1" ResFemale="-1" FightPower="2" ScriptID="-1" DeductOnUse="false" BuffID="-1" ZhenSkillID="1811" NearbyZhenSkill="1810" ZhenActivateRule="3">
    <ListReqProp ReqPropType="5" ReqPropValue="100" Index="2" />
    <UnLockInterval>-1</UnLockInterval>
  </ItemData>
  <ItemData ItemID="3911" Name="Trận pháp-Cao: Vụ Thất Lâu Đài Trận" IconBundleDir="Icon/EquipIcon2.unity3d" IconAtlasName="EquipIcon2" MapSpriteBundleDir="Resources/Item/MapSprite.unity3d" MapSpriteAtlasName="MapSprite" Kind="Trận pháp cao cấp" QualityPrefix="0" Category="1" Genre="1" Stack="1" DetailType="15" ParticularType="13" Level="3" SuiteID="0" Icon="zhen_zhenfatu_108" View="zhen_zhenfatu_108" Intro="Trong tổ đội, nhân vật có trang bị trận pháp sẽ nhận được đầy đủ thuộc tính của trận pháp; nhân vật chưa trang bị trận pháp sẽ nhận được cấp hiệu quả trận pháp của đội trưởng (dựa theo quy tắc kích hoạt).&lt;enter&gt;Quy tắc kích hoạt: Trong nhóm tăng thêm 1 thành viên từ cấp 100 trở lên, trận pháp được kích hoạt thêm 1 cấp." Help="" ObjID="32" BindType="1" Series="0" ReqLevel="0" CDType="0" Price="0" ItemValue="40000000" MakeCost="-1" ResMale="-1" ResFemale="-1" FightPower="2" ScriptID="-1" DeductOnUse="false" BuffID="-1" ZhenSkillID="1813" NearbyZhenSkill="1812" ZhenActivateRule="3">
    <ListReqProp ReqPropType="5" ReqPropValue="100" Index="2" />
    <UnLockInterval>-1</UnLockInterval>
  </ItemData>
  <ItemData ItemID="3912" Name="Trận pháp-Cao: Tham Lang Trận - Dương" IconBundleDir="Icon/EquipIcon2.unity3d" IconAtlasName="EquipIcon2" MapSpriteBundleDir="Resources/Item/MapSprite.unity3d" MapSpriteAtlasName="MapSprite" Kind="Trận pháp cao cấp" QualityPrefix="0" Category="1" Genre="1" Stack="1" DetailType="15" ParticularType="14" Level="3" SuiteID="0" Icon="zhen_zhenfatu_108" View="zhen_zhenfatu_108" Intro="Trong tổ đội, nhân vật có trang bị trận pháp sẽ nhận được đầy đủ thuộc tính của trận pháp; nhân vật chưa trang bị trận pháp sẽ nhận được cấp hiệu quả trận pháp của đội trưởng (dựa theo quy tắc kích hoạt).&lt;enter&gt;Quy tắc kích hoạt: Trong nhóm tăng thêm 1 thành viên từ cấp 100 trở lên, trận pháp được kích hoạt thêm 1 cấp." Help="" ObjID="32" BindType="1" Series="0" ReqLevel="0" CDType="0" Price="0" ItemValue="40000000" MakeCost="-1" ResMale="-1" ResFemale="-1" FightPower="2" ScriptID="-1" DeductOnUse="false" BuffID="-1" ZhenSkillID="1815" NearbyZhenSkill="1814" ZhenActivateRule="3">
    <ListReqProp ReqPropType="5" ReqPropValue="100" Index="2" />
    <UnLockInterval>-1</UnLockInterval>
  </ItemData>
  <ItemData ItemID="3913" Name="Trận pháp-Cao: Tham Lang Trận - Âm" IconBundleDir="Icon/EquipIcon2.unity3d" IconAtlasName="EquipIcon2" MapSpriteBundleDir="Resources/Item/MapSprite.unity3d" MapSpriteAtlasName="MapSprite" Kind="Trận pháp cao cấp" QualityPrefix="0" Category="1" Genre="1" Stack="1" DetailType="15" ParticularType="15" Level="3" SuiteID="0" Icon="zhen_zhenfatu_108" View="zhen_zhenfatu_108" Intro="Trong tổ đội, nhân vật có trang bị trận pháp sẽ nhận được đầy đủ thuộc tính của trận pháp; nhân vật chưa trang bị trận pháp sẽ nhận được cấp hiệu quả trận pháp của đội trưởng (dựa theo quy tắc kích hoạt).&lt;enter&gt;Quy tắc kích hoạt: Trong nhóm tăng thêm 1 thành viên từ cấp 100 trở lên, trận pháp được kích hoạt thêm 1 cấp." Help="" ObjID="32" BindType="1" Series="0" ReqLevel="0" CDType="0" Price="0" ItemValue="40000000" MakeCost="-1" ResMale="-1" ResFemale="-1" FightPower="2" ScriptID="-1" DeductOnUse="false" BuffID="-1" ZhenSkillID="1817" NearbyZhenSkill="1816" ZhenActivateRule="3">
    <ListReqProp ReqPropType="5" ReqPropValue="100" Index="2" />
    <UnLockInterval>-1</UnLockInterval>
  </ItemData>
  <ItemData ItemID="3914" Name="Trận pháp-Cao: Bát Quái Trận - Chấn" IconBundleDir="Icon/EquipIcon2.unity3d" IconAtlasName="EquipIcon2" MapSpriteBundleDir="Resources/Item/MapSprite.unity3d" MapSpriteAtlasName="MapSprite" Kind="Trận pháp cao cấp" QualityPrefix="0" Category="1" Genre="1" Stack="1" DetailType="15" ParticularType="16" Level="3" SuiteID="0" Icon="zhen_zhenfatu_108" View="zhen_zhenfatu_108" Intro="Trong tổ đội, nhân vật có trang bị trận pháp sẽ nhận được đầy đủ thuộc tính của trận pháp; nhân vật chưa trang bị trận pháp sẽ nhận được cấp hiệu quả trận pháp của đội trưởng (dựa theo quy tắc kích hoạt).&lt;enter&gt;Quy tắc kích hoạt: Trong nhóm tăng thêm 1 thành viên từ cấp 100 trở lên, trận pháp được kích hoạt thêm 1 cấp." Help="" ObjID="32" BindType="1" Series="0" ReqLevel="0" CDType="0" Price="0" ItemValue="40000000" MakeCost="-1" ResMale="-1" ResFemale="-1" FightPower="2" ScriptID="-1" DeductOnUse="false" BuffID="-1" ZhenSkillID="1819" NearbyZhenSkill="1818" ZhenActivateRule="3">
    <ListReqProp ReqPropType="5" ReqPropValue="100" Index="2" />
    <UnLockInterval>-1</UnLockInterval>
  </ItemData>
  <ItemData ItemID="3915" Name="Trận pháp-Cao: Bát Quái Trận - Khôn" IconBundleDir="Icon/EquipIcon2.unity3d" IconAtlasName="EquipIcon2" MapSpriteBundleDir="Resources/Item/MapSprite.unity3d" MapSpriteAtlasName="MapSprite" Kind="Trận pháp cao cấp" QualityPrefix="0" Category="1" Genre="1" Stack="1" DetailType="15" ParticularType="17" Level="3" SuiteID="0" Icon="zhen_zhenfatu_108" View="zhen_zhenfatu_108" Intro="Trong tổ đội, nhân vật có trang bị trận pháp sẽ nhận được đầy đủ thuộc tính của trận pháp; nhân vật chưa trang bị trận pháp sẽ nhận được cấp hiệu quả trận pháp của đội trưởng (dựa theo quy tắc kích hoạt).&lt;enter&gt;Quy tắc kích hoạt: Trong nhóm tăng thêm 1 thành viên từ cấp 100 trở lên, trận pháp được kích hoạt thêm 1 cấp." Help="" ObjID="32" BindType="1" Series="0" ReqLevel="0" CDType="0" Price="0" ItemValue="40000000" MakeCost="-1" ResMale="-1" ResFemale="-1" FightPower="2" ScriptID="-1" DeductOnUse="false" BuffID="-1" ZhenSkillID="1821" NearbyZhenSkill="1820" ZhenActivateRule="3">
    <ListReqProp ReqPropType="5" ReqPropValue="100" Index="2" />
    <UnLockInterval>-1</UnLockInterval>
  </ItemData>
  <ItemData ItemID="3916" Name="Trận pháp-Cao: Phá Quân Trận" IconBundleDir="Icon/EquipIcon2.unity3d" IconAtlasName="EquipIcon2" MapSpriteBundleDir="Resources/Item/MapSprite.unity3d" MapSpriteAtlasName="MapSprite" Kind="Trận pháp cao cấp" QualityPrefix="0" Category="1" Genre="1" Stack="1" DetailType="15" ParticularType="18" Level="3" SuiteID="0" Icon="zhen_zhenfatu_108" View="zhen_zhenfatu_108" Intro="Trong tổ đội, nhân vật có trang bị trận pháp sẽ nhận được đầy đủ thuộc tính của trận pháp; nhân vật chưa trang bị trận pháp sẽ nhận được cấp hiệu quả trận pháp của đội trưởng (dựa theo quy tắc kích hoạt).&lt;enter&gt;Quy tắc kích hoạt: Trong nhóm tăng thêm 1 thành viên từ cấp 100 trở lên, trận pháp được kích hoạt thêm 1 cấp." Help="" ObjID="32" BindType="1" Series="0" ReqLevel="0" CDType="0" Price="0" ItemValue="40000000" MakeCost="-1" ResMale="-1" ResFemale="-1" FightPower="2" ScriptID="-1" DeductOnUse="false" BuffID="-1" ZhenSkillID="1823" NearbyZhenSkill="1822" ZhenActivateRule="3">
    <ListReqProp ReqPropType="5" ReqPropValue="100" Index="2" />
    <UnLockInterval>-1</UnLockInterval>
  </ItemData>
  <ItemData ItemID="3917" Name="Trận pháp-Cao: Thất Sát Trận" IconBundleDir="Icon/EquipIcon2.unity3d" IconAtlasName="EquipIcon2" MapSpriteBundleDir="Resources/Item/MapSprite.unity3d" MapSpriteAtlasName="MapSprite" Kind="Trận pháp cao cấp" QualityPrefix="0" Category="1" Genre="1" Stack="1" DetailType="15" ParticularType="19" Level="3" SuiteID="0" Icon="zhen_zhenfatu_108" View="zhen_zhenfatu_108" Intro="Trong tổ đội, nhân vật có trang bị trận pháp sẽ nhận được đầy đủ thuộc tính của trận pháp; nhân vật chưa trang bị trận pháp sẽ nhận được cấp hiệu quả trận pháp của đội trưởng (dựa theo quy tắc kích hoạt).&lt;enter&gt;Quy tắc kích hoạt: Trong nhóm tăng thêm 1 thành viên từ cấp 100 trở lên, trận pháp được kích hoạt thêm 1 cấp." Help="" ObjID="32" BindType="1" Series="0" ReqLevel="0" CDType="0" Price="0" ItemValue="40000000" MakeCost="-1" ResMale="-1" ResFemale="-1" FightPower="2" ScriptID="-1" DeductOnUse="false" BuffID="-1" ZhenSkillID="1825" NearbyZhenSkill="1824" ZhenActivateRule="3">
    <ListReqProp ReqPropType="5" ReqPropValue="100" Index="2" />
    <UnLockInterval>-1</UnLockInterval>
  </ItemData>
  <!-- End -->
</ArrayOfItemData>