<FactionAttributes>
  <Attribute FactionID="0" SubID="0" StrToPAtk="1" DexToHit="2" DexToDodge="1" DexToPAtk="0" StaToHP="2" IntToMP="1" IntToMAtk="1" StrPerLevel="2" DexPerLevel="3" StaPerLevel="3" IntPerLevel="2" />
  <Attribute FactionID="1" SubID="0" StrToPAtk="1" DexToHit="2" DexToDodge="1" DexToPAtk="0" StaToHP="5" IntToMP="1" IntToMAtk="1" StrPerLevel="2" DexPerLevel="3" StaPerLevel="3" IntPerLevel="2" />
  <Attribute FactionID="1" SubID="1" StrToPAtk="1" DexToHit="2" DexToDodge="1" DexToPAtk="0" StaToHP="5" IntToMP="1" IntToMAtk="1" StrPerLevel="4" DexPerLevel="2" StaPerLevel="4" IntPerLevel="0" />
  <Attribute FactionID="1" SubID="2" StrToPAtk="1" DexToHit="2" DexToDodge="1" DexToPAtk="0" StaToHP="5" IntToMP="1" IntToMAtk="1" StrPerLevel="3" DexPerLevel="3" StaPerLevel="4" IntPerLevel="0" />
  <Attribute FactionID="2" SubID="0" StrToPAtk="1" DexToHit="2" DexToDodge="1" DexToPAtk="0" StaToHP="5" IntToMP="1" IntToMAtk="1" StrPerLevel="2" DexPerLevel="3" StaPerLevel="3" IntPerLevel="2" />
  <Attribute FactionID="2" SubID="1" StrToPAtk="2" DexToHit="4" DexToDodge="1" DexToPAtk="0" StaToHP="5" IntToMP="1" IntToMAtk="1" StrPerLevel="4" DexPerLevel="4" StaPerLevel="3" IntPerLevel="0" />
  <Attribute FactionID="2" SubID="2" StrToPAtk="1" DexToHit="3" DexToDodge="1" DexToPAtk="0" StaToHP="5" IntToMP="1" IntToMAtk="1" StrPerLevel="4" DexPerLevel="2" StaPerLevel="5" IntPerLevel="0" />
  <Attribute FactionID="3" SubID="0" StrToPAtk="0" DexToHit="2" DexToDodge="1" DexToPAtk="1" StaToHP="3" IntToMP="3" IntToMAtk="1" StrPerLevel="2" DexPerLevel="3" StaPerLevel="3" IntPerLevel="2" />
  <Attribute FactionID="3" SubID="1" StrToPAtk="0" DexToHit="5" DexToDodge="1" DexToPAtk="2" StaToHP="3" IntToMP="3" IntToMAtk="1" StrPerLevel="0" DexPerLevel="4" StaPerLevel="5" IntPerLevel="0" />
  <Attribute FactionID="3" SubID="2" StrToPAtk="0" DexToHit="5" DexToDodge="1" DexToPAtk="1" StaToHP="3" IntToMP="3" IntToMAtk="1" StrPerLevel="0" DexPerLevel="4" StaPerLevel="5" IntPerLevel="0" />
  <Attribute FactionID="4" SubID="0" StrToPAtk="1" DexToHit="2" DexToDodge="1" DexToPAtk="0" StaToHP="3" IntToMP="3" IntToMAtk="1" StrPerLevel="2" DexPerLevel="3" StaPerLevel="3" IntPerLevel="2" />
  <Attribute FactionID="4" SubID="1" StrToPAtk="1" DexToHit="3" DexToDodge="1" DexToPAtk="0" StaToHP="3" IntToMP="3" IntToMAtk="1" StrPerLevel="3" DexPerLevel="4" StaPerLevel="3" IntPerLevel="0" />
  <Attribute FactionID="4" SubID="2" StrToPAtk="1" DexToHit="2" DexToDodge="1" DexToPAtk="0" StaToHP="3" IntToMP="3" IntToMAtk="2" StrPerLevel="0" DexPerLevel="0" StaPerLevel="5" IntPerLevel="5" />
  <Attribute FactionID="5" SubID="0" StrToPAtk="1" DexToHit="2" DexToDodge="1" DexToPAtk="0" StaToHP="3" IntToMP="3" IntToMAtk="1" StrPerLevel="2" DexPerLevel="3" StaPerLevel="3" IntPerLevel="2" />
  <Attribute FactionID="5" SubID="1" StrToPAtk="1" DexToHit="2" DexToDodge="1" DexToPAtk="0" StaToHP="3" IntToMP="3" IntToMAtk="3" StrPerLevel="0" DexPerLevel="0" StaPerLevel="5" IntPerLevel="5" />
  <Attribute FactionID="5" SubID="2" StrToPAtk="1" DexToHit="2" DexToDodge="1" DexToPAtk="0" StaToHP="3" IntToMP="3" IntToMAtk="1" StrPerLevel="0" DexPerLevel="0" StaPerLevel="5" IntPerLevel="5" />
  <Attribute FactionID="6" SubID="0" StrToPAtk="1" DexToHit="2" DexToDodge="1" DexToPAtk="0" StaToHP="3" IntToMP="3" IntToMAtk="1" StrPerLevel="2" DexPerLevel="3" StaPerLevel="3" IntPerLevel="2" />
  <Attribute FactionID="6" SubID="1" StrToPAtk="1" DexToHit="2" DexToDodge="1" DexToPAtk="0" StaToHP="3" IntToMP="3" IntToMAtk="3" StrPerLevel="0" DexPerLevel="0" StaPerLevel="5" IntPerLevel="5" />
  <Attribute FactionID="6" SubID="2" StrToPAtk="2" DexToHit="4" DexToDodge="1" DexToPAtk="0" StaToHP="3" IntToMP="3" IntToMAtk="1" StrPerLevel="5" DexPerLevel="5" StaPerLevel="4" IntPerLevel="0" />
  <Attribute FactionID="7" SubID="0" StrToPAtk="1" DexToHit="2" DexToDodge="1" DexToPAtk="0" StaToHP="4" IntToMP="2" IntToMAtk="1" StrPerLevel="2" DexPerLevel="3" StaPerLevel="3" IntPerLevel="2" />
  <Attribute FactionID="7" SubID="1" StrToPAtk="1" DexToHit="2" DexToDodge="1" DexToPAtk="0" StaToHP="4" IntToMP="2" IntToMAtk="1" StrPerLevel="0" DexPerLevel="0" StaPerLevel="5" IntPerLevel="5" />
  <Attribute FactionID="7" SubID="2" StrToPAtk="1" DexToHit="3" DexToDodge="1" DexToPAtk="0" StaToHP="4" IntToMP="2" IntToMAtk="1" StrPerLevel="5" DexPerLevel="2" StaPerLevel="3" IntPerLevel="0" />
  <Attribute FactionID="8" SubID="0" StrToPAtk="1" DexToHit="2" DexToDodge="1" DexToPAtk="0" StaToHP="4" IntToMP="2" IntToMAtk="1" StrPerLevel="2" DexPerLevel="3" StaPerLevel="3" IntPerLevel="2" />
  <Attribute FactionID="8" SubID="1" StrToPAtk="1" DexToHit="4" DexToDodge="1" DexToPAtk="0" StaToHP="4" IntToMP="2" IntToMAtk="1" StrPerLevel="3" DexPerLevel="2" StaPerLevel="5" IntPerLevel="0" />
  <Attribute FactionID="8" SubID="2" StrToPAtk="1" DexToHit="2" DexToDodge="1" DexToPAtk="0" StaToHP="4" IntToMP="2" IntToMAtk="2" StrPerLevel="0" DexPerLevel="0" StaPerLevel="5" IntPerLevel="5" />
  <Attribute FactionID="9" SubID="0" StrToPAtk="1" DexToHit="2" DexToDodge="1" DexToPAtk="0" StaToHP="2" IntToMP="4" IntToMAtk="1" StrPerLevel="2" DexPerLevel="3" StaPerLevel="3" IntPerLevel="2" />
  <Attribute FactionID="9" SubID="1" StrToPAtk="1" DexToHit="2" DexToDodge="1" DexToPAtk="0" StaToHP="2" IntToMP="4" IntToMAtk="1" StrPerLevel="0" DexPerLevel="0" StaPerLevel="5" IntPerLevel="5" />
  <Attribute FactionID="9" SubID="2" StrToPAtk="2" DexToHit="4" DexToDodge="1" DexToPAtk="0" StaToHP="2" IntToMP="4" IntToMAtk="1" StrPerLevel="5" DexPerLevel="5" StaPerLevel="1" IntPerLevel="4" />
  <Attribute FactionID="10" SubID="0" StrToPAtk="1" DexToHit="2" DexToDodge="1" DexToPAtk="0" StaToHP="2" IntToMP="4" IntToMAtk="1" StrPerLevel="2" DexPerLevel="3" StaPerLevel="3" IntPerLevel="2" />
  <Attribute FactionID="10" SubID="1" StrToPAtk="1" DexToHit="4" DexToDodge="1" DexToPAtk="0" StaToHP="3" IntToMP="4" IntToMAtk="1" StrPerLevel="6" DexPerLevel="2" StaPerLevel="3" IntPerLevel="0" />
  <Attribute FactionID="10" SubID="2" StrToPAtk="1" DexToHit="2" DexToDodge="1" DexToPAtk="0" StaToHP="2" IntToMP="4" IntToMAtk="2" StrPerLevel="0" DexPerLevel="0" StaPerLevel="5" IntPerLevel="5" />
  <Attribute FactionID="11" SubID="0" StrToPAtk="1" DexToHit="2" DexToDodge="1" DexToPAtk="0" StaToHP="3" IntToMP="3" IntToMAtk="1" StrPerLevel="2" DexPerLevel="3" StaPerLevel="3" IntPerLevel="2" />
  <Attribute FactionID="11" SubID="1" StrToPAtk="1" DexToHit="3" DexToDodge="3" DexToPAtk="0" StaToHP="3" IntToMP="3" IntToMAtk="1" StrPerLevel="4" DexPerLevel="3" StaPerLevel="3" IntPerLevel="0" />
  <Attribute FactionID="11" SubID="2" StrToPAtk="1" DexToHit="2" DexToDodge="1" DexToPAtk="0" StaToHP="3" IntToMP="3" IntToMAtk="3" StrPerLevel="0" DexPerLevel="0" StaPerLevel="5" IntPerLevel="5" />
  <Attribute FactionID="12" SubID="0" StrToPAtk="1" DexToHit="2" DexToDodge="1" DexToPAtk="0" StaToHP="3" IntToMP="3" IntToMAtk="1" StrPerLevel="2" DexPerLevel="3" StaPerLevel="3" IntPerLevel="2" />
  <Attribute FactionID="12" SubID="1" StrToPAtk="3" DexToHit="4" DexToDodge="1" DexToPAtk="0" StaToHP="3" IntToMP="3" IntToMAtk="1" StrPerLevel="3" DexPerLevel="5" StaPerLevel="4" IntPerLevel="0" />
  <Attribute FactionID="12" SubID="2" StrToPAtk="1" DexToHit="2" DexToDodge="1" DexToPAtk="0" StaToHP="3" IntToMP="3" IntToMAtk="3" StrPerLevel="0" DexPerLevel="0" StaPerLevel="5" IntPerLevel="5" />
</FactionAttributes>