﻿<?xml version="1.0" encoding="utf-8"?>
<Map>
  <Monsters>
    
	<Monster ID="1" Code="2201" X="4517" Y="1343" Radius="300" Num="20" Timeslot="10" PursuitRadius="60" BirthType="0" TimePoints="" BirthRate="1" />
	<Monster ID="2" Code="2201" X="4493" Y="2232" Radius="300" Num="20" Timeslot="10" PursuitRadius="60" BirthType="0" TimePoints="" BirthRate="1" />
	<Monster ID="3" Code="2201" X="4742" Y="3036" Radius="300" Num="20" Timeslot="10" PursuitRadius="60" BirthType="0" TimePoints="" BirthRate="1" />
	
	<Monster ID="4" Code="2202" X="2762" Y="2660" Radius="300" Num="20" Timeslot="10" PursuitRadius="60" BirthType="0" TimePoints="" BirthRate="1" />
	<Monster ID="5" Code="2202" X="1720" Y="2680" Radius="300" Num="20" Timeslot="10" PursuitRadius="60" BirthType="0" TimePoints="" BirthRate="1" />
	<Monster ID="6" Code="2202" X="2441" Y="3363" Radius="300" Num="20" Timeslot="10" PursuitRadius="60" BirthType="0" TimePoints="" BirthRate="1" />
	<Monster ID="7" Code="2202" X="1315" Y="3443" Radius="300" Num="20" Timeslot="10" PursuitRadius="60" BirthType="0" TimePoints="" BirthRate="1" />
	
	<Monster ID="8" Code="2009" X="1023" Y="4612" Radius="300" Num="20" Timeslot="10" PursuitRadius="60" BirthType="0" TimePoints="" BirthRate="1" />
    <Monster ID="9" Code="2009" X="1977" Y="4115" Radius="300" Num="20" Timeslot="10" PursuitRadius="60" BirthType="0" TimePoints="" BirthRate="1" />
	<Monster ID="10" Code="2009" X="2300" Y="4949" Radius="300" Num="20" Timeslot="10" PursuitRadius="60" BirthType="0" TimePoints="" BirthRate="1" />
	<Monster ID="11" Code="2009" X="3085" Y="4283" Radius="300" Num="20" Timeslot="10" PursuitRadius="60" BirthType="0" TimePoints="" BirthRate="1" />
	
	<Monster ID="12" Code="2010" X="4256" Y="3945" Radius="300" Num="20" Timeslot="10" PursuitRadius="60" BirthType="0" TimePoints="" BirthRate="1" />
	<Monster ID="13" Code="2010" X="4269" Y="4891" Radius="300" Num="20" Timeslot="10" PursuitRadius="60" BirthType="0" TimePoints="" BirthRate="1" />
	<Monster ID="14" Code="2010" X="4707" Y="3443" Radius="300" Num="20" Timeslot="10" PursuitRadius="60" BirthType="0" TimePoints="" BirthRate="1" />


  </Monsters>
</Map>