<?xml version="1.0" encoding="utf-8"?>
<FistRechage Title="Nạp Lần Đầu" AtivityID="1">
	<TotalItem ItemID="15005" Number="5" />
	<TotalItem ItemID="15000" Number="10" />
	<TotalItem ItemID="344" Number="1" />
	<TotalItem ItemID="197" Number="1" />
	<TotalItem ItemID="349" Number="5" />
	<TotalItem ItemID="352" Number="5" />
	<TotalItem ItemID="15006" Number="1" />
	<TotalItem ItemID="298" Number="1" />
	<TotalItem ItemID="583" Number="1" />
	<TotalItem ItemID="538" Number="5" />
	<!--TotalItem ItemID="402" Number="1" />
	<TotalItem ItemID="298" Number="4" />
	<TotalItem ItemID="348" Number="5" />
	<TotalItem ItemID="351" Number="5" />
	<TotalItem ItemID="15006" Number="1" />
	<TotalItem ItemID="197" Number="1" />
	<TotalItem ItemID="344" Number="1" />
	<TotalItem ItemID="223" Number="4" /-->
</FistRechage>
