<?xml version="1.0" encoding="utf-8"?>
<ConfigCard>
  <Card Day="1" ItemCard="496,1" />
  <Card Day="2"  ItemCard="348,5" />
  <Card Day="3"  ItemCard="351,5" />
  <Card Day="4"  ItemCard="344,1" />
  <Card Day="5"  ItemCard="348,5" />
  <Card Day="6"  ItemCard="351,5" />
  <Card Day="7"  ItemCard="402,1" />
  <Card Day="8"  ItemCard="185,10" />
  <Card Day="9"  ItemCard="344,1" />
  <Card Day="10"  ItemCard="223,4" />
  <Card Day="11"  ItemCard="348,5" />
  <Card Day="12"  ItemCard="351,5" />
  <Card Day="13"  ItemCard="555,1" />
  <Card Day="14"  ItemCard="344,2" />
  <Card Day="15"  ItemCard="186,10" />
  <Card Day="16"  ItemCard="187,3" />
  <Card Day="17"  ItemCard="582,1" />
  <Card Day="18"  ItemCard="402,1" />
  <Card Day="19"  ItemCard="583,1" />
  <Card Day="20"  ItemCard="348,5" />
  <Card Day="21"  ItemCard="187,5" />
  <Card Day="22"  ItemCard="351,5" />
  <Card Day="23"  ItemCard="402,1" />
  <Card Day="24"  ItemCard="348,5" />
  <Card Day="25"  ItemCard="351,5" />
  <Card Day="26"  ItemCard="188,2" />
  <Card Day="27"  ItemCard="349,5" />
  <Card Day="28"  ItemCard="352,5" />
  <Card Day="29"  ItemCard="402,1" />
  <Card Day="30"  ItemCard="189,1" />
</ConfigCard>