<?xml version="1.0" encoding="utf-8"?>
<DayRechage>
	<DayRechageAward ID="1" MinYuanBao="10000" GoodsIDs="402,1|600,1|185,5" />
	<DayRechageAward ID="2" MinYuanBao="50000" GoodsIDs="402,2|513,1|186,5" />
	<DayRechageAward ID="3" MinYuanBao="100000" GoodsIDs="402,5|15006,1|187,5" />
	<DayRechageAward ID="4" MinYuanBao="150000" GoodsIDs="403,1|514,2|188,1|15007,1" />
	<DayRechageAward ID="5" MinYuanBao="200000" GoodsIDs="403,3|590,2|189,2|15007,2" />
	<!--DayRechageAward ID="1" MinYuanBao="10000" GoodsIDs="15005,2|185,10|15000,5" />
	<DayRechageAward ID="2" MinYuanBao="20000" GoodsIDs="15005,4|187,10|15000,10" />
	<DayRechageAward ID="3" MinYuanBao="40000" GoodsIDs="15005,8|188,5|402,3|15006,1" />
	<DayRechageAward ID="4" MinYuanBao="80000" GoodsIDs="15001,1|189,1|402,5|15006,2" />
	<DayRechageAward ID="5" MinYuanBao="160000" GoodsIDs="15001,2|190,1|403,1|15007,1" /-->
</DayRechage>
