<?xml version="1.0" encoding="utf-8"?>
<IconManager xmlns:xsi="http://www.w3.org/2001/XMLSchema-instance" xmlns:xsd="http://www.w3.org/2001/XMLSchema">
  <Icons IconID="OpenTokenShop" Name="Kỳ Trân Các" State="Show" />
  <Icons IconID="OpenSeashellCircle" Name="Bách Bảo Rương" State="Show" />
  <Icons IconID="OpenWelfareFirstRecharge" Name="Phúc lợi nạp đầu" State="Show" />
  <Icons IconID="OpenWelfare" Name="Phúc lợi" State="Show" />
  <Icons IconID="OpenActivityList" Name="Hoạt động" State="Show" />
  <Icons IconID="OpenSystemSetting" Name="Thiết lập hệ thống" State="Show" />
  <Icons IconID="OpenFriendBox" Name="Bạn bè" State="Show" />
  <Icons IconID="OpenGuildBox" Name="Bang hội" State="Show" />
  <Icons IconID="OpenTaskBox" Name="Nhiệm vụ" State="Show" />
  <Icons IconID="OpenBrowsePlayer" Name="Tìm người chơi" State="Show" />
  <Icons IconID="OpenMailBox" Name="Thư" State="Show" />
  <Icons IconID="OpenBag" Name="Túi đồ" State="Show" />
  <Icons IconID="OpenRoleInfo" Name="Nhân vật" State="Show" />
  <Icons IconID="OpenSkill" Name="Kỹ năng" State="Show" />
  <Icons IconID="OpenLifeSkill" Name="Kỹ năng sống" State="Show" />
</IconManager>