<?xml version="1.0" encoding="utf-8"?>
<SevenDaysLogin xmlns:xsi="http://www.w3.org/2001/XMLSchema-instance" xmlns:xsd="http://www.w3.org/2001/XMLSchema" Name="7 ngày dăng nhập" IsOpen="true">
 
 <Item ID="1" Days="1">
    <RollAwardItem ItemID="183" Number="5" Rate="70" />
    <RollAwardItem ItemID="184" Number="5" Rate="15" />
    <RollAwardItem ItemID="185" Number="1" Rate="10" />
    <RollAwardItem ItemID="186" Number="1" Rate="5" />
  </Item>
  <Item ID="2" Days="2">
    <RollAwardItem ItemID="183" Number="5" Rate="70" />
    <RollAwardItem ItemID="184" Number="5" Rate="15" />
    <RollAwardItem ItemID="185" Number="1" Rate="10" />
    <RollAwardItem ItemID="186" Number="1" Rate="5" />
  </Item>
  <Item ID="3" Days="3">
    <RollAwardItem ItemID="184" Number="5" Rate="70" />
    <RollAwardItem ItemID="185" Number="2" Rate="15" />
    <RollAwardItem ItemID="186" Number="1" Rate="10" />
    <RollAwardItem ItemID="187" Number="1" Rate="5" />
  </Item>
  <Item ID="4" Days="4">
    <RollAwardItem ItemID="184" Number="5" Rate="70" />
    <RollAwardItem ItemID="185" Number="2" Rate="15" />
    <RollAwardItem ItemID="186" Number="1" Rate="10" />
    <RollAwardItem ItemID="187" Number="1" Rate="5" />
  </Item>
  <Item ID="5" Days="5">
    <RollAwardItem ItemID="184" Number="5" Rate="70" />
    <RollAwardItem ItemID="185" Number="2" Rate="15" />
    <RollAwardItem ItemID="186" Number="1" Rate="10" />
    <RollAwardItem ItemID="187" Number="1" Rate="5" />
  </Item>
  <Item ID="6" Days="6">
    <RollAwardItem ItemID="185" Number="5" Rate="70" />
    <RollAwardItem ItemID="186" Number="2" Rate="15" />
    <RollAwardItem ItemID="187" Number="1" Rate="10" />
    <RollAwardItem ItemID="188" Number="1" Rate="5" />
  </Item>
  <Item ID="7" Days="7">
    <RollAwardItem ItemID="188" Number="1" Rate="5" />
    <RollAwardItem ItemID="298" Number="1" Rate="30" />
    <RollAwardItem ItemID="198" Number="1" Rate="60" />
    <RollAwardItem ItemID="555" Number="1" Rate="5" />
  </Item>
 
</SevenDaysLogin>