<?xml version="1.0" encoding="utf-8"?>
<TotalConsume>
	<ConsumeAward ID="1" MinYuanBao="10000" GoodsIDs="15005,1|15000,10|386,5|582,1" />
	<ConsumeAward ID="2" MinYuanBao="20000" GoodsIDs="15005,2|15000,10|387,4|582,2" />
	<ConsumeAward ID="3" MinYuanBao="40000" GoodsIDs="15001,2|15000,20|388,2|582,4" />
	<ConsumeAward ID="4" MinYuanBao="80000" GoodsIDs="15001,2|15000,20|389,1|402,5" />
	<ConsumeAward ID="5" MinYuanBao="160000" GoodsIDs="15001,4|15000,20|389,2|403,1" />
	<ConsumeAward ID="6" MinYuanBao="320000" GoodsIDs="15001,6|15000,20|390,2|403,2" />
	<ConsumeAward ID="7" MinYuanBao="640000" GoodsIDs="15001,8|15000,20|391,3|403,3" />
	<ConsumeAward ID="8" MinYuanBao="1280000" GoodsIDs="15001,10|15000,20|392,2|403,6" />
	<ConsumeAward ID="9" MinYuanBao="2560000" GoodsIDs="15001,12|15000,20|393,1|403,9" />
	<ConsumeAward ID="10" MinYuanBao="5120000" GoodsIDs="15001,14|15000,20|394,2|403,12" />
	
	<!--ConsumeAward ID="1" MinYuanBao="10000" GoodsIDs="186,3|15000,5" />
	<ConsumeAward ID="2" MinYuanBao="20000" GoodsIDs="188,3|15000,10" />
	<ConsumeAward ID="3" MinYuanBao="40000" GoodsIDs="189,1|402,3" />
	<ConsumeAward ID="4" MinYuanBao="80000" GoodsIDs="189,1|402,5" />
	<ConsumeAward ID="5" MinYuanBao="160000" GoodsIDs="190,1|403,1" />
	<ConsumeAward ID="5" MinYuanBao="320000" GoodsIDs="191,1|403,2" />
	<ConsumeAward ID="5" MinYuanBao="640000" GoodsIDs="191,2|403,4" />
	<ConsumeAward ID="5" MinYuanBao="1280000" GoodsIDs="192,1|403,8" />
	<ConsumeAward ID="5" MinYuanBao="2560000" GoodsIDs="192,2|403,16" /-->
	
	<!-- <ConsumeAward ID="5" MinYuanBao="3000000" GoodsIDs="192,2|403,5|15000,30" /> -->
	<!-- <ConsumeAward ID="5" MinYuanBao="5000000" GoodsIDs="192,2|403,8|15000,35" /> -->
	<!-- <ConsumeAward ID="5" MinYuanBao="7000000" GoodsIDs="192,2|403,10|15000,40" /> -->
</TotalConsume>
