<?xml version="1.0" encoding="utf-8"?>
<TotalRechage>
	<TotalRechageAward ID="1" MinYuanBao="10000" GoodsIDs="15005,1|388,5|582,1" />
	<TotalRechageAward ID="2" MinYuanBao="20000" GoodsIDs="15005,2|388,4|582,2" />
	<TotalRechageAward ID="3" MinYuanBao="40000" GoodsIDs="15001,2|388,2|582,4" />
	<TotalRechageAward ID="4" MinYuanBao="80000" GoodsIDs="15001,2|389,1|402,5" />
	<TotalRechageAward ID="5" MinYuanBao="160000" GoodsIDs="15001,4|389,2|403,1" />
	<TotalRechageAward ID="6" MinYuanBao="320000" GoodsIDs="15001,6|390,2|403,2" />
	<TotalRechageAward ID="7" MinYuanBao="640000" GoodsIDs="15001,8|391,3|403,3" />
	<TotalRechageAward ID="8" MinYuanBao="1280000" GoodsIDs="15001,10|392,2|403,6" />
	<TotalRechageAward ID="9" MinYuanBao="2560000" GoodsIDs="15001,12|393,1|403,9" />
	<TotalRechageAward ID="10" MinYuanBao="5120000" GoodsIDs="15001,14|394,1|403,12" />
	
	<!--TotalRechageAward ID="1" MinYuanBao="10000" GoodsIDs="15005,2|186,3|15000,5" />
	<TotalRechageAward ID="2" MinYuanBao="20000" GoodsIDs="15005,4|188,3|15000,10" />
	<TotalRechageAward ID="3" MinYuanBao="40000" GoodsIDs="15005,8|189,1|402,3" />
	<TotalRechageAward ID="4" MinYuanBao="80000" GoodsIDs="15001,1|189,1|402,5|15006,1" />
	<TotalRechageAward ID="5" MinYuanBao="160000" GoodsIDs="15001,2|190,1|403,1|15006,2" />
	<TotalRechageAward ID="5" MinYuanBao="320000" GoodsIDs="15001,3|191,1|403,2|15007,1" />
	<TotalRechageAward ID="5" MinYuanBao="640000" GoodsIDs="15001,5|191,2|403,4|15007,2" />
	<TotalRechageAward ID="5" MinYuanBao="1280000" GoodsIDs="15001,8|192,1|403,8|15008,1" />
	<TotalRechageAward ID="5" MinYuanBao="2560000" GoodsIDs="15001,16|192,2|403,16|15008,2" /-->
</TotalRechage>
