<?xml version="1.0" encoding="utf-8"?>
<!--
	CHÚC PHÚC
	Pray: Thông tin chúc phúc
		- Result: Kết quả (gồm 5 lượt quay, ngũ hành tương ứng Kim: 1, Mộc: 2, Thủy: 3, Hỏa: 4, Thổ: 5)
		- Items: Danh sách vật phẩm thưởng, ngăn cách bởi dấu ;
			- Gồm 2 giá trị ID_Số lượng
		- Buffs: Danh sách Buff nhận được, ngăn cách bởi dấu ;
			- Gồm 2 giá trị ID_Cấp độ
		- PrayWord: Mô tả kết quả
		- PrayThing: Bói toán việc nên làm
-->
<PlayerPray xmlns:xsi="http://www.w3.org/2001/XMLSchema-instance" xmlns:xsd="http://www.w3.org/2001/XMLSchema">
	<Pray Result="1_2_0_0_0" Items="337_1" Buffs="878_1;880_1" Repute="1" PrayWord="Kim năng khắc Mộc, Mộc kiên Kim khuyết! Ngày nay việc hành sự tuy có lợi, nhưng điều khó khăn cũng ko thể xem thường" PrayThing="Suy sâu nghĩ kỹ; hành sự lỗ mãng thì chỉ nếm trái đắng mà thôi." />
	<Pray Result="1_3_0_0_0" Items="337_1" Buffs="878_1;876_1" Repute="1" PrayWord="Kim năng sinh Thủy, Thủy đa Kim trầm! Dùng vũ lực đoạt lợi, thì chỉ chuốc lấy cái hại." PrayThing="Tức vũ chỉ qua; các hạ ngày nay đừng nên nghĩ đến việc đánh nhau, hãy lo tu dưỡng bản thân." />
	<Pray Result="1_4_0_0_0" Items="337_1" Buffs="878_1;879_1" Repute="1" PrayWord="Kim suy ngộ Hỏa, tất kiến tiêu dong! Cường địch trước mắt, cẩn thận hành sự." PrayThing="Án binh bất động; quan sát động tịnh, tương kế hành động, mạo muội tấn công ắt thất bại." />
	<Pray Result="1_5_0_0_0" Items="337_1" Buffs="878_1;877_1" Repute="1" PrayWord="Kim lại Thổ sinh, Thổ đa Kim mai! Thói hư tật xấu sẽ chôn vùi tài năng một con người." PrayThing="Rồng còn ẩn thì không dùng được, trời dịch chuyển mạnh mẽ, người quân tử suốt ngày tự cường." />
	<Pray Result="2_1_0_0_0" Items="337_1" Buffs="880_1;878_1" Repute="1" PrayWord="Mộc nhược phùng Kim, tất vi chước chiết! Ngày nay, hành sự chỉ có hại mà không có lợi." PrayThing="Gối đầu cao mà nằm; ngày nay không nghĩ đến việc tranh đoạt thì ngày sau khi ngủ không phải lo âu." />
	<Pray Result="2_3_0_0_0" Items="337_1" Buffs="880_1;876_1" Repute="1" PrayWord="Mộc lại Thủy sinh, Thủy đa Mộc phiêu! Số mệnh chưa hết, việc lo buồn ắt chưa dứt." PrayThing="Viễn lự; nghĩa là người quân tử không lo xa ắt sẽ nghĩ gần, vận khí ngày nay chưa dứt, việc đáng lo trước sau gì cũng đến thôi." />
	<Pray Result="2_4_0_0_0" Items="337_1" Buffs="880_1;879_1" Repute="1" PrayWord="Mộc năng sinh Hỏa, Hỏa đa Mộc phần! Thời vận đã hết, con đường vận mệnh thật khó đoán." PrayThing="Tĩnh hậu giai âm; nghĩa là lấy sự nhẫn nại để đối nhân xử thế, ắt có phúc lớn về sau." />
	<Pray Result="2_5_0_0_0" Items="337_1" Buffs="880_1;877_1" Repute="1" PrayWord="Mộc năng khắc Thổ, Thổ đa Mộc chiết! Thời vận đến, vô phúc ắt tiêu vong." PrayThing="Vật chiếm tiểu lợi; cái lợi nhỏ như đầu con ruồi, người quân tử không quan tâm." />
	<Pray Result="3_1_0_0_0" Items="337_1" Buffs="876_1;878_1" Repute="1" PrayWord="Thủy lại Kim sinh, Kim đa Thủy trọc. Tính chất của nước vốn bao dung nhưng cũng có giới hạn." PrayThing="Sửa tính để hành sự; việc bao dung vô hạn có khi làm hại người khác." />
	<Pray Result="3_2_0_0_0" Items="337_1" Buffs="876_1;880_1" Repute="1" PrayWord="Thủy năng sinh Mộc, Mộc đa Thủy thúc! Mọi việc cũng thế, đầu đuôi cũng do sự đố kỵ ghen ghét mà hỏng cả." PrayThing="Bình thường tâm; ví như cho đi một vật thì ắt nhận được sự đáp trả, nếu không như thế, mọi mối quan hệ không bền vững." />
	<Pray Result="3_4_0_0_0" Items="337_1" Buffs="876_1;879_1" Repute="1" PrayWord="Thủy năng khắc Hỏa, Hỏa đa Thủy can! Tình tuy vô biên nhưng cuộc sống thì hữu hạn, nên biết điều đó." PrayThing="Tâm mê muội; như lửa mạnh, nước yếu khó dập tắt, hãy cẩn thận." />
	<Pray Result="3_5_0_0_0" Items="337_1" Buffs="876_1;877_1" Repute="1" PrayWord="Thủy nhược phùng Thổ, tất vi ứ tắc! Khổng Tử nhập thế, khanh làm thế nào để hùng mạnh." PrayThing="Tâm trạng dưới ánh tà dương, xuân đã tận, lòng đã úa, mùa thu cũ thật khó tìm lại được, con đường xưa khiến lòng người bồi hồi." />
	<Pray Result="4_1_0_0_0" Items="337_1" Buffs="879_1;877_1" Repute="1" PrayWord="Hỏa năng khắc Kim, Kim đa Hỏa tức! Việc hành sự ngày nay tương đối thuận lợi, nhưng không phải không có khó khăn." PrayThing="Mọi việc đều phải dụng tâm; dẫu việc khó nan giải phức tạp đến đâu, chỉ cần cẩn thận thì khó mà sai lầm." />
	<Pray Result="4_2_0_0_0" Items="337_1" Buffs="879_1;880_1" Repute="1" PrayWord="Hỏa lại Mộc sinh, Mộc đa Hỏa sí! Tráng chí chưa thỏa, lòng không khỏi nôn nao." PrayThing="Tĩnh tâm; tâm loạn thì chí khó thành; chỉ cần ra ngoài thành phía đông là thấy trúc mọc xanh xanh; gần đấy nhưng chẳng ưu phiền." />
	<Pray Result="4_3_0_0_0" Items="337_1" Buffs="879_1;876_1" Repute="1" PrayWord="Hỏa nhược phùng Thủy, tất vi tức diệt. Chí lớn không nên nản, chỉ vì thời cơ chưa đến." PrayThing="Nằm gai nếm mật; người quân tử đợi thời cơ mà hành động, có được thành công ngày nay thì xưa kia cũng đã vất vả nhọc nhằn." />
	<Pray Result="4_5_0_0_0" Items="337_1" Buffs="879_1;877_1" Repute="1" PrayWord="Hỏa năng sinh Thổ, Thổ đa Hỏa hối! Chí chưa thỏa, tâm chưa yên." PrayThing="Nghe gà gáy thức dậy múa kíếm, rèn luyện chí khí, con đường nhập thế, thật lắm hiểm nguy, sài lang hổ báo, phải hết sức thận trọng." />
	<Pray Result="5_1_0_0_0" Items="337_1" Buffs="877_1;878_1" Repute="1" PrayWord="Thổ năng sinh Kim, Kim đa Thổ biến! Mọi biến huyễn đều trở về nguồn cội." PrayThing="Đốt hương tắm gội; an tâm tịnh dưỡng; tâm hồn ngay thẳng." />
	<Pray Result="5_2_0_0_0" Items="337_1" Buffs="877_1;880_1" Repute="1" PrayWord="Thổ nhược phùng Mộc, tất vi khuynh hãm! Cây giống như cái lợi, người quân tử tránh xa điều đó." PrayThing="Chính tâm thuật; cõi đời gió bụi như mây nổi, không có lợi cho việc tu dưỡng tâm tính bản thân, hãy tránh xa nó." />
	<Pray Result="5_3_0_0_0" Items="337_1" Buffs="877_1;876_1" Repute="1" PrayWord="Thổ năng khắc Thủy, Thủy đa Thổ lưu! Nước, giống như người loạn tâm, thái quá làm tổn hại đến tu vi." PrayThing="Theo thiền mà nghĩ; không phải vật bên ngoài loạn mà là do tâm động cả thôi, hãy tịnh tâm lại." />
	<Pray Result="5_4_0_0_0" Items="337_1" Buffs="877_1;879_1" Repute="1" PrayWord="Thổ lại Hỏa sinh, Thủy đa Thổ lưu! Đừng gấp gáp, dục tốc bất đạt." PrayThing="Nói chuyện dâu gai canh cửi; kết bạn với nước, lấy suối trong làm trà, sao trời làm niềm vui." />
	<Pray Result="1_1_2_0_0" Items="337_3" Buffs="878_3;880_3" Repute="5" PrayWord="Lưỡng Kim khắc Mộc, cây tuy cứng nhưng sắt vẫn dễ dàng bẻ gãy! Việc hành sự ngày nay lợi nhiều hơn hại." PrayThing="Anh dũng chính là đương đầu với thử thách, rút ra được những kinh nghiệm từ thất bại, đó là con đường của kẻ mạnh." />
	<Pray Result="1_1_3_0_0" Items="337_3" Buffs="878_3;876_3" Repute="5" PrayWord="Lưỡng Kim sinh Thủy, nước tuy nhiều nhưng không thể chìm! Dùng vũ lực để đấu với nhau, người này được thì người kia mất." PrayThing="Cẩn thận khi dùng vũ lực, đem vũ lực hại người ắt đã tự hại chính mình." />
	<Pray Result="1_1_4_0_0" Items="337_3" Buffs="878_3;879_3" Repute="5" PrayWord="Song Kim ngộ Hỏa, Hỏa tuy mạnh, nhưng nung chảy Kim không phải dễ. Quyết chí đấu, thành công hay không sẽ biết ngay." PrayThing="Được ăn cả ngã về không; người quân tử không có đường thối lui, chỉ có một cách là tiến lên phía trước." />
	<Pray Result="1_1_5_0_0" Items="337_3" Buffs="878_3;877_3" Repute="5" PrayWord="Lưỡng Kim Thổ mai, ví như người có tài năng xuất chúng, ắt có ngày phải bộc lộ." PrayThing="Ra mắt đại nhân thì lợi; ngựa thiên lý ở giữa chợ đông, duy chỉ có Bá Lạc nhận ra chúng." />
	<Pray Result="2_2_1_0_0" Items="337_3" Buffs="880_3;878_3" Repute="5" PrayWord="Song Mộc phùng Kim, cây tuy mềm yếu, cũng khó bẻ gãy! Hành sự ngày nay lợi nhiều hơn hại." PrayThing="Bại nhưng vẫn muốn tiếp tục chiến đấu, thất bại càng nhiều, chiến đấu càng hăng, đó là hình tượng của kẻ mạnh." />
	<Pray Result="2_2_3_0_0" Items="337_3" Buffs="880_3;876_3" Repute="5" PrayWord="Song Mộc tại Thủy, diệc khả vi chu! Số mệnh tại trời, tuân theo mà sống." PrayThing="Thuận theo tự nhiên; cây có thể làm thuyền, dùng tạm để đi trên nước." />
	<Pray Result="2_2_4_0_0" Items="337_3" Buffs="880_3;879_3" Repute="5" PrayWord="Song Mộc cô Hỏa, Mộc nan phần. Con đường của người quân tử, thật thênh thang." PrayThing="Lớn mật hành sự; con đường phía trước lắm hiểm nguy, người có dũng khí ắt chiến thắng." />
	<Pray Result="2_2_5_0_0" Items="337_3" Buffs="880_3;877_3" Repute="5" PrayWord="Đối Mộc cô Thổ, thời vận thuận lợi, điều tốt đẹp đến liên tục." PrayThing="Con đường số mệnh lắm trái ngang; nhưng có trời giúp, thì cho dù gặp khó khắn gì đều vượt qua được." />
	<Pray Result="3_3_1_0_0" Items="337_3" Buffs="876_3;878_3" Repute="5" PrayWord="Lưỡng Thủy Kim sinh, Kim tuy nhiều, cũng không dễ đục. Chuyện tình cảm, phải bao dung." PrayThing="Con đường tình cảm, vốn chẳng dễ dàng, nên bao dung tạo phúc." />
	<Pray Result="3_3_2_0_0" Items="337_3" Buffs="876_3;880_3" Repute="5" PrayWord="Lưỡng Thủy sinh Mộc, Mộc tuy nhiều, cũng không thẹn với lương tâm." PrayThing="Dùng tấm lòng khoan dung mà đối đãi; thốt lên tiếng nói tự đáy lòng mình; tỏ tường như ánh trăng khuya." />
	<Pray Result="3_3_4_0_0" Items="337_3" Buffs="876_3;879_3" Repute="5" PrayWord="Nước mạnh lửa yếu, thắng bại đã rõ! Nước và lửa vốn xưa nay xung khắc." PrayThing="Thận phó chân tâm; căn nguyên lấy đa tình đối đãi vô tình, nước chảy hoa rơi." />
	<Pray Result="3_3_5_0_0" Items="337_3" Buffs="876_3;877_3" Repute="5" PrayWord="Nước cho dù yếu nhưng vẫn xói mòn được đất, như tình thâm thì khó khước từ" PrayThing="Tim mê muội, tình thấm sâu, có thể làm tan trái tim băng giá." />
	<Pray Result="4_4_1_0_0" Items="337_3" Buffs="879_3;878_3" Repute="5" PrayWord="Lưỡng Hỏa khắc Kim, Kim tuy cứng nhưng Hỏa vẫn dễ dàng nung chảy! Trên nung dưới đốt, dù vững chắc đến đâu cũng khó mà chịu nổi." PrayThing="Sấm chớp gió giật, người làm việc lớn, không nên câu nệ tiểu tiết, quyết nhanh đánh nhanh." />
	<Pray Result="4_4_2_0_0" Items="337_3" Buffs="879_3;880_3" Repute="5" PrayWord="Ngẫu Hỏa kỳ Mộc, nan phần tâm! Theo tự nhiên mà làm, ắt thành công." PrayThing="Bản tính bình thản, cho dù có lúc tâm gặp xáo động, vẫn có thể chế ngự được dễ dàng." />
	<Pray Result="4_4_3_0_0" Items="337_3" Buffs="879_3;876_3" Repute="5" PrayWord="Gom đuốc thành lửa, có thể chống được nước! Sức mạnh của kẻ tiểu tốt, không thể xem thường." PrayThing="Chăm sóc kẻ dưới; tráng chí đã toại, kẻ bề tôi lập tức bỏ đi, trấn an lòng quân." />
	<Pray Result="4_4_5_0_0" Items="337_3" Buffs="879_3;877_3" Repute="5" PrayWord="Song Hỏa sinh Thổ, chí đã toại! Hoài bão vấn chưa nguôi, thiết đãi bạn bè." PrayThing="Ngồi quanh nồi; uống nước nói chuyện vui vẻ, uống sữa bò, nghĩ về con đường phía trước." />
	<Pray Result="5_5_1_0_0" Items="337_3" Buffs="877_3;878_3" Repute="5" PrayWord="Song Thổ hàm Kim, rèn luyện đức tài! Chí trai chẳng sờn, khiêm tốn chờ đợi." PrayThing="Tựa lan can nghĩ ngợi gì; Chân trời xa tít liễu phi trước mành; Trời xanh nước cũng xanh xanh; Thuyền ai phiêu bạt năm canh chẳng về." />
	<Pray Result="5_5_2_0_0" Items="337_3" Buffs="877_3;880_3" Repute="5" PrayWord="Song Thổ phùng Mộc, nan vi hãm. Cái lợi nhỏ bé trong chốn trần tục, người quân tử không hổ thẹn." PrayThing="Hái cúc dưới giậu đông; bụi hồng cuồn cuộn; áo trắng như tuyết." />
	<Pray Result="5_5_3_0_0" Items="337_3" Buffs="877_3;876_3" Repute="5" PrayWord="Bội Thổ khắc Thủy, tu vi cố. Dần vào nơi cảnh đẹp, màu xanh chưa đạt đến mức thuần khiết." PrayThing="Đốt lò; đến khi lửa xanh biếc, nghiền ngẫm sách xưa, đợi thần đơn." />
	<Pray Result="5_5_4_0_0" Items="337_3" Buffs="877_3;879_3" Repute="5" PrayWord="Đất dày dặn, lửa mạnh mẽ! Không hiểu nguyên cớ, hỏi trời xanh." PrayThing="Xem thiên văn; thiên cơ không thể lộ, người quân tử tự thông suốt, tuân theo mệnh trời." />
	<Pray Result="1_1_1_2_0" Items="337_5" Buffs="878_5;880_5" Repute="30" PrayWord="Tam Kim khắc Mộc, kiên Mộc lập đoạn! Ngày tốt để đấu võ." PrayThing="Các hạ trên đấu trường ngày hôm nay dễ dàng thu được thắng lợi." />
	<Pray Result="1_1_1_3_0" Items="337_5" Buffs="878_5;876_5" Repute="30" PrayWord="Tam Kim Sinh Thủy, Thủy đa bất trầm! Dụng võ lúc thuận lợi." PrayThing="Dĩ vũ vi dụng; thời cơ tốt để dùng võ đoạt lợi, thiện tai!" />
	<Pray Result="1_1_1_4_0" Items="337_5" Buffs="878_5;879_5" Repute="30" PrayWord="Tam Kim ngộ Hỏa, Kim đa Hỏa dị diệt! Chí vững như thành trì, khó lay chuyển nổi." PrayThing="Đoàn kết phấn tiến; đồng sức đồng lòng, bao nguy khó đều dễ dàng vượt qua." />
	<Pray Result="1_1_1_5_0" Items="337_5" Buffs="878_5;877_5" Repute="30" PrayWord="Tam Kim tại Thổ, mũi nhọn mới nhú, sao lại dùng đất mềm mà chôn nó." PrayThing="Mao Toại tự tiến; rèn luyện đức tài, thời cơ không đợi ta, chỉ có Mao Toại tự tiến." />
	<Pray Result="2_2_2_1_0" Items="337_5" Buffs="880_5;878_5" Repute="30" PrayWord="Tam Mộc phùng Kim, nan vi chước chiết! Ngày dùng nhu thắng cương." PrayThing="Đấu võ; bậc đại hiệp thế võ mềm yếu, nhưng cơ hội chiến thắng cũng không ít." />
	<Pray Result="2_2_2_3_0" Items="337_5" Buffs="880_5;876_5" Repute="30" PrayWord="Tam Mộc nhập Thủy, sóng to khó vượt! Vận tốt đã đến, quỷ ma khó cản." PrayThing="Nghịch kích lưu; thiên lời địa lợi, tuy ngược dòng nhưng thuyền vẫn tiến lên phía trước." />
	<Pray Result="2_2_2_4_0" Items="337_5" Buffs="880_5;879_5" Repute="30" PrayWord="Cây đã thành rừng, lửa nhỏ khó đốt được! Mệnh trời đã định, số phận khó thoát." PrayThing="Thế thiên hành đạo; đương đầu với mệnh trời, người quân tử không sợ hãi tránh né." />
	<Pray Result="2_2_2_5_0" Items="337_5" Buffs="880_5;877_5" Repute="30" PrayWord="Chúng Mộc khắc Thổ, đa Thổ nan tồn. Con đường thênh thang, tiến bước thuận lợi." PrayThing="Viễn hành; Con đường gai góc mọc đầy, Quý nhân phù trợ lo gì chẳng qua." />
	<Pray Result="3_3_3_1_0" Items="337_5" Buffs="876_5;878_5" Repute="30" PrayWord="Tam Thủy Kim sinh, trọc Kim khả thanh! Việc nhạy cảm nhỏ nhặt, khó mà nói thẳng được." PrayThing="Chúc song dạ thoại; đêm dài dằng dặc, cùng chong đèn bên cửa sổ với thuyền quyên." />
	<Pray Result="3_3_3_2_0" Items="337_5" Buffs="876_5;880_5" Repute="30" PrayWord="Như dòng suối tuôn ra, tuy nhỏ nhưng chẳng bao giờ chảy ngược dòng. Nước không sâu, nhưng lại chứa đựng được rất nhiều thứ." PrayThing="Thưởng tâm phi; với khí số hôm nay, người khác khó thắng được, đường tình thênh thang." />
	<Pray Result="3_3_3_4_0" Items="337_5" Buffs="876_5;879_5" Repute="30" PrayWord="Nước chảy mênh mông, một ngọn đèn sáng! Tình này cảnh này, cầm lòng thật khó." PrayThing="Cầm đèn xem điệu múa; đêm đuốc hoa, lòng rạo rực." />
	<Pray Result="3_3_3_5_0" Items="337_5" Buffs="876_5;877_5" Repute="30" PrayWord="Tam Thủy vi nhất, thế như ba đào! Rửa sạch bùn đất, vàng thật hiện ra." PrayThing="Giang hồ đồng lộ; chân trời như mộng; hình bóng vội vã, gió mưa không ngăn được." />
	<Pray Result="4_4_4_1_0" Items="337_5" Buffs="879_5;878_5" Repute="30" PrayWord="Tam Hỏa khắc Kim, kiên Kim vi dung! Thế lửa hừng hực, trăm suối ngàn khe đều khô hạn." PrayThing="Dũng vãng trực tiền; tiến lên không ngoảnh nhìn phía sau, lâm nguy không nao núng." />
	<Pray Result="4_4_4_2_0" Items="337_5" Buffs="879_5;880_5" Repute="30" PrayWord="Hỏa tiệm liệt, Mộc trợ uy! Tráng chí anh hùng, số trời đã định." PrayThing="Chỉnh hành trang; đường chân trời, xanh mênh mông; lòng du hiệp không tì vết." />
	<Pray Result="4_4_4_3_0" Items="337_5" Buffs="879_5;876_5" Repute="30" PrayWord="Lửa hừng hực, nước yếu khô, không thể chống lại." PrayThing="Ẩn hành; việc thiên hạ, lựa thế mà hành động, sẽ thành công lớn." />
	<Pray Result="4_4_4_5_0" Items="337_5" Buffs="879_5;877_5" Repute="30" PrayWord="Chân Hỏa tụ thủ, thắng lợi dĩ vọng! Bầy gấu đuổi hươu, thịt hươu con nào được, chưa thể biết." PrayThing="Lý tư lự; mưu kế sâu xa, con hươu chết bởi tay ta." />
	<Pray Result="5_5_5_1_0" Items="337_5" Buffs="877_5;878_5" Repute="30" PrayWord="Hậu Thổ lợi Kim, tài năng khổ luyện! Cửa sài đóng lại đã lâu, ngày sinh lo lắng biết đâu mà lần." PrayThing="Đóng cửa phía đông đi cửa tây; tuổi già xế bóng, cỏ ngả sắc vàng, sớm mai tỉnh giấc, vỗ cánh bay đi." />
	<Pray Result="5_5_5_2_0" Items="337_5" Buffs="877_5;880_5" Repute="30" PrayWord="Tam Thổ vi khâu, nhược Mộc hà vi hoạn! Ta lấy lòng mình đối chọi với khoảng trời bao la rộng lớn." PrayThing="Ngâm thi dung tất; đọc thơ cũ, nơi chật hẹp dễ an nhàn, ngâm nga ca xướng thú tiêu dao." />
	<Pray Result="5_5_5_3_0" Items="337_5" Buffs="877_5;876_5" Repute="30" PrayWord="Tu vi của anh, ví như đất dày, nhưng vẫn còn những ý nghĩ phàm tục, không biết phải làm thế nào." PrayThing="Bế quan; tường xưa âm u, bóng tiên thấp thoáng, khổ tu nơi này, sớm thành chính quả." />
	<Pray Result="5_5_5_4_0" Items="337_5" Buffs="877_5;879_5" Repute="30" PrayWord="Lò bụi đóng, lửa yếu ớt! Lò đã lạnh." PrayThing="Tức lô; yên lặng đợi lò nguội, không biết làm thế nào cho nhanh chóng, ngày khác thần đơn sẽ luyện xong." />
	<Pray Result="1_1_1_1_1" Items="337_10" Buffs="876_10;877_10;878_10;879_10;880_10" Repute="500" PrayWord="Kim viết tùng cách, đặc tính Kim thay đổi, biến chất. Ngũ Kim, là cực điểm của Kim." PrayThing="Chiến vũ; ngày nay, bậc đại hiệp phải lo giữ nhà bảo vệ đất nước, kiến công lập nghiệp!" />
	<Pray Result="1_1_1_1_2" Items="337_8" Buffs="878_8;880_8" Repute="100" PrayWord="Chúng Kim khắc Mộc, thiên hạ vô kiên mộc! Địch không thể thắng ta được." PrayThing="Dữ nhân chiến; bậc đại hiệp ngày nay chiến đấu với địch nhân, bách chiến bách thắng." />
	<Pray Result="1_1_1_1_3" Items="337_8" Buffs="878_8;876_8" Repute="100" PrayWord="Chúng Kim sinh Thủy, nhược Thủy nan trầm! Vũ! Không có nơi thích hợp không thể phát huy tối đa được." PrayThing="Sấm quan; các hạ ngày nay vượt ải, ắt chiến thắng." />
	<Pray Result="1_1_1_1_4" Items="337_8" Buffs="878_8;879_8" Repute="100" PrayWord="Vàng thật không sợ lửa, bảo kiếm sắc bén phải qua đúc luyện." PrayThing="Kiên định ý chí; mười năm khổ tu hôm sớm, hương hoa mai từ nơi khổ lạnh bay tới." />
	<Pray Result="1_1_1_1_5" Items="337_8" Buffs="878_8;877_8" Repute="100" PrayWord="Chúng Kim chi quang, hậu Thổ nan yểm! Bá Lạc đi xa vạn dặm để tìm." PrayThing="Chỉnh trang đãi Bá Lạc; tài năng của người quân tử, vang danh bốn bể." />
	<Pray Result="2_2_2_2_1" Items="337_8" Buffs="880_8;878_8" Repute="100" PrayWord="Chúng Mộc phùng Kim, lợi Kim nan đoạn! Gặp vận may." PrayThing="Độ kiếp; các hạ hôm nay tuy gặp phải tử địa, nhưng chiếu theo mệnh trời thì rất tốt về sau." />
	<Pray Result="2_2_2_2_2" Items="337_10" Buffs="876_10;877_10;878_10;879_10;880_10" Repute="500" PrayWord="Mộc viết khúc trực, có sự sinh trưởng! Đặc tính phát triển. Ngũ Mộc, là cực điểm của Mộc!" PrayThing="Tầm bảo; các hạ ngày nay gặp phải vận may, nếu tìm kho tàng, ắt thu được vật quý." />
	<Pray Result="2_2_2_2_3" Items="337_8" Buffs="880_8;876_8" Repute="100" PrayWord="Cự Mộc tại Thủy, trung lưu để trụ! Mộc không cốt ở to và cốt ở rễ sâu." PrayThing="Vạn sự giai nghi; Thiên Địa Nhân, tam nguyên quy nhất, có việc nào mà chẳng thành?" />
	<Pray Result="2_2_2_2_4" Items="337_8" Buffs="880_8;879_8" Repute="100" PrayWord="Cường Mộc đắc Hỏa, phương hóa kỳ ngoan! Thời vận thịnh quá, ngược lại mệnh trời." PrayThing="Ẩn nhẫn; lạm dụng mệnh số, quá mức làm hại đến lẽ trời, thận trọng với điều đó." />
	<Pray Result="2_2_2_2_5" Items="337_8" Buffs="880_8;877_8" Repute="100" PrayWord="Cường lâm chi Thổ, Mộc dĩ vi dưỡng! Trời cao đất rộng, bằng hữu rong chơi phiêu lãng. " PrayThing="Vạn sự giai nghi; biển rộng cá lội tung tăng, trời cao chim bay vô định, bằng hữu có biết chăng." />
	<Pray Result="3_3_3_3_1" Items="337_8" Buffs="876_8;878_8" Repute="100" PrayWord="Tam Thủy vi nhất, thế như ba đào! Rửa sạch bùn đất, vàng thật hiện ra." PrayThing="Đăng cao vọng viễn; đứng một mình trên đỉnh núi, rời khỏi cõi hồng trần gió bụi, trời biển một màu đỏ mặt trời." />
	<Pray Result="3_3_3_3_2" Items="337_8" Buffs="876_8;880_8" Repute="100" PrayWord="Cường Thủy đắc Mộc, phương tiết kỳ thế! Cố công gắng sức đi tìm cây quý, rốt cuộc không được." PrayThing="Tĩnh đình nhàn tọa; Tơ lòng giăng mãi cũng chùng, Xuân hoa thu nguyệt trước thềm rêu lan." />
	<Pray Result="3_3_3_3_3" Items="337_10" Buffs="876_10;877_10;878_10;879_10;880_10" Repute="500" PrayWord="Thủy viết nhuận hạ, mát mẻ dễ chịu, đặc tính có chiều hướng đi xuống. Ngũ Thủy, là cực điểm của Thủy." PrayThing="Tam nhân chi hành; thầy của ta ở bên cạnh, Lộ Khắc hỏi rằng: Hiệp sĩ ngày nay phải học ở thầy mình những điều hay lẽ phải hoặc truyền thụ cho học trò." />
	<Pray Result="3_3_3_3_4" Items="337_8" Buffs="876_8;879_8" Repute="100" PrayWord="Nhiều nước gom lại thành biển, chứa đựng vạn vật." PrayThing="Liễu khước thử sinh duyên; duyên ngàn năm, tình khó được, kiếp này phải nếm trải qua." />
	<Pray Result="3_3_3_3_5" Items="337_8" Buffs="876_8;877_8" Repute="100" PrayWord="Thủy vượng đắc Thổ, phương thành trì chiểu! Tình mềm như nước, quấn quýt vấn vương." PrayThing="Tỷ dực; tình này do trời tác hợp, thành ý của người thật khó mà từ chối, giấc mộng trăm năm." />
	<Pray Result="4_4_4_4_1" Items="337_8" Buffs="879_8;878_8" Repute="100" PrayWord="Chúng Hỏa khắc Kim, Kim bất tồn, Thủy nan lưu! Lửa cất ngất trời, khí thế thật mạnh mẽ." PrayThing="Đoạt tuyệt đại sự; cơ hội hôm nay, không thể để mất, mất rồi khó tìm lại được, thật nan giải khi quyết định." />
	<Pray Result="4_4_4_4_2" Items="337_8" Buffs="879_8;880_8" Repute="100" PrayWord="Lửa cháy ào ào, đốt cây tạo thế! Khí thế này, thật giống với khí thế của bậc quân vương." PrayThing="Dữ hữu hào ẩm; chí lớn sắp thành, chỉ có người tri kỷ là có thể cùng hưởng." />
	<Pray Result="4_4_4_4_3" Items="337_8" Buffs="879_8;876_8" Repute="100" PrayWord="Hỏa vượng đắc Thủy, phương thành tương tế! Có được người hiền ở bên thì đó là điều vô cùng may mắn." PrayThing="Yến quần thần; người anh hùng không phải thánh nhân; sai lầm khó mà tránh khỏi; vì vậy phải có người hiền trợ giúp." />
	<Pray Result="4_4_4_4_4" Items="337_10" Buffs="876_10;877_10;878_10;879_10;880_10" Repute="500" PrayWord="Hỏa viết viêm thượng; sức nóng lan tỏa, đặc tính có chiều hướng tăng lên. Ngũ Hỏa, là cực điểm của Hỏa." PrayThing="Võ học tu luyện; người học võ ngày nay dụng công rèn luyện, ắt sẽ có kết quả!" />
	<Pray Result="4_4_4_4_5" Items="337_8" Buffs="879_4;877_8" Repute="100" PrayWord="Lửa cháy hừng hực, tráng chí đã toại, đừng quên những người đã mất." PrayThing="Thu phong tế; cờ bay trong gió thu đỏ như máu, ba ngàn nắm xương trắng, rượu đục này làm sao đem tế được." />
	<Pray Result="5_5_5_5_1" Items="337_8" Buffs="877_8;878_8" Repute="100" PrayWord="Cường Thổ đắc Kim, phương chế kỳ ủng! Cái ảnh hưởng lớn nhất đối với đạo đức chính là vật chất." PrayThing="Hồ bạn đạp thanh; ở mãi trong xó, tất nhiên trong lòng cảm thấy bức bối, bên ngoài cỏ dại um tùm, mây bay lượn lờ, sương như ngọc biếc." />
	<Pray Result="5_5_5_5_2" Items="337_8" Buffs="877_8;880_8" Repute="100" PrayWord="Chúng Thổ, sơn dã, Mộc vị chiết! Một màn bụi hồng khó lòng thành núi." PrayThing="Tuyết y lăng tuyệt đính; biển mây cuồn cuộn, ngỡ cõi Bồng Lai, nhớ nhung trong gió, cõi tiên lòng hoài." />
	<Pray Result="5_5_5_5_3" Items="337_8" Buffs="877_8;876_8" Repute="100" PrayWord="Đã lên tiên cảnh, hoài thế làm chi! Lo trước thiên hạ, vui sau thiên hạ." PrayThing="Quan phàm tình; một thân nhập thế, giúp đỡ trăm dân, khuyên nhủ dỗ dành, như tình ruột thịt." />
	<Pray Result="5_5_5_5_4" Items="337_8" Buffs="877_8;879_8" Repute="100" PrayWord="Đa Thổ Hỏa hối, nhiên chúc hỏa thuần thanh! Tu vi đã thâm hậu, đi về phía tây không chút lo lắng." PrayThing="Thái đan; mở lò luyện, thần đan lóng lánh, uống để lên tiên." />
	<Pray Result="5_5_5_5_5" Items="337_10" Buffs="876_10;877_10;878_10;879_10;880_10" Repute="500" PrayWord="Thổ viên giá tường, trồng trọt, đặc tính sinh hoá vạn vật. Ngũ Thổ, là cực điểm của Thổ!" PrayThing="Xuân hoa thu thực; vận số ngày nay những việc thuộc về sinh sản thu hoạch rất thuận lợi." />
</PlayerPray>