<?xml version="1.0" encoding="utf-8"?>
<Map>
  <NPCs>
  	<NPC Code="3698" Name="Xa Phu" 	MinimapName="" VisibleOnMinimap="1" Title="" X="5708" Y="3151" Dir="7" ScriptID="13" />
	<NPC Code="2599" Name="Trâu Đức Khoái" MinimapName="Thủ Khố" VisibleOnMinimap="1" Title="Thủ Khố" X="6379" Y="3132" Dir="1" ScriptID="12"/>
    <NPC Code="3384" Name="Quan Liên Đấu Sơ Cấp" MinimapName="Quan Liên Đấu (Sơ Cấp)" VisibleOnMinimap="1" Title="" X="1837" Y="4861" Dir="7" ScriptID="21" />
    <NPC Code="2601" Name="Lễ Quan" MinimapName="" VisibleOnMinimap="1" Title="" X="6537" Y="3905" Dir="7" ScriptID="149" /> 
	<NPC Code="2994" Name="Bổ Đầu Hình Bộ" MinimapName="" VisibleOnMinimap="1" Title="" X="6156" Y="4142" Dir="7" ScriptID="34"/>
	<NPC Code="6777" Name="Điềm Tửu Thúc" MinimapName="Binh Khí" VisibleOnMinimap="1" Title="Chủ Tiệm Binh Khí" X="6712" Y="4399" Dir="7" ScriptID="29" />
	<NPC Code="6778" Name="Thẩm Hà Diệp" MinimapName="Phòng Cụ" VisibleOnMinimap="1" Title="Chủ Tiệm Phòng Cụ" X="7577" Y="4805" Dir="7" ScriptID="25" />
	<NPC Code="6779" Name="Hách Phiêu Tịnh" MinimapName="Trang Sức" VisibleOnMinimap="1" Title="Chủ Tiệm Trang Sức" X="8028" Y="5018" Dir="7" ScriptID="26"/>
	<NPC Code="6780" Name="Trương Trảm Kinh" MinimapName="Thuốc" VisibleOnMinimap="1" Title="Chủ Tiệm Thuốc" X="8701" Y="4978" Dir="1" ScriptID="27"/>
 	<NPC Code="6781" Name="Bất Động Tiên Sinh" MinimapName="Tạp Hóa" VisibleOnMinimap="1" Title="Chủ Tiệm Tạp Hóa" X="9050" Y="4799" Dir="1" ScriptID="28"/>
 	<NPC Code="2599" Name="Trâu Đức Khoái" MinimapName="Thủ Khố" VisibleOnMinimap="1" Title="Thủ Khố" X="8238" Y="3714" Dir="7" ScriptID="12"/>
    <NPC Code="3573" Name="Bao Vạn Đồng" MinimapName="" VisibleOnMinimap="1" Title="" X="8776" Y="3803" Dir="7" ScriptID="3"/>
	<NPC Code="2711" Name="Quan Quân Nhu (nghĩa quân)" MinimapName="" VisibleOnMinimap="1" X="8627" Y="3715" Dir="7" ScriptID="17" />
	<NPC Code="2963" Name="Thương Nhân Đặc Sản" MinimapName="" VisibleOnMinimap="1" Title="" X="9229" Y="3427" Dir="3" ScriptID="31" />
	<NPC Code="6782" Name="Đại Lão Bạch" MinimapName="Tửu Lầu" VisibleOnMinimap="1" Title="Chủ Tửu Lầu" X="10236" Y="4963" Dir="7" ScriptID="24"/>
	<NPC Code="3569" Name="Mộc Lương" MinimapName="Gỗ" VisibleOnMinimap="1" Title="Chủ Tiệm Gỗ" X="10426" Y="3535" Dir="1" ScriptID="23"/>
	<NPC Code="3568" Name="Trương Tùng Đào" MinimapName="Da" VisibleOnMinimap="1" Title="Chủ Tiệm Da" X="11632" Y="2891" Dir="1" ScriptID="22"/>
	<NPC Code="3385" Name="Quan Liên Đấu Cao Cấp" MinimapName="Quan Liên Đấu (Cao Cấp)" VisibleOnMinimap="1" Title="" X="12428" Y="2204" Dir="7" ScriptID="20"/>
	<NPC Code="2607" Name="Triệu Nguyên Tịnh" MinimapName="Chiêu Mộ Sứ (Tống)" VisibleOnMinimap="1" Title="Chiêu Mộ Sứ (Tống)" X="9074" Y="1337" Dir="7" ScriptID="18" />
	<NPC Code="3406" Name="Quan Lãnh Thổ" MinimapName="" VisibleOnMinimap="1" Title="" X="9580" Y="1580" Dir="1" ScriptID="16"/>
	<NPC Code="6783" Name="Tạ Hiền" MinimapName="Tiền Trang" VisibleOnMinimap="1" Title="Chủ Tiền Trang" X="12634" Y="3204" Dir="1" ScriptID="14"/>
    <NPC Code="3578" Name="Rương cũ nát" MinimapName="" VisibleOnMinimap="1" Title="" X="12332" Y="3312" Dir="1" ScriptID="157"/>	
	<NPC Code="2599" Name="Trâu Đức Khoái" MinimapName="Thủ Khố" VisibleOnMinimap="1" Title="Thủ Khố" X="13943" Y="3216" Dir="7" ScriptID="12"/>	
	<NPC Code="3698" Name="Xa Phu" 	MinimapName="" VisibleOnMinimap="1" Title="" X="13694" Y="3097" Dir="7" ScriptID="13" />
	<NPC Code="2608" Name="Hoàn Nhan Long Húc" MinimapName="Chiêu Mộ Sứ (Kim)" VisibleOnMinimap="1" Title="Chiêu Mộ Sứ (Kim)" X="12668" Y="4409" Dir="1" ScriptID="19"/>
	<NPC Code="3679" Name="Bang hội liên minh sứ" MinimapName="" VisibleOnMinimap="1" Title="Bang hội liên minh sứ" X="11888" Y="5185" Dir="1"  ScriptID="15" />
	<NPC Code="2599" Name="Trâu Đức Khoái" MinimapName="Thủ Khố" VisibleOnMinimap="1" Title="Thủ Khố" X="12516" Y="6620" Dir="7" ScriptID="12"/>
	<NPC Code="3698" Name="Xa Phu" 	MinimapName="" VisibleOnMinimap="1" Title="" X="13125" Y="6483" Dir="7" ScriptID="13" />
	<NPC Code="2654" Name="Hộ Vệ Bạch Hổ Đường" MinimapName="Truyền Tống Bạch Hổ Đường" VisibleOnMinimap="1" Title="Truyền Tống Bạch Hổ Đường" X="10275" Y="5953" Dir="7" ScriptID="400012" />
	<NPC Code="2606" Name="Hoàng Thường" MinimapName="Đặc sứ Võ Lâm Minh Chủ" VisibleOnMinimap="1" Title="Đặc sứ Võ Lâm Minh Chủ" X="8737" Y="7451" Dir="0" ScriptID="41" />	
	<NPC Code="2965" Name="Chủ Thương Hội" MinimapName="" VisibleOnMinimap="1" Title="" X="7694" Y="5956" Dir="1" ScriptID="35"/>	
	<NPC Code="3698" Name="Xa Phu" 	MinimapName="" VisibleOnMinimap="1" Title="" X="4964" Y="6460" Dir="1" ScriptID="13" />
	<NPC Code="3574" Name="Dã Luyện Đại Sư" MinimapName="" VisibleOnMinimap="1" Title="" X="6236" Y="7370" Dir="7" ScriptID="33"/>	
	<NPC Code="2599" Name="Trâu Đức Khoái" MinimapName="Thủ Khố" VisibleOnMinimap="1" Title="Thủ Khố" X="4689" Y="6591" Dir="1" ScriptID="12"/>	
	<NPC Code="6863" Name="Tu Mộc Trạch" MinimapName="" VisibleOnMinimap="1" Title="Thiết Phù Hựu Lỗ Sứ Giả" X="4448" Y="4818" Dir="1" ScriptID="4"/>
	<NPC Code="2605" Name="Bán Ngựa" MinimapName="" VisibleOnMinimap="1" Title="" X="3619" Y="5863" Dir="7" ScriptID="37" />
	<NPC Code="2625" Name="Vân Du Tăng Nhân" MinimapName="" VisibleOnMinimap="1" Title="" X="5295" Y="4494" Dir="1" ScriptID="60"/>
	
	<NPC Code="985" Name="Tuần Kiểm Sứ" MinimapName="" VisibleOnMinimap="1" Title="" X="4551" Y="3138" Dir="1" ScriptID="157"/>
	<NPC Code="638" Name="Phí Sĩ Tương" MinimapName="" VisibleOnMinimap="1" Title="" X="4494" Y="3734" Dir="1" ScriptID="157"/>
	<NPC Code="912" Name="Hắc Phong" MinimapName="" VisibleOnMinimap="1" Title="" X="4034" Y="3848" Dir="7" ScriptID="157"/>
	<NPC Code="986" Name="Lý An Toàn" MinimapName="" VisibleOnMinimap="1" Title="" X="7560" Y="2409" Dir="1" ScriptID="157"/>
	
	<NPC Code="2955" Name="Mã Xuyên Sơn" MinimapName="" VisibleOnMinimap="1" Title="Tiếp dẫn Ải Gia Tộc" X="8259" Y="2747" Dir="5" ScriptID="200"/>
  </NPCs>
</Map>