<?xml version="1.0" encoding="utf-8"?>
<Map>
  <NPCs>
  	<NPC Code="6780" Name="Trương Trảm Kinh" MinimapName="Thuốc" VisibleOnMinimap="1" Title="Chủ Tiệm Thuốc - Liên Máy Chủ" X="4820" Y="2501" Dir="7" ScriptID="27" />
	<NPC Code="2599" Name="Trâu Đức Khoái" MinimapName="Thủ Khố" VisibleOnMinimap="1" Title="Thủ Khố" X="3145" Y="1575" Dir="7" ScriptID="12" />
	<NPC Code="3698" Name="Xa Phu" MinimapName="" VisibleOnMinimap="1" Title="" X="5099" Y="1857" Dir="1" ScriptID="203"/>

	<NPC Code="3574" Name="Dã Luyện Đại Sư" MinimapName="" VisibleOnMinimap="1" Title="" X="8643" Y="4335" Dir="7" ScriptID="33" />
	
	<NPC Code="2599" Name="Trâu Đức Khoái" MinimapName="Thủ Khố" VisibleOnMinimap="1" Title="Thủ Khố" X="11235" Y="2384" Dir="7" ScriptID="12" />
	<NPC Code="6780" Name="Trương Trảm Kinh" MinimapName="Thuốc" VisibleOnMinimap="1" Title="Chủ Tiệm Thuốc" X="12917" Y="3242" Dir="7" ScriptID="27" />
	<NPC Code="3698" Name="Xa Phu" MinimapName="" VisibleOnMinimap="1" Title="" X="11697" Y="2525" Dir="7" ScriptID="203"/>


	<NPC Code="6780" Name="Trương Trảm Kinh" MinimapName="Thuốc" VisibleOnMinimap="1" Title="Chủ Tiệm Thuốc" X="13258" Y="6320" Dir="1" ScriptID="27" />
	<NPC Code="3698" Name="Xa Phu" MinimapName="" VisibleOnMinimap="1" Title="" X="11614" Y="6065" Dir="7" ScriptID="203"/>	
	<NPC Code="2599" Name="Trâu Đức Khoái" MinimapName="Thủ Khố" VisibleOnMinimap="1" Title="Thủ Khố" X="11930" Y="6506" Dir="7" ScriptID="12" />
    
	<NPC Code="6777" Name="Điềm Tửu Thúc" MinimapName="Binh Khí" VisibleOnMinimap="1" Title="Chủ Tiệm Binh Khí - Liên Máy Chủ" X="7110" Y="4930" Dir="1" ScriptID="29"/>
	<NPC Code="6779" Name="Hách Phiêu Tịnh" MinimapName="Trang Sức" VisibleOnMinimap="1" Title="Chủ Tiệm Trang Sức - Liên Máy Chủ" X="9210" Y="5170" Dir="1" ScriptID="26"/>
	<NPC Code="6778" Name="Thẩm Hà Diệp" MinimapName="Phòng Cụ" VisibleOnMinimap="1" Title="Chủ Tiệm Phòng Cụ - Liên Máy Chủ" X="8410" Y="5370" Dir="7" ScriptID="25" />
    <NPC Code="6781" Name="Bất Động Tiên Sinh" MinimapName="Tạp Hóa" VisibleOnMinimap="1" Title="Chủ Tiệm Tạp Hóa - Liên Máy Chủ" X="9870" Y="4130" Dir="1" ScriptID="28"/>
	
	<NPC Code="6782" Name="Đại Lão Bạch" MinimapName="" VisibleOnMinimap="1" Title="Tửu Lầu" X="7421" Y="4330" Dir="5" ScriptID="24"/>
	<NPC Code="6749" Name="Cao Thăng" MinimapName="" VisibleOnMinimap="1" Title="Nghĩa Quân Tinh anh" X="8445" Y="4991" Dir="7" ScriptID="157"/>
	
	<NPC Code="20150" Name="Triệu Nguyên Tịnh Liên sever" MinimapName="Chiêu Mộ Sứ Liên sever (Tống)" VisibleOnMinimap="1" Title="&lt;color=green&gt;Chiêu Mộ Sứ Liên sever (Tống)&lt;/color&gt;" X="7872" Y="3239" Dir="1" ScriptID="218"/>
	<NPC Code="20152" Name="Hoàn Nhan Long Húc Liên sever" MinimapName="Chiêu Mộ Sứ Liên sever (Kim)" VisibleOnMinimap="1" Title="&lt;color=green&gt;Chiêu Mộ Sứ Liên sever (Kim)&lt;/color&gt;" X="10944" Y="4649" Dir="1" ScriptID="219"/>
  </NPCs>
</Map>