<?xml version="1.0" encoding="utf-8"?>
<ArrayOfExpBookLoading xmlns:xsi="http://www.w3.org/2001/XMLSchema-instance" xmlns:xsd="http://www.w3.org/2001/XMLSchema">
  <ExpBookLoading BookLevel="1" Level="1" Exp="200" />
  <ExpBookLoading BookLevel="1" Level="2" Exp="300" />
  <ExpBookLoading BookLevel="1" Level="3" Exp="400" />
  <ExpBookLoading BookLevel="1" Level="4" Exp="500" />
  <ExpBookLoading BookLevel="1" Level="5" Exp="600" />
  <ExpBookLoading BookLevel="1" Level="6" Exp="700" />
  <ExpBookLoading BookLevel="1" Level="7" Exp="800" />
  <ExpBookLoading BookLevel="1" Level="8" Exp="900" />
  <ExpBookLoading BookLevel="1" Level="9" Exp="1000" />
  <ExpBookLoading BookLevel="1" Level="10" Exp="1100" />
  <ExpBookLoading BookLevel="1" Level="11" Exp="1200" />
  <ExpBookLoading BookLevel="1" Level="12" Exp="1300" />
  <ExpBookLoading BookLevel="1" Level="13" Exp="1400" />
  <ExpBookLoading BookLevel="1" Level="14" Exp="1500" />
  <ExpBookLoading BookLevel="1" Level="15" Exp="1600" />
  <ExpBookLoading BookLevel="1" Level="16" Exp="1700" />
  <ExpBookLoading BookLevel="1" Level="17" Exp="1800" />
  <ExpBookLoading BookLevel="1" Level="18" Exp="1900" />
  <ExpBookLoading BookLevel="1" Level="19" Exp="2000" />
  <ExpBookLoading BookLevel="1" Level="20" Exp="2100" />
  <ExpBookLoading BookLevel="1" Level="21" Exp="2200" />
  <ExpBookLoading BookLevel="1" Level="22" Exp="2300" />
  <ExpBookLoading BookLevel="1" Level="23" Exp="2400" />
  <ExpBookLoading BookLevel="1" Level="24" Exp="2500" />
  <ExpBookLoading BookLevel="1" Level="25" Exp="2600" />
  <ExpBookLoading BookLevel="1" Level="26" Exp="2700" />
  <ExpBookLoading BookLevel="1" Level="27" Exp="2800" />
  <ExpBookLoading BookLevel="1" Level="28" Exp="2900" />
  <ExpBookLoading BookLevel="1" Level="29" Exp="3000" />
  <ExpBookLoading BookLevel="1" Level="30" Exp="3100" />
  <ExpBookLoading BookLevel="1" Level="31" Exp="3200" />
  <ExpBookLoading BookLevel="1" Level="32" Exp="3300" />
  <ExpBookLoading BookLevel="1" Level="33" Exp="3400" />
  <ExpBookLoading BookLevel="1" Level="34" Exp="3500" />
  <ExpBookLoading BookLevel="1" Level="35" Exp="3600" />
  <ExpBookLoading BookLevel="1" Level="36" Exp="3700" />
  <ExpBookLoading BookLevel="1" Level="37" Exp="3800" />
  <ExpBookLoading BookLevel="1" Level="38" Exp="3900" />
  <ExpBookLoading BookLevel="1" Level="39" Exp="4000" />
  <ExpBookLoading BookLevel="1" Level="40" Exp="4100" />
  <ExpBookLoading BookLevel="1" Level="41" Exp="4200" />
  <ExpBookLoading BookLevel="1" Level="42" Exp="4300" />
  <ExpBookLoading BookLevel="1" Level="43" Exp="4400" />
  <ExpBookLoading BookLevel="1" Level="44" Exp="4500" />
  <ExpBookLoading BookLevel="1" Level="45" Exp="4600" />
  <ExpBookLoading BookLevel="1" Level="46" Exp="4700" />
  <ExpBookLoading BookLevel="1" Level="47" Exp="4800" />
  <ExpBookLoading BookLevel="1" Level="48" Exp="4900" />
  <ExpBookLoading BookLevel="1" Level="49" Exp="5000" />
  <ExpBookLoading BookLevel="1" Level="50" Exp="5100" />
  <ExpBookLoading BookLevel="1" Level="51" Exp="5200" />
  <ExpBookLoading BookLevel="1" Level="52" Exp="5300" />
  <ExpBookLoading BookLevel="1" Level="53" Exp="5400" />
  <ExpBookLoading BookLevel="1" Level="54" Exp="5500" />
  <ExpBookLoading BookLevel="1" Level="55" Exp="5600" />
  <ExpBookLoading BookLevel="1" Level="56" Exp="5700" />
  <ExpBookLoading BookLevel="1" Level="57" Exp="5800" />
  <ExpBookLoading BookLevel="1" Level="58" Exp="5900" />
  <ExpBookLoading BookLevel="1" Level="59" Exp="6000" />
  <ExpBookLoading BookLevel="1" Level="60" Exp="6100" />
  <ExpBookLoading BookLevel="1" Level="61" Exp="6200" />
  <ExpBookLoading BookLevel="1" Level="62" Exp="6300" />
  <ExpBookLoading BookLevel="1" Level="63" Exp="6400" />
  <ExpBookLoading BookLevel="1" Level="64" Exp="6500" />
  <ExpBookLoading BookLevel="1" Level="65" Exp="6600" />
  <ExpBookLoading BookLevel="1" Level="66" Exp="6700" />
  <ExpBookLoading BookLevel="1" Level="67" Exp="6800" />
  <ExpBookLoading BookLevel="1" Level="68" Exp="6900" />
  <ExpBookLoading BookLevel="1" Level="69" Exp="7000" />
  <ExpBookLoading BookLevel="1" Level="70" Exp="7100" />
  <ExpBookLoading BookLevel="1" Level="71" Exp="7200" />
  <ExpBookLoading BookLevel="1" Level="72" Exp="7300" />
  <ExpBookLoading BookLevel="1" Level="73" Exp="7400" />
  <ExpBookLoading BookLevel="1" Level="74" Exp="7500" />
  <ExpBookLoading BookLevel="1" Level="75" Exp="7600" />
  <ExpBookLoading BookLevel="1" Level="76" Exp="7700" />
  <ExpBookLoading BookLevel="1" Level="77" Exp="7800" />
  <ExpBookLoading BookLevel="1" Level="78" Exp="7900" />
  <ExpBookLoading BookLevel="1" Level="79" Exp="8000" />
  <ExpBookLoading BookLevel="1" Level="80" Exp="8100" />
  <ExpBookLoading BookLevel="1" Level="81" Exp="8200" />
  <ExpBookLoading BookLevel="1" Level="82" Exp="8300" />
  <ExpBookLoading BookLevel="1" Level="83" Exp="8400" />
  <ExpBookLoading BookLevel="1" Level="84" Exp="8500" />
  <ExpBookLoading BookLevel="1" Level="85" Exp="8600" />
  <ExpBookLoading BookLevel="1" Level="86" Exp="8700" />
  <ExpBookLoading BookLevel="1" Level="87" Exp="8800" />
  <ExpBookLoading BookLevel="1" Level="88" Exp="8900" />
  <ExpBookLoading BookLevel="1" Level="89" Exp="9000" />
  <ExpBookLoading BookLevel="1" Level="90" Exp="9100" />
  <ExpBookLoading BookLevel="1" Level="91" Exp="9200" />
  <ExpBookLoading BookLevel="1" Level="92" Exp="9300" />
  <ExpBookLoading BookLevel="1" Level="93" Exp="9400" />
  <ExpBookLoading BookLevel="1" Level="94" Exp="9500" />
  <ExpBookLoading BookLevel="1" Level="95" Exp="9600" />
  <ExpBookLoading BookLevel="1" Level="96" Exp="9700" />
  <ExpBookLoading BookLevel="1" Level="97" Exp="9800" />
  <ExpBookLoading BookLevel="1" Level="98" Exp="9900" />
  <ExpBookLoading BookLevel="1" Level="99" Exp="10000" />
  <ExpBookLoading BookLevel="1" Level="100" Exp="0" />
  <ExpBookLoading BookLevel="2" Level="1" Exp="240" />
  <ExpBookLoading BookLevel="2" Level="2" Exp="360" />
  <ExpBookLoading BookLevel="2" Level="3" Exp="480" />
  <ExpBookLoading BookLevel="2" Level="4" Exp="600" />
  <ExpBookLoading BookLevel="2" Level="5" Exp="720" />
  <ExpBookLoading BookLevel="2" Level="6" Exp="840" />
  <ExpBookLoading BookLevel="2" Level="7" Exp="960" />
  <ExpBookLoading BookLevel="2" Level="8" Exp="1080" />
  <ExpBookLoading BookLevel="2" Level="9" Exp="1200" />
  <ExpBookLoading BookLevel="2" Level="10" Exp="1320" />
  <ExpBookLoading BookLevel="2" Level="11" Exp="1440" />
  <ExpBookLoading BookLevel="2" Level="12" Exp="1560" />
  <ExpBookLoading BookLevel="2" Level="13" Exp="1680" />
  <ExpBookLoading BookLevel="2" Level="14" Exp="1800" />
  <ExpBookLoading BookLevel="2" Level="15" Exp="1920" />
  <ExpBookLoading BookLevel="2" Level="16" Exp="2040" />
  <ExpBookLoading BookLevel="2" Level="17" Exp="2160" />
  <ExpBookLoading BookLevel="2" Level="18" Exp="2280" />
  <ExpBookLoading BookLevel="2" Level="19" Exp="2400" />
  <ExpBookLoading BookLevel="2" Level="20" Exp="2520" />
  <ExpBookLoading BookLevel="2" Level="21" Exp="2640" />
  <ExpBookLoading BookLevel="2" Level="22" Exp="2760" />
  <ExpBookLoading BookLevel="2" Level="23" Exp="2880" />
  <ExpBookLoading BookLevel="2" Level="24" Exp="3000" />
  <ExpBookLoading BookLevel="2" Level="25" Exp="3120" />
  <ExpBookLoading BookLevel="2" Level="26" Exp="3240" />
  <ExpBookLoading BookLevel="2" Level="27" Exp="3360" />
  <ExpBookLoading BookLevel="2" Level="28" Exp="3480" />
  <ExpBookLoading BookLevel="2" Level="29" Exp="3600" />
  <ExpBookLoading BookLevel="2" Level="30" Exp="3720" />
  <ExpBookLoading BookLevel="2" Level="31" Exp="3840" />
  <ExpBookLoading BookLevel="2" Level="32" Exp="3960" />
  <ExpBookLoading BookLevel="2" Level="33" Exp="4080" />
  <ExpBookLoading BookLevel="2" Level="34" Exp="4200" />
  <ExpBookLoading BookLevel="2" Level="35" Exp="4320" />
  <ExpBookLoading BookLevel="2" Level="36" Exp="4440" />
  <ExpBookLoading BookLevel="2" Level="37" Exp="4560" />
  <ExpBookLoading BookLevel="2" Level="38" Exp="4680" />
  <ExpBookLoading BookLevel="2" Level="39" Exp="4800" />
  <ExpBookLoading BookLevel="2" Level="40" Exp="4920" />
  <ExpBookLoading BookLevel="2" Level="41" Exp="5040" />
  <ExpBookLoading BookLevel="2" Level="42" Exp="5160" />
  <ExpBookLoading BookLevel="2" Level="43" Exp="5280" />
  <ExpBookLoading BookLevel="2" Level="44" Exp="5400" />
  <ExpBookLoading BookLevel="2" Level="45" Exp="5520" />
  <ExpBookLoading BookLevel="2" Level="46" Exp="5640" />
  <ExpBookLoading BookLevel="2" Level="47" Exp="5760" />
  <ExpBookLoading BookLevel="2" Level="48" Exp="5880" />
  <ExpBookLoading BookLevel="2" Level="49" Exp="6000" />
  <ExpBookLoading BookLevel="2" Level="50" Exp="6120" />
  <ExpBookLoading BookLevel="2" Level="51" Exp="6240" />
  <ExpBookLoading BookLevel="2" Level="52" Exp="6360" />
  <ExpBookLoading BookLevel="2" Level="53" Exp="6480" />
  <ExpBookLoading BookLevel="2" Level="54" Exp="6600" />
  <ExpBookLoading BookLevel="2" Level="55" Exp="6720" />
  <ExpBookLoading BookLevel="2" Level="56" Exp="6840" />
  <ExpBookLoading BookLevel="2" Level="57" Exp="6960" />
  <ExpBookLoading BookLevel="2" Level="58" Exp="7080" />
  <ExpBookLoading BookLevel="2" Level="59" Exp="7200" />
  <ExpBookLoading BookLevel="2" Level="60" Exp="7320" />
  <ExpBookLoading BookLevel="2" Level="61" Exp="7440" />
  <ExpBookLoading BookLevel="2" Level="62" Exp="7560" />
  <ExpBookLoading BookLevel="2" Level="63" Exp="7680" />
  <ExpBookLoading BookLevel="2" Level="64" Exp="7800" />
  <ExpBookLoading BookLevel="2" Level="65" Exp="7920" />
  <ExpBookLoading BookLevel="2" Level="66" Exp="8040" />
  <ExpBookLoading BookLevel="2" Level="67" Exp="8160" />
  <ExpBookLoading BookLevel="2" Level="68" Exp="8280" />
  <ExpBookLoading BookLevel="2" Level="69" Exp="8400" />
  <ExpBookLoading BookLevel="2" Level="70" Exp="8520" />
  <ExpBookLoading BookLevel="2" Level="71" Exp="8640" />
  <ExpBookLoading BookLevel="2" Level="72" Exp="8760" />
  <ExpBookLoading BookLevel="2" Level="73" Exp="8880" />
  <ExpBookLoading BookLevel="2" Level="74" Exp="9000" />
  <ExpBookLoading BookLevel="2" Level="75" Exp="9120" />
  <ExpBookLoading BookLevel="2" Level="76" Exp="9240" />
  <ExpBookLoading BookLevel="2" Level="77" Exp="9360" />
  <ExpBookLoading BookLevel="2" Level="78" Exp="9480" />
  <ExpBookLoading BookLevel="2" Level="79" Exp="9600" />
  <ExpBookLoading BookLevel="2" Level="80" Exp="9720" />
  <ExpBookLoading BookLevel="2" Level="81" Exp="9840" />
  <ExpBookLoading BookLevel="2" Level="82" Exp="9960" />
  <ExpBookLoading BookLevel="2" Level="83" Exp="10080" />
  <ExpBookLoading BookLevel="2" Level="84" Exp="10200" />
  <ExpBookLoading BookLevel="2" Level="85" Exp="10320" />
  <ExpBookLoading BookLevel="2" Level="86" Exp="10440" />
  <ExpBookLoading BookLevel="2" Level="87" Exp="10560" />
  <ExpBookLoading BookLevel="2" Level="88" Exp="10680" />
  <ExpBookLoading BookLevel="2" Level="89" Exp="10800" />
  <ExpBookLoading BookLevel="2" Level="90" Exp="10920" />
  <ExpBookLoading BookLevel="2" Level="91" Exp="11040" />
  <ExpBookLoading BookLevel="2" Level="92" Exp="11160" />
  <ExpBookLoading BookLevel="2" Level="93" Exp="11280" />
  <ExpBookLoading BookLevel="2" Level="94" Exp="11400" />
  <ExpBookLoading BookLevel="2" Level="95" Exp="11520" />
  <ExpBookLoading BookLevel="2" Level="96" Exp="11640" />
  <ExpBookLoading BookLevel="2" Level="97" Exp="11760" />
  <ExpBookLoading BookLevel="2" Level="98" Exp="11880" />
  <ExpBookLoading BookLevel="2" Level="99" Exp="12000" />
  <ExpBookLoading BookLevel="2" Level="100" Exp="0" />
  <ExpBookLoading BookLevel="3" Level="1" Exp="240" />
  <ExpBookLoading BookLevel="3" Level="2" Exp="360" />
  <ExpBookLoading BookLevel="3" Level="3" Exp="480" />
  <ExpBookLoading BookLevel="3" Level="4" Exp="600" />
  <ExpBookLoading BookLevel="3" Level="5" Exp="720" />
  <ExpBookLoading BookLevel="3" Level="6" Exp="840" />
  <ExpBookLoading BookLevel="3" Level="7" Exp="960" />
  <ExpBookLoading BookLevel="3" Level="8" Exp="1080" />
  <ExpBookLoading BookLevel="3" Level="9" Exp="1200" />
  <ExpBookLoading BookLevel="3" Level="10" Exp="1320" />
  <ExpBookLoading BookLevel="3" Level="11" Exp="1440" />
  <ExpBookLoading BookLevel="3" Level="12" Exp="1560" />
  <ExpBookLoading BookLevel="3" Level="13" Exp="1680" />
  <ExpBookLoading BookLevel="3" Level="14" Exp="1800" />
  <ExpBookLoading BookLevel="3" Level="15" Exp="1920" />
  <ExpBookLoading BookLevel="3" Level="16" Exp="2040" />
  <ExpBookLoading BookLevel="3" Level="17" Exp="2160" />
  <ExpBookLoading BookLevel="3" Level="18" Exp="2280" />
  <ExpBookLoading BookLevel="3" Level="19" Exp="2400" />
  <ExpBookLoading BookLevel="3" Level="20" Exp="2520" />
  <ExpBookLoading BookLevel="3" Level="21" Exp="2640" />
  <ExpBookLoading BookLevel="3" Level="22" Exp="2760" />
  <ExpBookLoading BookLevel="3" Level="23" Exp="2880" />
  <ExpBookLoading BookLevel="3" Level="24" Exp="3000" />
  <ExpBookLoading BookLevel="3" Level="25" Exp="3120" />
  <ExpBookLoading BookLevel="3" Level="26" Exp="3240" />
  <ExpBookLoading BookLevel="3" Level="27" Exp="3360" />
  <ExpBookLoading BookLevel="3" Level="28" Exp="3480" />
  <ExpBookLoading BookLevel="3" Level="29" Exp="3600" />
  <ExpBookLoading BookLevel="3" Level="30" Exp="3720" />
  <ExpBookLoading BookLevel="3" Level="31" Exp="3840" />
  <ExpBookLoading BookLevel="3" Level="32" Exp="3960" />
  <ExpBookLoading BookLevel="3" Level="33" Exp="4080" />
  <ExpBookLoading BookLevel="3" Level="34" Exp="4200" />
  <ExpBookLoading BookLevel="3" Level="35" Exp="4320" />
  <ExpBookLoading BookLevel="3" Level="36" Exp="4440" />
  <ExpBookLoading BookLevel="3" Level="37" Exp="4560" />
  <ExpBookLoading BookLevel="3" Level="38" Exp="4680" />
  <ExpBookLoading BookLevel="3" Level="39" Exp="4800" />
  <ExpBookLoading BookLevel="3" Level="40" Exp="4920" />
  <ExpBookLoading BookLevel="3" Level="41" Exp="5040" />
  <ExpBookLoading BookLevel="3" Level="42" Exp="5160" />
  <ExpBookLoading BookLevel="3" Level="43" Exp="5280" />
  <ExpBookLoading BookLevel="3" Level="44" Exp="5400" />
  <ExpBookLoading BookLevel="3" Level="45" Exp="5520" />
  <ExpBookLoading BookLevel="3" Level="46" Exp="5640" />
  <ExpBookLoading BookLevel="3" Level="47" Exp="5760" />
  <ExpBookLoading BookLevel="3" Level="48" Exp="5880" />
  <ExpBookLoading BookLevel="3" Level="49" Exp="6000" />
  <ExpBookLoading BookLevel="3" Level="50" Exp="6120" />
  <ExpBookLoading BookLevel="3" Level="51" Exp="6240" />
  <ExpBookLoading BookLevel="3" Level="52" Exp="6360" />
  <ExpBookLoading BookLevel="3" Level="53" Exp="6480" />
  <ExpBookLoading BookLevel="3" Level="54" Exp="6600" />
  <ExpBookLoading BookLevel="3" Level="55" Exp="6720" />
  <ExpBookLoading BookLevel="3" Level="56" Exp="6840" />
  <ExpBookLoading BookLevel="3" Level="57" Exp="6960" />
  <ExpBookLoading BookLevel="3" Level="58" Exp="7080" />
  <ExpBookLoading BookLevel="3" Level="59" Exp="7200" />
  <ExpBookLoading BookLevel="3" Level="60" Exp="7320" />
  <ExpBookLoading BookLevel="3" Level="61" Exp="7440" />
  <ExpBookLoading BookLevel="3" Level="62" Exp="7560" />
  <ExpBookLoading BookLevel="3" Level="63" Exp="7680" />
  <ExpBookLoading BookLevel="3" Level="64" Exp="7800" />
  <ExpBookLoading BookLevel="3" Level="65" Exp="7920" />
  <ExpBookLoading BookLevel="3" Level="66" Exp="8040" />
  <ExpBookLoading BookLevel="3" Level="67" Exp="8160" />
  <ExpBookLoading BookLevel="3" Level="68" Exp="8280" />
  <ExpBookLoading BookLevel="3" Level="69" Exp="8400" />
  <ExpBookLoading BookLevel="3" Level="70" Exp="8520" />
  <ExpBookLoading BookLevel="3" Level="71" Exp="8640" />
  <ExpBookLoading BookLevel="3" Level="72" Exp="8760" />
  <ExpBookLoading BookLevel="3" Level="73" Exp="8880" />
  <ExpBookLoading BookLevel="3" Level="74" Exp="9000" />
  <ExpBookLoading BookLevel="3" Level="75" Exp="9120" />
  <ExpBookLoading BookLevel="3" Level="76" Exp="9240" />
  <ExpBookLoading BookLevel="3" Level="77" Exp="9360" />
  <ExpBookLoading BookLevel="3" Level="78" Exp="9480" />
  <ExpBookLoading BookLevel="3" Level="79" Exp="9600" />
  <ExpBookLoading BookLevel="3" Level="80" Exp="9720" />
  <ExpBookLoading BookLevel="3" Level="81" Exp="9840" />
  <ExpBookLoading BookLevel="3" Level="82" Exp="9960" />
  <ExpBookLoading BookLevel="3" Level="83" Exp="10080" />
  <ExpBookLoading BookLevel="3" Level="84" Exp="10200" />
  <ExpBookLoading BookLevel="3" Level="85" Exp="10320" />
  <ExpBookLoading BookLevel="3" Level="86" Exp="10440" />
  <ExpBookLoading BookLevel="3" Level="87" Exp="10560" />
  <ExpBookLoading BookLevel="3" Level="88" Exp="10680" />
  <ExpBookLoading BookLevel="3" Level="89" Exp="10800" />
  <ExpBookLoading BookLevel="3" Level="90" Exp="10920" />
  <ExpBookLoading BookLevel="3" Level="91" Exp="11040" />
  <ExpBookLoading BookLevel="3" Level="92" Exp="11160" />
  <ExpBookLoading BookLevel="3" Level="93" Exp="11280" />
  <ExpBookLoading BookLevel="3" Level="94" Exp="11400" />
  <ExpBookLoading BookLevel="3" Level="95" Exp="11520" />
  <ExpBookLoading BookLevel="3" Level="96" Exp="11640" />
  <ExpBookLoading BookLevel="3" Level="97" Exp="11760" />
  <ExpBookLoading BookLevel="3" Level="98" Exp="11880" />
  <ExpBookLoading BookLevel="3" Level="99" Exp="12000" />
  <ExpBookLoading BookLevel="3" Level="100" Exp="0" />
</ArrayOfExpBookLoading>