<?xml version="1.0" encoding="utf-8"?>
<ArrayOfSingNetExp xmlns:xsi="http://www.w3.org/2001/XMLSchema-instance" xmlns:xsd="http://www.w3.org/2001/XMLSchema">
  <SingNetExp Level="1" UpgardeExp="20" Value="1000" />
  <SingNetExp Level="2" UpgardeExp="20" Value="1000" />
  <SingNetExp Level="3" UpgardeExp="20" Value="2000" />
  <SingNetExp Level="4" UpgardeExp="20" Value="3000" />
  <SingNetExp Level="5" UpgardeExp="20" Value="4000" />
  <SingNetExp Level="6" UpgardeExp="20" Value="6000" />
  <SingNetExp Level="7" UpgardeExp="20" Value="8000" />
  <SingNetExp Level="8" UpgardeExp="20" Value="10000" />
  <SingNetExp Level="9" UpgardeExp="20" Value="12000" />
  <SingNetExp Level="10" UpgardeExp="30" Value="14000" />
  <SingNetExp Level="11" UpgardeExp="30" Value="17000" />
  <SingNetExp Level="12" UpgardeExp="30" Value="20000" />
  <SingNetExp Level="13" UpgardeExp="30" Value="23000" />
  <SingNetExp Level="14" UpgardeExp="30" Value="26000" />
  <SingNetExp Level="15" UpgardeExp="30" Value="29000" />
  <SingNetExp Level="16" UpgardeExp="30" Value="32000" />
  <SingNetExp Level="17" UpgardeExp="30" Value="35000" />
  <SingNetExp Level="18" UpgardeExp="30" Value="38000" />
  <SingNetExp Level="19" UpgardeExp="30" Value="41000" />
  <SingNetExp Level="20" UpgardeExp="35" Value="44000" />
  <SingNetExp Level="21" UpgardeExp="35" Value="48000" />
  <SingNetExp Level="22" UpgardeExp="35" Value="51000" />
  <SingNetExp Level="23" UpgardeExp="35" Value="55000" />
  <SingNetExp Level="24" UpgardeExp="35" Value="58000" />
  <SingNetExp Level="25" UpgardeExp="35" Value="62000" />
  <SingNetExp Level="26" UpgardeExp="35" Value="65000" />
  <SingNetExp Level="27" UpgardeExp="35" Value="69000" />
  <SingNetExp Level="28" UpgardeExp="35" Value="72000" />
  <SingNetExp Level="29" UpgardeExp="35" Value="76000" />
  <SingNetExp Level="30" UpgardeExp="45" Value="79000" />
  <SingNetExp Level="31" UpgardeExp="45" Value="84000" />
  <SingNetExp Level="32" UpgardeExp="45" Value="88000" />
  <SingNetExp Level="33" UpgardeExp="45" Value="93000" />
  <SingNetExp Level="34" UpgardeExp="45" Value="97000" />
  <SingNetExp Level="35" UpgardeExp="45" Value="102000" />
  <SingNetExp Level="36" UpgardeExp="45" Value="106000" />
  <SingNetExp Level="37" UpgardeExp="45" Value="111000" />
  <SingNetExp Level="38" UpgardeExp="45" Value="115000" />
  <SingNetExp Level="39" UpgardeExp="45" Value="120000" />
  <SingNetExp Level="40" UpgardeExp="45" Value="124000" />
  <SingNetExp Level="41" UpgardeExp="45" Value="129000" />
  <SingNetExp Level="42" UpgardeExp="45" Value="133000" />
  <SingNetExp Level="43" UpgardeExp="45" Value="138000" />
  <SingNetExp Level="44" UpgardeExp="45" Value="142000" />
  <SingNetExp Level="45" UpgardeExp="45" Value="147000" />
  <SingNetExp Level="46" UpgardeExp="45" Value="151000" />
  <SingNetExp Level="47" UpgardeExp="45" Value="156000" />
  <SingNetExp Level="48" UpgardeExp="45" Value="160000" />
  <SingNetExp Level="49" UpgardeExp="45" Value="165000" />
  <SingNetExp Level="50" UpgardeExp="55" Value="169000" />
  <SingNetExp Level="51" UpgardeExp="55" Value="175000" />
  <SingNetExp Level="52" UpgardeExp="55" Value="180000" />
  <SingNetExp Level="53" UpgardeExp="55" Value="186000" />
  <SingNetExp Level="54" UpgardeExp="55" Value="191000" />
  <SingNetExp Level="55" UpgardeExp="55" Value="197000" />
  <SingNetExp Level="56" UpgardeExp="55" Value="202000" />
  <SingNetExp Level="57" UpgardeExp="55" Value="208000" />
  <SingNetExp Level="58" UpgardeExp="55" Value="213000" />
  <SingNetExp Level="59" UpgardeExp="55" Value="219000" />
  <SingNetExp Level="60" UpgardeExp="55" Value="224000" />
  <SingNetExp Level="61" UpgardeExp="55" Value="230000" />
  <SingNetExp Level="62" UpgardeExp="55" Value="235000" />
  <SingNetExp Level="63" UpgardeExp="55" Value="241000" />
  <SingNetExp Level="64" UpgardeExp="55" Value="246000" />
  <SingNetExp Level="65" UpgardeExp="55" Value="252000" />
  <SingNetExp Level="66" UpgardeExp="55" Value="257000" />
  <SingNetExp Level="67" UpgardeExp="55" Value="263000" />
  <SingNetExp Level="68" UpgardeExp="55" Value="268000" />
  <SingNetExp Level="69" UpgardeExp="55" Value="274000" />
  <SingNetExp Level="70" UpgardeExp="65" Value="279000" />
  <SingNetExp Level="71" UpgardeExp="65" Value="286000" />
  <SingNetExp Level="72" UpgardeExp="65" Value="292000" />
  <SingNetExp Level="73" UpgardeExp="65" Value="299000" />
  <SingNetExp Level="74" UpgardeExp="65" Value="305000" />
  <SingNetExp Level="75" UpgardeExp="65" Value="312000" />
  <SingNetExp Level="76" UpgardeExp="65" Value="318000" />
  <SingNetExp Level="77" UpgardeExp="65" Value="325000" />
  <SingNetExp Level="78" UpgardeExp="65" Value="331000" />
  <SingNetExp Level="79" UpgardeExp="65" Value="338000" />
  <SingNetExp Level="80" UpgardeExp="65" Value="344000" />
  <SingNetExp Level="81" UpgardeExp="65" Value="351000" />
  <SingNetExp Level="82" UpgardeExp="65" Value="357000" />
  <SingNetExp Level="83" UpgardeExp="65" Value="364000" />
  <SingNetExp Level="84" UpgardeExp="65" Value="370000" />
  <SingNetExp Level="85" UpgardeExp="65" Value="377000" />
  <SingNetExp Level="86" UpgardeExp="65" Value="383000" />
  <SingNetExp Level="87" UpgardeExp="65" Value="390000" />
  <SingNetExp Level="88" UpgardeExp="65" Value="396000" />
  <SingNetExp Level="89" UpgardeExp="65" Value="403000" />
  <SingNetExp Level="90" UpgardeExp="65" Value="409000" />
  <SingNetExp Level="91" UpgardeExp="65" Value="416000" />
  <SingNetExp Level="92" UpgardeExp="65" Value="422000" />
  <SingNetExp Level="93" UpgardeExp="65" Value="429000" />
  <SingNetExp Level="94" UpgardeExp="65" Value="435000" />
  <SingNetExp Level="95" UpgardeExp="65" Value="442000" />
  <SingNetExp Level="96" UpgardeExp="65" Value="448000" />
  <SingNetExp Level="97" UpgardeExp="65" Value="455000" />
  <SingNetExp Level="98" UpgardeExp="65" Value="461000" />
  <SingNetExp Level="99" UpgardeExp="65" Value="468000" />
  <SingNetExp Level="100" UpgardeExp="65" Value="474000" />
  <SingNetExp Level="101" UpgardeExp="65" Value="481000" />
  <SingNetExp Level="102" UpgardeExp="65" Value="487000" />
  <SingNetExp Level="103" UpgardeExp="65" Value="494000" />
  <SingNetExp Level="104" UpgardeExp="65" Value="500000" />
  <SingNetExp Level="105" UpgardeExp="65" Value="507000" />
  <SingNetExp Level="106" UpgardeExp="65" Value="513000" />
  <SingNetExp Level="107" UpgardeExp="65" Value="520000" />
  <SingNetExp Level="108" UpgardeExp="65" Value="526000" />
  <SingNetExp Level="109" UpgardeExp="65" Value="533000" />
  <SingNetExp Level="110" UpgardeExp="65" Value="539000" />
  <SingNetExp Level="111" UpgardeExp="65" Value="546000" />
  <SingNetExp Level="112" UpgardeExp="65" Value="552000" />
  <SingNetExp Level="113" UpgardeExp="65" Value="559000" />
  <SingNetExp Level="114" UpgardeExp="65" Value="565000" />
  <SingNetExp Level="115" UpgardeExp="65" Value="572000" />
  <SingNetExp Level="116" UpgardeExp="65" Value="578000" />
  <SingNetExp Level="117" UpgardeExp="65" Value="585000" />
  <SingNetExp Level="118" UpgardeExp="65" Value="591000" />
  <SingNetExp Level="119" UpgardeExp="65" Value="598000" />
  <SingNetExp Level="120" UpgardeExp="75" Value="604000" />
  <SingNetExp Level="121" UpgardeExp="75" Value="612000" />
  <SingNetExp Level="122" UpgardeExp="75" Value="619000" />
  <SingNetExp Level="123" UpgardeExp="75" Value="627000" />
  <SingNetExp Level="124" UpgardeExp="75" Value="634000" />
  <SingNetExp Level="125" UpgardeExp="75" Value="642000" />
  <SingNetExp Level="126" UpgardeExp="75" Value="649000" />
  <SingNetExp Level="127" UpgardeExp="75" Value="657000" />
  <SingNetExp Level="128" UpgardeExp="75" Value="664000" />
  <SingNetExp Level="129" UpgardeExp="75" Value="672000" />
  <SingNetExp Level="130" UpgardeExp="75" Value="679000" />
  <SingNetExp Level="131" UpgardeExp="75" Value="687000" />
  <SingNetExp Level="132" UpgardeExp="75" Value="694000" />
  <SingNetExp Level="133" UpgardeExp="75" Value="702000" />
  <SingNetExp Level="134" UpgardeExp="75" Value="709000" />
  <SingNetExp Level="135" UpgardeExp="75" Value="717000" />
  <SingNetExp Level="136" UpgardeExp="75" Value="724000" />
  <SingNetExp Level="137" UpgardeExp="75" Value="732000" />
  <SingNetExp Level="138" UpgardeExp="75" Value="739000" />
  <SingNetExp Level="139" UpgardeExp="75" Value="747000" />
  <SingNetExp Level="140" UpgardeExp="75" Value="754000" />
  <SingNetExp Level="141" UpgardeExp="75" Value="762000" />
  <SingNetExp Level="142" UpgardeExp="75" Value="769000" />
  <SingNetExp Level="143" UpgardeExp="75" Value="777000" />
  <SingNetExp Level="144" UpgardeExp="75" Value="784000" />
  <SingNetExp Level="145" UpgardeExp="75" Value="792000" />
  <SingNetExp Level="146" UpgardeExp="75" Value="799000" />
  <SingNetExp Level="147" UpgardeExp="75" Value="807000" />
  <SingNetExp Level="148" UpgardeExp="75" Value="814000" />
  <SingNetExp Level="149" UpgardeExp="75" Value="822000" />
  <SingNetExp Level="150" UpgardeExp="75" Value="829000" />
  <SingNetExp Level="151" UpgardeExp="75" Value="837000" />
  <SingNetExp Level="152" UpgardeExp="75" Value="844000" />
  <SingNetExp Level="153" UpgardeExp="75" Value="852000" />
  <SingNetExp Level="154" UpgardeExp="75" Value="859000" />
  <SingNetExp Level="155" UpgardeExp="75" Value="867000" />
  <SingNetExp Level="156" UpgardeExp="75" Value="874000" />
  <SingNetExp Level="157" UpgardeExp="75" Value="882000" />
  <SingNetExp Level="158" UpgardeExp="75" Value="889000" />
  <SingNetExp Level="159" UpgardeExp="75" Value="897000" />
  <SingNetExp Level="160" UpgardeExp="75" Value="904000" />
  <SingNetExp Level="161" UpgardeExp="75" Value="912000" />
  <SingNetExp Level="162" UpgardeExp="75" Value="919000" />
  <SingNetExp Level="163" UpgardeExp="75" Value="927000" />
  <SingNetExp Level="164" UpgardeExp="75" Value="934000" />
  <SingNetExp Level="165" UpgardeExp="75" Value="942000" />
  <SingNetExp Level="166" UpgardeExp="80" Value="949000" />
  <SingNetExp Level="167" UpgardeExp="80" Value="957000" />
  <SingNetExp Level="168" UpgardeExp="80" Value="965000" />
  <SingNetExp Level="169" UpgardeExp="80" Value="973000" />
  <SingNetExp Level="170" UpgardeExp="80" Value="981000" />
  <SingNetExp Level="171" UpgardeExp="80" Value="989000" />
  <SingNetExp Level="172" UpgardeExp="80" Value="997000" />
  <SingNetExp Level="173" UpgardeExp="80" Value="1005000" />
  <SingNetExp Level="174" UpgardeExp="80" Value="1013000" />
  <SingNetExp Level="175" UpgardeExp="80" Value="1021000" />
  <SingNetExp Level="176" UpgardeExp="80" Value="1029000" />
  <SingNetExp Level="177" UpgardeExp="80" Value="1037000" />
  <SingNetExp Level="178" UpgardeExp="80" Value="1045000" />
  <SingNetExp Level="179" UpgardeExp="80" Value="1053000" />
  <SingNetExp Level="180" UpgardeExp="80" Value="1061000" />
  <SingNetExp Level="181" UpgardeExp="80" Value="1069000" />
  <SingNetExp Level="182" UpgardeExp="80" Value="1077000" />
  <SingNetExp Level="183" UpgardeExp="80" Value="1085000" />
  <SingNetExp Level="184" UpgardeExp="85" Value="1093000" />
  <SingNetExp Level="185" UpgardeExp="85" Value="1102000" />
  <SingNetExp Level="186" UpgardeExp="85" Value="1110000" />
  <SingNetExp Level="187" UpgardeExp="85" Value="1119000" />
  <SingNetExp Level="188" UpgardeExp="85" Value="1127000" />
  <SingNetExp Level="189" UpgardeExp="85" Value="1136000" />
  <SingNetExp Level="190" UpgardeExp="85" Value="1144000" />
  <SingNetExp Level="191" UpgardeExp="85" Value="1153000" />
  <SingNetExp Level="192" UpgardeExp="85" Value="1161000" />
  <SingNetExp Level="193" UpgardeExp="85" Value="1170000" />
  <SingNetExp Level="194" UpgardeExp="85" Value="1178000" />
  <SingNetExp Level="195" UpgardeExp="85" Value="1187000" />
  <SingNetExp Level="196" UpgardeExp="85" Value="1195000" />
  <SingNetExp Level="197" UpgardeExp="85" Value="1204000" />
  <SingNetExp Level="198" UpgardeExp="90" Value="1212000" />
  <SingNetExp Level="199" UpgardeExp="90" Value="1221000" />
  <SingNetExp Level="200" UpgardeExp="90" Value="1230000" />
  <SingNetExp Level="201" UpgardeExp="90" Value="1239000" />
  <SingNetExp Level="202" UpgardeExp="90" Value="1248000" />
  <SingNetExp Level="203" UpgardeExp="90" Value="1257000" />
  <SingNetExp Level="204" UpgardeExp="90" Value="1266000" />
  <SingNetExp Level="205" UpgardeExp="90" Value="1275000" />
  <SingNetExp Level="206" UpgardeExp="90" Value="1284000" />
  <SingNetExp Level="207" UpgardeExp="90" Value="1293000" />
  <SingNetExp Level="208" UpgardeExp="90" Value="1302000" />
  <SingNetExp Level="209" UpgardeExp="95" Value="1311000" />
  <SingNetExp Level="210" UpgardeExp="95" Value="1321000" />
  <SingNetExp Level="211" UpgardeExp="95" Value="1330000" />
  <SingNetExp Level="212" UpgardeExp="95" Value="1340000" />
  <SingNetExp Level="213" UpgardeExp="95" Value="1349000" />
  <SingNetExp Level="214" UpgardeExp="95" Value="1359000" />
  <SingNetExp Level="215" UpgardeExp="95" Value="1368000" />
  <SingNetExp Level="216" UpgardeExp="95" Value="1378000" />
  <SingNetExp Level="217" UpgardeExp="95" Value="1387000" />
  <SingNetExp Level="218" UpgardeExp="95" Value="1397000" />
  <SingNetExp Level="219" UpgardeExp="95" Value="1406000" />
  <SingNetExp Level="220" UpgardeExp="100" Value="1416000" />
  <SingNetExp Level="221" UpgardeExp="100" Value="1426000" />
  <SingNetExp Level="222" UpgardeExp="100" Value="1436000" />
  <SingNetExp Level="223" UpgardeExp="100" Value="1446000" />
  <SingNetExp Level="224" UpgardeExp="100" Value="1456000" />
  <SingNetExp Level="225" UpgardeExp="100" Value="1466000" />
  <SingNetExp Level="226" UpgardeExp="100" Value="1476000" />
  <SingNetExp Level="227" UpgardeExp="100" Value="1486000" />
  <SingNetExp Level="228" UpgardeExp="100" Value="1496000" />
  <SingNetExp Level="229" UpgardeExp="105" Value="1506000" />
  <SingNetExp Level="230" UpgardeExp="105" Value="1516000" />
  <SingNetExp Level="231" UpgardeExp="105" Value="1527000" />
  <SingNetExp Level="232" UpgardeExp="105" Value="1537000" />
  <SingNetExp Level="233" UpgardeExp="105" Value="1548000" />
  <SingNetExp Level="234" UpgardeExp="105" Value="1558000" />
  <SingNetExp Level="235" UpgardeExp="105" Value="1569000" />
  <SingNetExp Level="236" UpgardeExp="105" Value="1579000" />
  <SingNetExp Level="237" UpgardeExp="110" Value="1590000" />
  <SingNetExp Level="238" UpgardeExp="110" Value="1601000" />
  <SingNetExp Level="239" UpgardeExp="110" Value="1612000" />
  <SingNetExp Level="240" UpgardeExp="110" Value="1623000" />
  <SingNetExp Level="241" UpgardeExp="110" Value="1634000" />
  <SingNetExp Level="242" UpgardeExp="110" Value="1645000" />
  <SingNetExp Level="243" UpgardeExp="110" Value="1656000" />
  <SingNetExp Level="244" UpgardeExp="110" Value="1667000" />
  <SingNetExp Level="245" UpgardeExp="120" Value="1678000" />
  <SingNetExp Level="246" UpgardeExp="120" Value="1690000" />
  <SingNetExp Level="247" UpgardeExp="120" Value="1702000" />
  <SingNetExp Level="248" UpgardeExp="120" Value="1714000" />
  <SingNetExp Level="249" UpgardeExp="120" Value="1726000" />
  <SingNetExp Level="250" UpgardeExp="120" Value="1738000" />
  <SingNetExp Level="251" UpgardeExp="120" Value="1750000" />
  <SingNetExp Level="252" UpgardeExp="120" Value="1762000" />
  <SingNetExp Level="253" UpgardeExp="125" Value="1774000" />
  <SingNetExp Level="254" UpgardeExp="125" Value="1786000" />
  <SingNetExp Level="255" UpgardeExp="125" Value="1799000" />
  <SingNetExp Level="256" UpgardeExp="125" Value="1811000" />
  <SingNetExp Level="257" UpgardeExp="125" Value="1824000" />
  <SingNetExp Level="258" UpgardeExp="125" Value="1836000" />
  <SingNetExp Level="259" UpgardeExp="125" Value="1849000" />
  <SingNetExp Level="260" UpgardeExp="130" Value="1861000" />
  <SingNetExp Level="261" UpgardeExp="130" Value="1874000" />
  <SingNetExp Level="262" UpgardeExp="130" Value="1887000" />
  <SingNetExp Level="263" UpgardeExp="130" Value="1900000" />
  <SingNetExp Level="264" UpgardeExp="130" Value="1913000" />
  <SingNetExp Level="265" UpgardeExp="130" Value="1926000" />
  <SingNetExp Level="266" UpgardeExp="135" Value="1939000" />
  <SingNetExp Level="267" UpgardeExp="135" Value="1953000" />
  <SingNetExp Level="268" UpgardeExp="135" Value="1966000" />
  <SingNetExp Level="269" UpgardeExp="135" Value="1980000" />
  <SingNetExp Level="270" UpgardeExp="135" Value="1993000" />
  <SingNetExp Level="271" UpgardeExp="135" Value="2007000" />
  <SingNetExp Level="272" UpgardeExp="135" Value="2020000" />
  <SingNetExp Level="273" UpgardeExp="140" Value="2034000" />
  <SingNetExp Level="274" UpgardeExp="140" Value="2048000" />
  <SingNetExp Level="275" UpgardeExp="140" Value="2062000" />
  <SingNetExp Level="276" UpgardeExp="140" Value="2076000" />
  <SingNetExp Level="277" UpgardeExp="140" Value="2090000" />
  <SingNetExp Level="278" UpgardeExp="140" Value="2104000" />
  <SingNetExp Level="279" UpgardeExp="145" Value="2118000" />
  <SingNetExp Level="280" UpgardeExp="145" Value="2132000" />
  <SingNetExp Level="281" UpgardeExp="145" Value="2147000" />
  <SingNetExp Level="282" UpgardeExp="145" Value="2161000" />
  <SingNetExp Level="283" UpgardeExp="145" Value="2176000" />
  <SingNetExp Level="284" UpgardeExp="145" Value="2190000" />
  <SingNetExp Level="285" UpgardeExp="150" Value="2205000" />
  <SingNetExp Level="286" UpgardeExp="150" Value="2220000" />
  <SingNetExp Level="287" UpgardeExp="150" Value="2235000" />
  <SingNetExp Level="288" UpgardeExp="150" Value="2250000" />
  <SingNetExp Level="289" UpgardeExp="150" Value="2265000" />
  <SingNetExp Level="290" UpgardeExp="155" Value="2280000" />
  <SingNetExp Level="291" UpgardeExp="155" Value="2295000" />
  <SingNetExp Level="292" UpgardeExp="155" Value="2311000" />
  <SingNetExp Level="293" UpgardeExp="155" Value="2326000" />
  <SingNetExp Level="294" UpgardeExp="155" Value="2342000" />
  <SingNetExp Level="295" UpgardeExp="155" Value="2357000" />
  <SingNetExp Level="296" UpgardeExp="160" Value="2373000" />
  <SingNetExp Level="297" UpgardeExp="160" Value="2389000" />
  <SingNetExp Level="298" UpgardeExp="160" Value="2405000" />
  <SingNetExp Level="299" UpgardeExp="160" Value="2421000" />
  <SingNetExp Level="300" UpgardeExp="175" Value="2437000" />
  <SingNetExp Level="301" UpgardeExp="180" Value="2454000" />
  <SingNetExp Level="302" UpgardeExp="180" Value="2472000" />
  <SingNetExp Level="303" UpgardeExp="180" Value="2490000" />
  <SingNetExp Level="304" UpgardeExp="180" Value="2508000" />
  <SingNetExp Level="305" UpgardeExp="180" Value="2526000" />
  <SingNetExp Level="306" UpgardeExp="185" Value="2544000" />
  <SingNetExp Level="307" UpgardeExp="185" Value="2563000" />
  <SingNetExp Level="308" UpgardeExp="185" Value="2581000" />
  <SingNetExp Level="309" UpgardeExp="185" Value="2600000" />
  <SingNetExp Level="310" UpgardeExp="185" Value="2618000" />
  <SingNetExp Level="311" UpgardeExp="190" Value="2637000" />
  <SingNetExp Level="312" UpgardeExp="190" Value="2656000" />
  <SingNetExp Level="313" UpgardeExp="190" Value="2675000" />
  <SingNetExp Level="314" UpgardeExp="190" Value="2694000" />
  <SingNetExp Level="315" UpgardeExp="190" Value="2713000" />
  <SingNetExp Level="316" UpgardeExp="195" Value="2732000" />
  <SingNetExp Level="317" UpgardeExp="195" Value="2751000" />
  <SingNetExp Level="318" UpgardeExp="195" Value="2771000" />
  <SingNetExp Level="319" UpgardeExp="195" Value="2790000" />
  <SingNetExp Level="320" UpgardeExp="195" Value="2810000" />
  <SingNetExp Level="321" UpgardeExp="200" Value="2829000" />
  <SingNetExp Level="322" UpgardeExp="200" Value="2849000" />
  <SingNetExp Level="323" UpgardeExp="200" Value="2869000" />
  <SingNetExp Level="324" UpgardeExp="200" Value="2889000" />
  <SingNetExp Level="325" UpgardeExp="200" Value="2909000" />
  <SingNetExp Level="326" UpgardeExp="205" Value="2929000" />
  <SingNetExp Level="327" UpgardeExp="205" Value="2950000" />
  <SingNetExp Level="328" UpgardeExp="205" Value="2970000" />
  <SingNetExp Level="329" UpgardeExp="205" Value="2991000" />
  <SingNetExp Level="330" UpgardeExp="215" Value="3011000" />
  <SingNetExp Level="331" UpgardeExp="215" Value="3033000" />
  <SingNetExp Level="332" UpgardeExp="215" Value="3054000" />
  <SingNetExp Level="333" UpgardeExp="215" Value="3076000" />
  <SingNetExp Level="334" UpgardeExp="215" Value="3097000" />
  <SingNetExp Level="335" UpgardeExp="220" Value="3119000" />
  <SingNetExp Level="336" UpgardeExp="220" Value="3141000" />
  <SingNetExp Level="337" UpgardeExp="220" Value="3163000" />
  <SingNetExp Level="338" UpgardeExp="220" Value="3185000" />
  <SingNetExp Level="339" UpgardeExp="225" Value="3207000" />
  <SingNetExp Level="340" UpgardeExp="225" Value="3229000" />
  <SingNetExp Level="341" UpgardeExp="225" Value="3252000" />
  <SingNetExp Level="342" UpgardeExp="225" Value="3274000" />
  <SingNetExp Level="343" UpgardeExp="230" Value="3297000" />
  <SingNetExp Level="344" UpgardeExp="230" Value="3320000" />
  <SingNetExp Level="345" UpgardeExp="230" Value="3343000" />
  <SingNetExp Level="346" UpgardeExp="230" Value="3366000" />
  <SingNetExp Level="347" UpgardeExp="235" Value="3389000" />
  <SingNetExp Level="348" UpgardeExp="235" Value="3412000" />
  <SingNetExp Level="349" UpgardeExp="235" Value="3436000" />
  <SingNetExp Level="350" UpgardeExp="235" Value="3459000" />
  <SingNetExp Level="351" UpgardeExp="240" Value="3483000" />
  <SingNetExp Level="352" UpgardeExp="240" Value="3507000" />
  <SingNetExp Level="353" UpgardeExp="240" Value="3531000" />
  <SingNetExp Level="354" UpgardeExp="240" Value="3555000" />
  <SingNetExp Level="355" UpgardeExp="245" Value="3579000" />
  <SingNetExp Level="356" UpgardeExp="245" Value="3603000" />
  <SingNetExp Level="357" UpgardeExp="245" Value="3628000" />
  <SingNetExp Level="358" UpgardeExp="245" Value="3652000" />
  <SingNetExp Level="359" UpgardeExp="250" Value="3677000" />
  <SingNetExp Level="360" UpgardeExp="250" Value="3702000" />
  <SingNetExp Level="361" UpgardeExp="250" Value="3727000" />
  <SingNetExp Level="362" UpgardeExp="250" Value="3752000" />
  <SingNetExp Level="363" UpgardeExp="260" Value="3777000" />
  <SingNetExp Level="364" UpgardeExp="260" Value="3803000" />
  <SingNetExp Level="365" UpgardeExp="260" Value="3829000" />
  <SingNetExp Level="366" UpgardeExp="260" Value="3855000" />
  <SingNetExp Level="367" UpgardeExp="265" Value="3881000" />
  <SingNetExp Level="368" UpgardeExp="265" Value="3907000" />
  <SingNetExp Level="369" UpgardeExp="265" Value="3934000" />
  <SingNetExp Level="370" UpgardeExp="265" Value="3960000" />
  <SingNetExp Level="371" UpgardeExp="270" Value="3987000" />
  <SingNetExp Level="372" UpgardeExp="270" Value="4014000" />
  <SingNetExp Level="373" UpgardeExp="270" Value="4041000" />
  <SingNetExp Level="374" UpgardeExp="270" Value="4068000" />
  <SingNetExp Level="375" UpgardeExp="270" Value="4095000" />
  <SingNetExp Level="376" UpgardeExp="270" Value="4122000" />
  <SingNetExp Level="377" UpgardeExp="270" Value="4149000" />
  <SingNetExp Level="378" UpgardeExp="275" Value="4176000" />
  <SingNetExp Level="379" UpgardeExp="275" Value="4203000" />
  <SingNetExp Level="380" UpgardeExp="275" Value="4231000" />
  <SingNetExp Level="381" UpgardeExp="275" Value="4258000" />
  <SingNetExp Level="382" UpgardeExp="280" Value="4286000" />
  <SingNetExp Level="383" UpgardeExp="280" Value="4314000" />
  <SingNetExp Level="384" UpgardeExp="280" Value="4342000" />
  <SingNetExp Level="385" UpgardeExp="280" Value="4370000" />
  <SingNetExp Level="386" UpgardeExp="285" Value="4398000" />
  <SingNetExp Level="387" UpgardeExp="285" Value="4426000" />
  <SingNetExp Level="388" UpgardeExp="285" Value="4455000" />
  <SingNetExp Level="389" UpgardeExp="290" Value="4483000" />
  <SingNetExp Level="390" UpgardeExp="290" Value="4512000" />
  <SingNetExp Level="391" UpgardeExp="290" Value="4541000" />
  <SingNetExp Level="392" UpgardeExp="295" Value="4570000" />
  <SingNetExp Level="393" UpgardeExp="295" Value="4600000" />
  <SingNetExp Level="394" UpgardeExp="295" Value="4629000" />
  <SingNetExp Level="395" UpgardeExp="295" Value="4659000" />
  <SingNetExp Level="396" UpgardeExp="305" Value="4688000" />
  <SingNetExp Level="397" UpgardeExp="305" Value="4719000" />
  <SingNetExp Level="398" UpgardeExp="305" Value="4749000" />
  <SingNetExp Level="399" UpgardeExp="310" Value="4780000" />
  <SingNetExp Level="400" UpgardeExp="310" Value="4811000" />
  <SingNetExp Level="401" UpgardeExp="310" Value="4842000" />
  <SingNetExp Level="402" UpgardeExp="310" Value="4873000" />
  <SingNetExp Level="403" UpgardeExp="315" Value="4904000" />
  <SingNetExp Level="404" UpgardeExp="315" Value="4935000" />
  <SingNetExp Level="405" UpgardeExp="315" Value="4967000" />
  <SingNetExp Level="406" UpgardeExp="320" Value="4998000" />
  <SingNetExp Level="407" UpgardeExp="320" Value="5030000" />
  <SingNetExp Level="408" UpgardeExp="320" Value="5062000" />
  <SingNetExp Level="409" UpgardeExp="325" Value="5094000" />
  <SingNetExp Level="410" UpgardeExp="325" Value="5127000" />
  <SingNetExp Level="411" UpgardeExp="325" Value="5159000" />
  <SingNetExp Level="412" UpgardeExp="330" Value="5192000" />
  <SingNetExp Level="413" UpgardeExp="330" Value="5225000" />
  <SingNetExp Level="414" UpgardeExp="330" Value="5258000" />
  <SingNetExp Level="415" UpgardeExp="330" Value="5291000" />
  <SingNetExp Level="416" UpgardeExp="335" Value="5324000" />
  <SingNetExp Level="417" UpgardeExp="335" Value="5357000" />
  <SingNetExp Level="418" UpgardeExp="335" Value="5391000" />
  <SingNetExp Level="419" UpgardeExp="340" Value="5424000" />
  <SingNetExp Level="420" UpgardeExp="340" Value="5458000" />
  <SingNetExp Level="421" UpgardeExp="340" Value="5492000" />
  <SingNetExp Level="422" UpgardeExp="350" Value="5526000" />
  <SingNetExp Level="423" UpgardeExp="350" Value="5561000" />
  <SingNetExp Level="424" UpgardeExp="350" Value="5596000" />
  <SingNetExp Level="425" UpgardeExp="355" Value="5631000" />
  <SingNetExp Level="426" UpgardeExp="355" Value="5667000" />
  <SingNetExp Level="427" UpgardeExp="355" Value="5702000" />
  <SingNetExp Level="428" UpgardeExp="360" Value="5738000" />
  <SingNetExp Level="429" UpgardeExp="360" Value="5774000" />
  <SingNetExp Level="430" UpgardeExp="360" Value="5810000" />
  <SingNetExp Level="431" UpgardeExp="365" Value="5846000" />
  <SingNetExp Level="432" UpgardeExp="365" Value="5882000" />
  <SingNetExp Level="433" UpgardeExp="365" Value="5919000" />
  <SingNetExp Level="434" UpgardeExp="370" Value="5955000" />
  <SingNetExp Level="435" UpgardeExp="370" Value="5992000" />
  <SingNetExp Level="436" UpgardeExp="370" Value="6029000" />
  <SingNetExp Level="437" UpgardeExp="375" Value="6066000" />
  <SingNetExp Level="438" UpgardeExp="375" Value="6104000" />
  <SingNetExp Level="439" UpgardeExp="375" Value="6141000" />
  <SingNetExp Level="440" UpgardeExp="380" Value="6179000" />
  <SingNetExp Level="441" UpgardeExp="380" Value="6217000" />
  <SingNetExp Level="442" UpgardeExp="380" Value="6255000" />
  <SingNetExp Level="443" UpgardeExp="385" Value="6293000" />
  <SingNetExp Level="444" UpgardeExp="385" Value="6331000" />
  <SingNetExp Level="445" UpgardeExp="385" Value="6370000" />
  <SingNetExp Level="446" UpgardeExp="395" Value="6408000" />
  <SingNetExp Level="447" UpgardeExp="395" Value="6448000" />
  <SingNetExp Level="448" UpgardeExp="395" Value="6487000" />
  <SingNetExp Level="449" UpgardeExp="400" Value="6527000" />
  <SingNetExp Level="450" UpgardeExp="400" Value="6567000" />
  <SingNetExp Level="451" UpgardeExp="400" Value="6607000" />
  <SingNetExp Level="452" UpgardeExp="405" Value="6647000" />
  <SingNetExp Level="453" UpgardeExp="405" Value="6687000" />
  <SingNetExp Level="454" UpgardeExp="410" Value="6728000" />
  <SingNetExp Level="455" UpgardeExp="410" Value="6769000" />
  <SingNetExp Level="456" UpgardeExp="410" Value="6810000" />
  <SingNetExp Level="457" UpgardeExp="415" Value="6851000" />
  <SingNetExp Level="458" UpgardeExp="415" Value="6892000" />
  <SingNetExp Level="459" UpgardeExp="415" Value="6934000" />
  <SingNetExp Level="460" UpgardeExp="420" Value="6975000" />
  <SingNetExp Level="461" UpgardeExp="420" Value="7017000" />
  <SingNetExp Level="462" UpgardeExp="420" Value="7059000" />
  <SingNetExp Level="463" UpgardeExp="425" Value="7101000" />
  <SingNetExp Level="464" UpgardeExp="425" Value="7144000" />
  <SingNetExp Level="465" UpgardeExp="430" Value="7186000" />
  <SingNetExp Level="466" UpgardeExp="430" Value="7229000" />
  <SingNetExp Level="467" UpgardeExp="430" Value="7272000" />
  <SingNetExp Level="468" UpgardeExp="435" Value="7315000" />
  <SingNetExp Level="469" UpgardeExp="435" Value="7359000" />
  <SingNetExp Level="470" UpgardeExp="435" Value="7402000" />
  <SingNetExp Level="471" UpgardeExp="445" Value="7446000" />
  <SingNetExp Level="472" UpgardeExp="445" Value="7490000" />
  <SingNetExp Level="473" UpgardeExp="450" Value="7535000" />
  <SingNetExp Level="474" UpgardeExp="450" Value="7580000" />
  <SingNetExp Level="475" UpgardeExp="450" Value="7625000" />
  <SingNetExp Level="476" UpgardeExp="455" Value="7670000" />
  <SingNetExp Level="477" UpgardeExp="455" Value="7715000" />
  <SingNetExp Level="478" UpgardeExp="455" Value="7761000" />
  <SingNetExp Level="479" UpgardeExp="460" Value="7806000" />
  <SingNetExp Level="480" UpgardeExp="460" Value="7852000" />
  <SingNetExp Level="481" UpgardeExp="465" Value="7898000" />
  <SingNetExp Level="482" UpgardeExp="465" Value="7945000" />
  <SingNetExp Level="483" UpgardeExp="465" Value="7991000" />
  <SingNetExp Level="484" UpgardeExp="470" Value="8038000" />
  <SingNetExp Level="485" UpgardeExp="470" Value="8085000" />
  <SingNetExp Level="486" UpgardeExp="475" Value="8132000" />
  <SingNetExp Level="487" UpgardeExp="475" Value="8179000" />
  <SingNetExp Level="488" UpgardeExp="475" Value="8227000" />
  <SingNetExp Level="489" UpgardeExp="480" Value="8274000" />
  <SingNetExp Level="490" UpgardeExp="480" Value="8322000" />
  <SingNetExp Level="491" UpgardeExp="490" Value="8370000" />
  <SingNetExp Level="492" UpgardeExp="490" Value="8419000" />
  <SingNetExp Level="493" UpgardeExp="490" Value="8468000" />
  <SingNetExp Level="494" UpgardeExp="495" Value="8517000" />
  <SingNetExp Level="495" UpgardeExp="495" Value="8567000" />
  <SingNetExp Level="496" UpgardeExp="500" Value="8616000" />
  <SingNetExp Level="497" UpgardeExp="500" Value="8666000" />
  <SingNetExp Level="498" UpgardeExp="500" Value="8716000" />
  <SingNetExp Level="499" UpgardeExp="505" Value="8766000" />
  <SingNetExp Level="500" UpgardeExp="505" Value="8817000" />
  <SingNetExp Level="501" UpgardeExp="510" Value="8867000" />
  <SingNetExp Level="502" UpgardeExp="510" Value="8918000" />
  <SingNetExp Level="503" UpgardeExp="510" Value="8969000" />
  <SingNetExp Level="504" UpgardeExp="515" Value="9020000" />
  <SingNetExp Level="505" UpgardeExp="515" Value="9072000" />
  <SingNetExp Level="506" UpgardeExp="520" Value="9123000" />
  <SingNetExp Level="507" UpgardeExp="520" Value="9175000" />
  <SingNetExp Level="508" UpgardeExp="520" Value="9227000" />
  <SingNetExp Level="509" UpgardeExp="525" Value="9279000" />
  <SingNetExp Level="510" UpgardeExp="525" Value="9332000" />
  <SingNetExp Level="511" UpgardeExp="535" Value="9384000" />
  <SingNetExp Level="512" UpgardeExp="535" Value="9438000" />
  <SingNetExp Level="513" UpgardeExp="535" Value="9491000" />
  <SingNetExp Level="514" UpgardeExp="540" Value="9545000" />
  <SingNetExp Level="515" UpgardeExp="540" Value="9599000" />
  <SingNetExp Level="516" UpgardeExp="545" Value="9653000" />
  <SingNetExp Level="517" UpgardeExp="545" Value="9707000" />
  <SingNetExp Level="518" UpgardeExp="550" Value="9762000" />
  <SingNetExp Level="519" UpgardeExp="550" Value="9817000" />
  <SingNetExp Level="520" UpgardeExp="550" Value="9872000" />
  <SingNetExp Level="521" UpgardeExp="555" Value="9927000" />
  <SingNetExp Level="522" UpgardeExp="555" Value="9982000" />
  <SingNetExp Level="523" UpgardeExp="560" Value="10038000" />
  <SingNetExp Level="524" UpgardeExp="560" Value="10094000" />
  <SingNetExp Level="525" UpgardeExp="565" Value="10150000" />
  <SingNetExp Level="526" UpgardeExp="565" Value="10206000" />
  <SingNetExp Level="527" UpgardeExp="565" Value="10263000" />
  <SingNetExp Level="528" UpgardeExp="570" Value="10319000" />
  <SingNetExp Level="529" UpgardeExp="570" Value="10376000" />
  <SingNetExp Level="530" UpgardeExp="575" Value="10433000" />
  <SingNetExp Level="531" UpgardeExp="575" Value="10491000" />
  <SingNetExp Level="532" UpgardeExp="585" Value="10548000" />
  <SingNetExp Level="533" UpgardeExp="585" Value="10607000" />
  <SingNetExp Level="534" UpgardeExp="590" Value="10665000" />
  <SingNetExp Level="535" UpgardeExp="590" Value="10724000" />
  <SingNetExp Level="536" UpgardeExp="590" Value="10783000" />
  <SingNetExp Level="537" UpgardeExp="595" Value="10842000" />
  <SingNetExp Level="538" UpgardeExp="595" Value="10902000" />
  <SingNetExp Level="539" UpgardeExp="600" Value="10961000" />
  <SingNetExp Level="540" UpgardeExp="600" Value="11021000" />
  <SingNetExp Level="541" UpgardeExp="605" Value="11081000" />
  <SingNetExp Level="542" UpgardeExp="605" Value="11142000" />
  <SingNetExp Level="543" UpgardeExp="610" Value="11202000" />
  <SingNetExp Level="544" UpgardeExp="610" Value="11263000" />
  <SingNetExp Level="545" UpgardeExp="615" Value="11324000" />
  <SingNetExp Level="546" UpgardeExp="615" Value="11386000" />
  <SingNetExp Level="547" UpgardeExp="615" Value="11447000" />
  <SingNetExp Level="548" UpgardeExp="620" Value="11509000" />
  <SingNetExp Level="549" UpgardeExp="620" Value="11571000" />
  <SingNetExp Level="550" UpgardeExp="630" Value="11633000" />
  <SingNetExp Level="551" UpgardeExp="630" Value="11696000" />
  <SingNetExp Level="552" UpgardeExp="635" Value="11759000" />
  <SingNetExp Level="553" UpgardeExp="635" Value="11822000" />
  <SingNetExp Level="554" UpgardeExp="640" Value="11886000" />
  <SingNetExp Level="555" UpgardeExp="640" Value="11950000" />
  <SingNetExp Level="556" UpgardeExp="645" Value="12014000" />
  <SingNetExp Level="557" UpgardeExp="645" Value="12078000" />
  <SingNetExp Level="558" UpgardeExp="650" Value="12143000" />
  <SingNetExp Level="559" UpgardeExp="650" Value="12208000" />
  <SingNetExp Level="560" UpgardeExp="650" Value="12273000" />
  <SingNetExp Level="561" UpgardeExp="655" Value="12338000" />
  <SingNetExp Level="562" UpgardeExp="655" Value="12403000" />
  <SingNetExp Level="563" UpgardeExp="660" Value="12469000" />
  <SingNetExp Level="564" UpgardeExp="660" Value="12535000" />
  <SingNetExp Level="565" UpgardeExp="665" Value="12601000" />
  <SingNetExp Level="566" UpgardeExp="665" Value="12667000" />
  <SingNetExp Level="567" UpgardeExp="675" Value="12734000" />
  <SingNetExp Level="568" UpgardeExp="675" Value="12801000" />
  <SingNetExp Level="569" UpgardeExp="680" Value="12869000" />
  <SingNetExp Level="570" UpgardeExp="680" Value="12937000" />
  <SingNetExp Level="571" UpgardeExp="685" Value="13005000" />
  <SingNetExp Level="572" UpgardeExp="685" Value="13073000" />
  <SingNetExp Level="573" UpgardeExp="690" Value="13142000" />
  <SingNetExp Level="574" UpgardeExp="690" Value="13211000" />
  <SingNetExp Level="575" UpgardeExp="695" Value="13280000" />
  <SingNetExp Level="576" UpgardeExp="695" Value="13349000" />
  <SingNetExp Level="577" UpgardeExp="700" Value="13419000" />
  <SingNetExp Level="578" UpgardeExp="700" Value="13489000" />
  <SingNetExp Level="579" UpgardeExp="705" Value="13559000" />
  <SingNetExp Level="580" UpgardeExp="705" Value="13629000" />
  <SingNetExp Level="581" UpgardeExp="710" Value="13700000" />
  <SingNetExp Level="582" UpgardeExp="710" Value="13771000" />
  <SingNetExp Level="583" UpgardeExp="715" Value="13842000" />
  <SingNetExp Level="584" UpgardeExp="715" Value="13913000" />
  <SingNetExp Level="585" UpgardeExp="725" Value="13985000" />
  <SingNetExp Level="586" UpgardeExp="725" Value="14057000" />
  <SingNetExp Level="587" UpgardeExp="730" Value="14130000" />
  <SingNetExp Level="588" UpgardeExp="730" Value="14203000" />
  <SingNetExp Level="589" UpgardeExp="735" Value="14276000" />
  <SingNetExp Level="590" UpgardeExp="735" Value="14349000" />
  <SingNetExp Level="591" UpgardeExp="740" Value="14423000" />
  <SingNetExp Level="592" UpgardeExp="740" Value="14497000" />
  <SingNetExp Level="593" UpgardeExp="745" Value="14571000" />
  <SingNetExp Level="594" UpgardeExp="745" Value="14645000" />
  <SingNetExp Level="595" UpgardeExp="750" Value="14720000" />
  <SingNetExp Level="596" UpgardeExp="750" Value="14795000" />
  <SingNetExp Level="597" UpgardeExp="755" Value="14870000" />
  <SingNetExp Level="598" UpgardeExp="755" Value="14945000" />
  <SingNetExp Level="599" UpgardeExp="760" Value="15021000" />
  <SingNetExp Level="600" UpgardeExp="795" Value="15097000" />
  <SingNetExp Level="601" UpgardeExp="830" Value="15176000" />
  <SingNetExp Level="602" UpgardeExp="840" Value="15259000" />
  <SingNetExp Level="603" UpgardeExp="840" Value="15343000" />
  <SingNetExp Level="604" UpgardeExp="840" Value="15427000" />
  <SingNetExp Level="605" UpgardeExp="850" Value="15511000" />
  <SingNetExp Level="606" UpgardeExp="850" Value="15596000" />
  <SingNetExp Level="607" UpgardeExp="850" Value="15681000" />
  <SingNetExp Level="608" UpgardeExp="850" Value="15766000" />
  <SingNetExp Level="609" UpgardeExp="865" Value="15851000" />
  <SingNetExp Level="610" UpgardeExp="865" Value="15938000" />
  <SingNetExp Level="611" UpgardeExp="865" Value="16024000" />
  <SingNetExp Level="612" UpgardeExp="875" Value="16111000" />
  <SingNetExp Level="613" UpgardeExp="875" Value="16198000" />
  <SingNetExp Level="614" UpgardeExp="875" Value="16286000" />
  <SingNetExp Level="615" UpgardeExp="875" Value="16373000" />
  <SingNetExp Level="616" UpgardeExp="885" Value="16461000" />
  <SingNetExp Level="617" UpgardeExp="885" Value="16549000" />
  <SingNetExp Level="618" UpgardeExp="885" Value="16638000" />
  <SingNetExp Level="619" UpgardeExp="885" Value="16726000" />
  <SingNetExp Level="620" UpgardeExp="895" Value="16815000" />
  <SingNetExp Level="621" UpgardeExp="895" Value="16904000" />
  <SingNetExp Level="622" UpgardeExp="895" Value="16994000" />
  <SingNetExp Level="623" UpgardeExp="910" Value="17083000" />
  <SingNetExp Level="624" UpgardeExp="910" Value="17174000" />
  <SingNetExp Level="625" UpgardeExp="910" Value="17265000" />
  <SingNetExp Level="626" UpgardeExp="910" Value="17356000" />
  <SingNetExp Level="627" UpgardeExp="920" Value="17447000" />
  <SingNetExp Level="628" UpgardeExp="920" Value="17539000" />
  <SingNetExp Level="629" UpgardeExp="920" Value="17631000" />
  <SingNetExp Level="630" UpgardeExp="930" Value="17723000" />
  <SingNetExp Level="631" UpgardeExp="930" Value="17816000" />
  <SingNetExp Level="632" UpgardeExp="930" Value="17909000" />
  <SingNetExp Level="633" UpgardeExp="930" Value="18002000" />
  <SingNetExp Level="634" UpgardeExp="940" Value="18095000" />
  <SingNetExp Level="635" UpgardeExp="940" Value="18189000" />
  <SingNetExp Level="636" UpgardeExp="940" Value="18283000" />
  <SingNetExp Level="637" UpgardeExp="955" Value="18377000" />
  <SingNetExp Level="638" UpgardeExp="955" Value="18473000" />
  <SingNetExp Level="639" UpgardeExp="955" Value="18568000" />
  <SingNetExp Level="640" UpgardeExp="955" Value="18664000" />
  <SingNetExp Level="641" UpgardeExp="965" Value="18759000" />
  <SingNetExp Level="642" UpgardeExp="965" Value="18856000" />
  <SingNetExp Level="643" UpgardeExp="965" Value="18952000" />
  <SingNetExp Level="644" UpgardeExp="975" Value="19049000" />
  <SingNetExp Level="645" UpgardeExp="975" Value="19146000" />
  <SingNetExp Level="646" UpgardeExp="975" Value="19244000" />
  <SingNetExp Level="647" UpgardeExp="985" Value="19341000" />
  <SingNetExp Level="648" UpgardeExp="985" Value="19440000" />
  <SingNetExp Level="649" UpgardeExp="985" Value="19538000" />
  <SingNetExp Level="650" UpgardeExp="985" Value="19637000" />
  <SingNetExp Level="651" UpgardeExp="995" Value="19735000" />
  <SingNetExp Level="652" UpgardeExp="995" Value="19835000" />
  <SingNetExp Level="653" UpgardeExp="995" Value="19934000" />
  <SingNetExp Level="654" UpgardeExp="1010" Value="20034000" />
  <SingNetExp Level="655" UpgardeExp="1010" Value="20135000" />
  <SingNetExp Level="656" UpgardeExp="1010" Value="20236000" />
  <SingNetExp Level="657" UpgardeExp="1020" Value="20337000" />
  <SingNetExp Level="658" UpgardeExp="1020" Value="20439000" />
  <SingNetExp Level="659" UpgardeExp="1020" Value="20541000" />
  <SingNetExp Level="660" UpgardeExp="1020" Value="20643000" />
  <SingNetExp Level="661" UpgardeExp="1030" Value="20745000" />
  <SingNetExp Level="662" UpgardeExp="1030" Value="20848000" />
  <SingNetExp Level="663" UpgardeExp="1030" Value="20951000" />
  <SingNetExp Level="664" UpgardeExp="1040" Value="21054000" />
  <SingNetExp Level="665" UpgardeExp="1040" Value="21158000" />
  <SingNetExp Level="666" UpgardeExp="1040" Value="21262000" />
  <SingNetExp Level="667" UpgardeExp="1055" Value="21366000" />
  <SingNetExp Level="668" UpgardeExp="1055" Value="21471000" />
  <SingNetExp Level="669" UpgardeExp="1055" Value="21577000" />
  <SingNetExp Level="670" UpgardeExp="1065" Value="21682000" />
  <SingNetExp Level="671" UpgardeExp="1065" Value="21789000" />
  <SingNetExp Level="672" UpgardeExp="1065" Value="21895000" />
  <SingNetExp Level="673" UpgardeExp="1065" Value="22002000" />
  <SingNetExp Level="674" UpgardeExp="1075" Value="22108000" />
  <SingNetExp Level="675" UpgardeExp="1075" Value="22216000" />
  <SingNetExp Level="676" UpgardeExp="1075" Value="22323000" />
  <SingNetExp Level="677" UpgardeExp="1085" Value="22431000" />
  <SingNetExp Level="678" UpgardeExp="1085" Value="22539000" />
  <SingNetExp Level="679" UpgardeExp="1085" Value="22648000" />
  <SingNetExp Level="680" UpgardeExp="1100" Value="22756000" />
  <SingNetExp Level="681" UpgardeExp="1100" Value="22866000" />
  <SingNetExp Level="682" UpgardeExp="1100" Value="22976000" />
  <SingNetExp Level="683" UpgardeExp="1110" Value="23086000" />
  <SingNetExp Level="684" UpgardeExp="1110" Value="23197000" />
  <SingNetExp Level="685" UpgardeExp="1110" Value="23308000" />
  <SingNetExp Level="686" UpgardeExp="1120" Value="23419000" />
  <SingNetExp Level="687" UpgardeExp="1120" Value="23531000" />
  <SingNetExp Level="688" UpgardeExp="1120" Value="23643000" />
  <SingNetExp Level="689" UpgardeExp="1120" Value="23755000" />
  <SingNetExp Level="690" UpgardeExp="1130" Value="23867000" />
  <SingNetExp Level="691" UpgardeExp="1130" Value="23980000" />
  <SingNetExp Level="692" UpgardeExp="1130" Value="24093000" />
  <SingNetExp Level="693" UpgardeExp="1145" Value="24206000" />
  <SingNetExp Level="694" UpgardeExp="1145" Value="24321000" />
  <SingNetExp Level="695" UpgardeExp="1145" Value="24435000" />
  <SingNetExp Level="696" UpgardeExp="1155" Value="24550000" />
  <SingNetExp Level="697" UpgardeExp="1155" Value="24665000" />
  <SingNetExp Level="698" UpgardeExp="1155" Value="24781000" />
  <SingNetExp Level="699" UpgardeExp="1165" Value="24896000" />
  <SingNetExp Level="700" UpgardeExp="1165" Value="25013000" />
  <SingNetExp Level="701" UpgardeExp="1165" Value="25129000" />
  <SingNetExp Level="702" UpgardeExp="1175" Value="25246000" />
  <SingNetExp Level="703" UpgardeExp="1175" Value="25363000" />
  <SingNetExp Level="704" UpgardeExp="1175" Value="25481000" />
  <SingNetExp Level="705" UpgardeExp="1190" Value="25598000" />
  <SingNetExp Level="706" UpgardeExp="1190" Value="25717000" />
  <SingNetExp Level="707" UpgardeExp="1190" Value="25836000" />
  <SingNetExp Level="708" UpgardeExp="1200" Value="25955000" />
  <SingNetExp Level="709" UpgardeExp="1200" Value="26075000" />
  <SingNetExp Level="710" UpgardeExp="1200" Value="26195000" />
  <SingNetExp Level="711" UpgardeExp="1210" Value="26315000" />
  <SingNetExp Level="712" UpgardeExp="1210" Value="26436000" />
  <SingNetExp Level="713" UpgardeExp="1210" Value="26557000" />
  <SingNetExp Level="714" UpgardeExp="1220" Value="26678000" />
  <SingNetExp Level="715" UpgardeExp="1220" Value="26800000" />
  <SingNetExp Level="716" UpgardeExp="1220" Value="26922000" />
  <SingNetExp Level="717" UpgardeExp="1235" Value="27044000" />
  <SingNetExp Level="718" UpgardeExp="1235" Value="27168000" />
  <SingNetExp Level="719" UpgardeExp="1235" Value="27291000" />
  <SingNetExp Level="720" UpgardeExp="1245" Value="27415000" />
  <SingNetExp Level="721" UpgardeExp="1245" Value="27539000" />
  <SingNetExp Level="722" UpgardeExp="1245" Value="27664000" />
  <SingNetExp Level="723" UpgardeExp="1255" Value="27788000" />
  <SingNetExp Level="724" UpgardeExp="1255" Value="27914000" />
  <SingNetExp Level="725" UpgardeExp="1255" Value="28039000" />
  <SingNetExp Level="726" UpgardeExp="1265" Value="28165000" />
  <SingNetExp Level="727" UpgardeExp="1265" Value="28291000" />
  <SingNetExp Level="728" UpgardeExp="1265" Value="28418000" />
  <SingNetExp Level="729" UpgardeExp="1275" Value="28544000" />
  <SingNetExp Level="730" UpgardeExp="1275" Value="28672000" />
  <SingNetExp Level="731" UpgardeExp="1275" Value="28799000" />
  <SingNetExp Level="732" UpgardeExp="1290" Value="28927000" />
  <SingNetExp Level="733" UpgardeExp="1290" Value="29056000" />
  <SingNetExp Level="734" UpgardeExp="1290" Value="29185000" />
  <SingNetExp Level="735" UpgardeExp="1300" Value="29314000" />
  <SingNetExp Level="736" UpgardeExp="1300" Value="29444000" />
  <SingNetExp Level="737" UpgardeExp="1300" Value="29574000" />
  <SingNetExp Level="738" UpgardeExp="1310" Value="29704000" />
  <SingNetExp Level="739" UpgardeExp="1310" Value="29835000" />
  <SingNetExp Level="740" UpgardeExp="1320" Value="29966000" />
  <SingNetExp Level="741" UpgardeExp="1320" Value="30098000" />
  <SingNetExp Level="742" UpgardeExp="1320" Value="30230000" />
  <SingNetExp Level="743" UpgardeExp="1335" Value="30362000" />
  <SingNetExp Level="744" UpgardeExp="1335" Value="30495000" />
  <SingNetExp Level="745" UpgardeExp="1335" Value="30629000" />
  <SingNetExp Level="746" UpgardeExp="1345" Value="30762000" />
  <SingNetExp Level="747" UpgardeExp="1345" Value="30897000" />
  <SingNetExp Level="748" UpgardeExp="1345" Value="31031000" />
  <SingNetExp Level="749" UpgardeExp="1355" Value="31166000" />
  <SingNetExp Level="750" UpgardeExp="1355" Value="31301000" />
  <SingNetExp Level="751" UpgardeExp="1355" Value="31437000" />
  <SingNetExp Level="752" UpgardeExp="1365" Value="31572000" />
  <SingNetExp Level="753" UpgardeExp="1365" Value="31709000" />
  <SingNetExp Level="754" UpgardeExp="1365" Value="31845000" />
  <SingNetExp Level="755" UpgardeExp="1380" Value="31982000" />
  <SingNetExp Level="756" UpgardeExp="1380" Value="32120000" />
  <SingNetExp Level="757" UpgardeExp="1390" Value="32258000" />
  <SingNetExp Level="758" UpgardeExp="1390" Value="32397000" />
  <SingNetExp Level="759" UpgardeExp="1390" Value="32536000" />
  <SingNetExp Level="760" UpgardeExp="1400" Value="32675000" />
  <SingNetExp Level="761" UpgardeExp="1400" Value="32815000" />
  <SingNetExp Level="762" UpgardeExp="1400" Value="32955000" />
  <SingNetExp Level="763" UpgardeExp="1410" Value="33095000" />
  <SingNetExp Level="764" UpgardeExp="1410" Value="33236000" />
  <SingNetExp Level="765" UpgardeExp="1410" Value="33377000" />
  <SingNetExp Level="766" UpgardeExp="1425" Value="33518000" />
  <SingNetExp Level="767" UpgardeExp="1425" Value="33660000" />
  <SingNetExp Level="768" UpgardeExp="1435" Value="33803000" />
  <SingNetExp Level="769" UpgardeExp="1435" Value="33946000" />
  <SingNetExp Level="770" UpgardeExp="1435" Value="34090000" />
  <SingNetExp Level="771" UpgardeExp="1445" Value="34233000" />
  <SingNetExp Level="772" UpgardeExp="1445" Value="34378000" />
  <SingNetExp Level="773" UpgardeExp="1445" Value="34522000" />
  <SingNetExp Level="774" UpgardeExp="1455" Value="34667000" />
  <SingNetExp Level="775" UpgardeExp="1455" Value="34812000" />
  <SingNetExp Level="776" UpgardeExp="1455" Value="34958000" />
  <SingNetExp Level="777" UpgardeExp="1470" Value="35103000" />
  <SingNetExp Level="778" UpgardeExp="1470" Value="35250000" />
  <SingNetExp Level="779" UpgardeExp="1480" Value="35397000" />
  <SingNetExp Level="780" UpgardeExp="1480" Value="35545000" />
  <SingNetExp Level="781" UpgardeExp="1480" Value="35693000" />
  <SingNetExp Level="782" UpgardeExp="1490" Value="35841000" />
  <SingNetExp Level="783" UpgardeExp="1490" Value="35990000" />
  <SingNetExp Level="784" UpgardeExp="1490" Value="36139000" />
  <SingNetExp Level="785" UpgardeExp="1500" Value="36288000" />
  <SingNetExp Level="786" UpgardeExp="1500" Value="36438000" />
  <SingNetExp Level="787" UpgardeExp="1515" Value="36588000" />
  <SingNetExp Level="788" UpgardeExp="1515" Value="36740000" />
  <SingNetExp Level="789" UpgardeExp="1515" Value="36891000" />
  <SingNetExp Level="790" UpgardeExp="1525" Value="37043000" />
  <SingNetExp Level="791" UpgardeExp="1525" Value="37195000" />
  <SingNetExp Level="792" UpgardeExp="1525" Value="37348000" />
  <SingNetExp Level="793" UpgardeExp="1535" Value="37500000" />
  <SingNetExp Level="794" UpgardeExp="1535" Value="37654000" />
  <SingNetExp Level="795" UpgardeExp="1545" Value="37807000" />
  <SingNetExp Level="796" UpgardeExp="1545" Value="37962000" />
  <SingNetExp Level="797" UpgardeExp="1545" Value="38116000" />
  <SingNetExp Level="798" UpgardeExp="1555" Value="38271000" />
  <SingNetExp Level="799" UpgardeExp="1555" Value="38426000" />
  <SingNetExp Level="800" UpgardeExp="1555" Value="38582000" />
  <SingNetExp Level="801" UpgardeExp="1570" Value="38737000" />
  <SingNetExp Level="802" UpgardeExp="1570" Value="38894000" />
  <SingNetExp Level="803" UpgardeExp="1580" Value="39051000" />
  <SingNetExp Level="804" UpgardeExp="1580" Value="39209000" />
  <SingNetExp Level="805" UpgardeExp="1580" Value="39367000" />
  <SingNetExp Level="806" UpgardeExp="1590" Value="39525000" />
  <SingNetExp Level="807" UpgardeExp="1590" Value="39684000" />
  <SingNetExp Level="808" UpgardeExp="1600" Value="39843000" />
  <SingNetExp Level="809" UpgardeExp="1600" Value="40003000" />
  <SingNetExp Level="810" UpgardeExp="1600" Value="40163000" />
  <SingNetExp Level="811" UpgardeExp="1615" Value="40323000" />
  <SingNetExp Level="812" UpgardeExp="1615" Value="40485000" />
  <SingNetExp Level="813" UpgardeExp="1615" Value="40646000" />
  <SingNetExp Level="814" UpgardeExp="1625" Value="40808000" />
  <SingNetExp Level="815" UpgardeExp="1625" Value="40970000" />
  <SingNetExp Level="816" UpgardeExp="1635" Value="41133000" />
  <SingNetExp Level="817" UpgardeExp="1635" Value="41296000" />
  <SingNetExp Level="818" UpgardeExp="1635" Value="41460000" />
  <SingNetExp Level="819" UpgardeExp="1645" Value="41623000" />
  <SingNetExp Level="820" UpgardeExp="1645" Value="41788000" />
  <SingNetExp Level="821" UpgardeExp="1660" Value="41952000" />
  <SingNetExp Level="822" UpgardeExp="1660" Value="42118000" />
  <SingNetExp Level="823" UpgardeExp="1660" Value="42284000" />
  <SingNetExp Level="824" UpgardeExp="1670" Value="42450000" />
  <SingNetExp Level="825" UpgardeExp="1670" Value="42617000" />
  <SingNetExp Level="826" UpgardeExp="1680" Value="42784000" />
  <SingNetExp Level="827" UpgardeExp="1680" Value="42952000" />
  <SingNetExp Level="828" UpgardeExp="1680" Value="43120000" />
  <SingNetExp Level="829" UpgardeExp="1690" Value="43288000" />
  <SingNetExp Level="830" UpgardeExp="1690" Value="43457000" />
  <SingNetExp Level="831" UpgardeExp="1705" Value="43626000" />
  <SingNetExp Level="832" UpgardeExp="1705" Value="43797000" />
  <SingNetExp Level="833" UpgardeExp="1705" Value="43967000" />
  <SingNetExp Level="834" UpgardeExp="1715" Value="44138000" />
  <SingNetExp Level="835" UpgardeExp="1715" Value="44309000" />
  <SingNetExp Level="836" UpgardeExp="1725" Value="44481000" />
  <SingNetExp Level="837" UpgardeExp="1725" Value="44653000" />
  <SingNetExp Level="838" UpgardeExp="1725" Value="44826000" />
  <SingNetExp Level="839" UpgardeExp="1730" Value="44998000" />
  <SingNetExp Level="840" UpgardeExp="1730" Value="45171000" />
  <SingNetExp Level="841" UpgardeExp="1745" Value="45344000" />
  <SingNetExp Level="842" UpgardeExp="1745" Value="45519000" />
  <SingNetExp Level="843" UpgardeExp="1745" Value="45693000" />
  <SingNetExp Level="844" UpgardeExp="1755" Value="45868000" />
  <SingNetExp Level="845" UpgardeExp="1755" Value="46043000" />
  <SingNetExp Level="846" UpgardeExp="1765" Value="46219000" />
  <SingNetExp Level="847" UpgardeExp="1765" Value="46395000" />
  <SingNetExp Level="848" UpgardeExp="1765" Value="46572000" />
  <SingNetExp Level="849" UpgardeExp="1775" Value="46748000" />
  <SingNetExp Level="850" UpgardeExp="1775" Value="46926000" />
  <SingNetExp Level="851" UpgardeExp="1790" Value="47103000" />
  <SingNetExp Level="852" UpgardeExp="1790" Value="47282000" />
  <SingNetExp Level="853" UpgardeExp="1800" Value="47461000" />
  <SingNetExp Level="854" UpgardeExp="1800" Value="47641000" />
  <SingNetExp Level="855" UpgardeExp="1800" Value="47821000" />
  <SingNetExp Level="856" UpgardeExp="1810" Value="48001000" />
  <SingNetExp Level="857" UpgardeExp="1810" Value="48182000" />
  <SingNetExp Level="858" UpgardeExp="1820" Value="48363000" />
  <SingNetExp Level="859" UpgardeExp="1820" Value="48545000" />
  <SingNetExp Level="860" UpgardeExp="1820" Value="48727000" />
  <SingNetExp Level="861" UpgardeExp="1830" Value="48909000" />
  <SingNetExp Level="862" UpgardeExp="1830" Value="49092000" />
  <SingNetExp Level="863" UpgardeExp="1845" Value="49275000" />
  <SingNetExp Level="864" UpgardeExp="1845" Value="49460000" />
  <SingNetExp Level="865" UpgardeExp="1845" Value="49644000" />
  <SingNetExp Level="866" UpgardeExp="1855" Value="49829000" />
  <SingNetExp Level="867" UpgardeExp="1855" Value="50014000" />
  <SingNetExp Level="868" UpgardeExp="1865" Value="50200000" />
  <SingNetExp Level="869" UpgardeExp="1865" Value="50386000" />
  <SingNetExp Level="870" UpgardeExp="1875" Value="50573000" />
  <SingNetExp Level="871" UpgardeExp="1875" Value="50760000" />
  <SingNetExp Level="872" UpgardeExp="1875" Value="50948000" />
  <SingNetExp Level="873" UpgardeExp="1890" Value="51135000" />
  <SingNetExp Level="874" UpgardeExp="1890" Value="51324000" />
  <SingNetExp Level="875" UpgardeExp="1900" Value="51513000" />
  <SingNetExp Level="876" UpgardeExp="1900" Value="51703000" />
  <SingNetExp Level="877" UpgardeExp="1910" Value="51893000" />
  <SingNetExp Level="878" UpgardeExp="1910" Value="52084000" />
  <SingNetExp Level="879" UpgardeExp="1910" Value="52275000" />
  <SingNetExp Level="880" UpgardeExp="1920" Value="52466000" />
  <SingNetExp Level="881" UpgardeExp="1920" Value="52658000" />
  <SingNetExp Level="882" UpgardeExp="1935" Value="52850000" />
  <SingNetExp Level="883" UpgardeExp="1925" Value="53044000" />
  <SingNetExp Level="884" UpgardeExp="1935" Value="53236000" />
  <SingNetExp Level="885" UpgardeExp="1935" Value="53430000" />
  <SingNetExp Level="886" UpgardeExp="1935" Value="53623000" />
  <SingNetExp Level="887" UpgardeExp="1945" Value="53817000" />
  <SingNetExp Level="888" UpgardeExp="1945" Value="54011000" />
  <SingNetExp Level="889" UpgardeExp="1955" Value="54206000" />
  <SingNetExp Level="890" UpgardeExp="1955" Value="54401000" />
  <SingNetExp Level="891" UpgardeExp="1970" Value="54597000" />
  <SingNetExp Level="892" UpgardeExp="1970" Value="54794000" />
  <SingNetExp Level="893" UpgardeExp="1970" Value="54991000" />
  <SingNetExp Level="894" UpgardeExp="1980" Value="55188000" />
  <SingNetExp Level="895" UpgardeExp="1980" Value="55386000" />
  <SingNetExp Level="896" UpgardeExp="1990" Value="55584000" />
  <SingNetExp Level="897" UpgardeExp="1990" Value="55783000" />
  <SingNetExp Level="898" UpgardeExp="2000" Value="55982000" />
  <SingNetExp Level="899" UpgardeExp="2000" Value="56182000" />
  <SingNetExp Level="900" UpgardeExp="2050" Value="56382000" />
  <SingNetExp Level="901" UpgardeExp="2060" Value="56587000" />
  <SingNetExp Level="902" UpgardeExp="2060" Value="56793000" />
  <SingNetExp Level="903" UpgardeExp="2070" Value="56999000" />
  <SingNetExp Level="904" UpgardeExp="2070" Value="57206000" />
  <SingNetExp Level="905" UpgardeExp="2080" Value="57413000" />
  <SingNetExp Level="906" UpgardeExp="2080" Value="57621000" />
  <SingNetExp Level="907" UpgardeExp="2090" Value="57829000" />
  <SingNetExp Level="908" UpgardeExp="2090" Value="58038000" />
  <SingNetExp Level="909" UpgardeExp="2090" Value="58247000" />
  <SingNetExp Level="910" UpgardeExp="2105" Value="58456000" />
  <SingNetExp Level="911" UpgardeExp="2105" Value="58666000" />
  <SingNetExp Level="912" UpgardeExp="2115" Value="58877000" />
  <SingNetExp Level="913" UpgardeExp="2115" Value="59088000" />
  <SingNetExp Level="914" UpgardeExp="2125" Value="59300000" />
  <SingNetExp Level="915" UpgardeExp="2125" Value="59512000" />
  <SingNetExp Level="916" UpgardeExp="2135" Value="59725000" />
  <SingNetExp Level="917" UpgardeExp="2135" Value="59938000" />
  <SingNetExp Level="918" UpgardeExp="2135" Value="60152000" />
  <SingNetExp Level="919" UpgardeExp="2150" Value="60365000" />
  <SingNetExp Level="920" UpgardeExp="2150" Value="60580000" />
  <SingNetExp Level="921" UpgardeExp="2160" Value="60795000" />
  <SingNetExp Level="922" UpgardeExp="2160" Value="61011000" />
  <SingNetExp Level="923" UpgardeExp="2170" Value="61227000" />
  <SingNetExp Level="924" UpgardeExp="2170" Value="61444000" />
  <SingNetExp Level="925" UpgardeExp="2180" Value="61661000" />
  <SingNetExp Level="926" UpgardeExp="2180" Value="61879000" />
  <SingNetExp Level="927" UpgardeExp="2195" Value="62097000" />
  <SingNetExp Level="928" UpgardeExp="2195" Value="62317000" />
  <SingNetExp Level="929" UpgardeExp="2195" Value="62536000" />
  <SingNetExp Level="930" UpgardeExp="2205" Value="62756000" />
  <SingNetExp Level="931" UpgardeExp="2205" Value="62976000" />
  <SingNetExp Level="932" UpgardeExp="2215" Value="63197000" />
  <SingNetExp Level="933" UpgardeExp="2215" Value="63418000" />
  <SingNetExp Level="934" UpgardeExp="2225" Value="63640000" />
  <SingNetExp Level="935" UpgardeExp="2225" Value="63862000" />
  <SingNetExp Level="936" UpgardeExp="2240" Value="64085000" />
  <SingNetExp Level="937" UpgardeExp="2240" Value="64309000" />
  <SingNetExp Level="938" UpgardeExp="2250" Value="64533000" />
  <SingNetExp Level="939" UpgardeExp="2250" Value="64758000" />
  <SingNetExp Level="940" UpgardeExp="2250" Value="64983000" />
  <SingNetExp Level="941" UpgardeExp="2260" Value="65208000" />
  <SingNetExp Level="942" UpgardeExp="2260" Value="65434000" />
  <SingNetExp Level="943" UpgardeExp="2270" Value="65660000" />
  <SingNetExp Level="944" UpgardeExp="2270" Value="65887000" />
  <SingNetExp Level="945" UpgardeExp="2285" Value="66114000" />
  <SingNetExp Level="946" UpgardeExp="2285" Value="66342000" />
  <SingNetExp Level="947" UpgardeExp="2295" Value="66571000" />
  <SingNetExp Level="948" UpgardeExp="2295" Value="66800000" />
  <SingNetExp Level="949" UpgardeExp="2305" Value="67030000" />
  <SingNetExp Level="950" UpgardeExp="2415" Value="67260000" />
  <SingNetExp Level="951" UpgardeExp="2430" Value="67502000" />
  <SingNetExp Level="952" UpgardeExp="2430" Value="67745000" />
  <SingNetExp Level="953" UpgardeExp="2430" Value="67988000" />
  <SingNetExp Level="954" UpgardeExp="2440" Value="68231000" />
  <SingNetExp Level="955" UpgardeExp="2440" Value="68475000" />
  <SingNetExp Level="956" UpgardeExp="2450" Value="68719000" />
  <SingNetExp Level="957" UpgardeExp="2450" Value="68964000" />
  <SingNetExp Level="958" UpgardeExp="2460" Value="69209000" />
  <SingNetExp Level="959" UpgardeExp="2460" Value="69455000" />
  <SingNetExp Level="960" UpgardeExp="2475" Value="69701000" />
  <SingNetExp Level="961" UpgardeExp="2475" Value="69948000" />
  <SingNetExp Level="962" UpgardeExp="2485" Value="70196000" />
  <SingNetExp Level="963" UpgardeExp="2485" Value="70444000" />
  <SingNetExp Level="964" UpgardeExp="2495" Value="70693000" />
  <SingNetExp Level="965" UpgardeExp="2495" Value="70942000" />
  <SingNetExp Level="966" UpgardeExp="2505" Value="71192000" />
  <SingNetExp Level="967" UpgardeExp="2505" Value="71442000" />
  <SingNetExp Level="968" UpgardeExp="2520" Value="71693000" />
  <SingNetExp Level="969" UpgardeExp="2520" Value="71945000" />
  <SingNetExp Level="970" UpgardeExp="2530" Value="72197000" />
  <SingNetExp Level="971" UpgardeExp="2530" Value="72450000" />
  <SingNetExp Level="972" UpgardeExp="2530" Value="72703000" />
  <SingNetExp Level="973" UpgardeExp="2540" Value="72956000" />
  <SingNetExp Level="974" UpgardeExp="2540" Value="73210000" />
  <SingNetExp Level="975" UpgardeExp="2550" Value="73464000" />
  <SingNetExp Level="976" UpgardeExp="2550" Value="73719000" />
  <SingNetExp Level="977" UpgardeExp="2565" Value="73974000" />
  <SingNetExp Level="978" UpgardeExp="2565" Value="74230000" />
  <SingNetExp Level="979" UpgardeExp="2575" Value="74487000" />
  <SingNetExp Level="980" UpgardeExp="2575" Value="74744000" />
  <SingNetExp Level="981" UpgardeExp="2585" Value="75002000" />
  <SingNetExp Level="982" UpgardeExp="2585" Value="75260000" />
  <SingNetExp Level="983" UpgardeExp="2595" Value="75519000" />
  <SingNetExp Level="984" UpgardeExp="2595" Value="75778000" />
  <SingNetExp Level="985" UpgardeExp="2610" Value="76038000" />
  <SingNetExp Level="986" UpgardeExp="2610" Value="76299000" />
  <SingNetExp Level="987" UpgardeExp="2620" Value="76560000" />
  <SingNetExp Level="988" UpgardeExp="2620" Value="76822000" />
  <SingNetExp Level="989" UpgardeExp="2630" Value="77084000" />
  <SingNetExp Level="990" UpgardeExp="2630" Value="77347000" />
  <SingNetExp Level="991" UpgardeExp="2640" Value="77610000" />
  <SingNetExp Level="992" UpgardeExp="2640" Value="77874000" />
  <SingNetExp Level="993" UpgardeExp="2650" Value="78138000" />
  <SingNetExp Level="994" UpgardeExp="2650" Value="78403000" />
  <SingNetExp Level="995" UpgardeExp="2665" Value="78668000" />
  <SingNetExp Level="996" UpgardeExp="2665" Value="78934000" />
  <SingNetExp Level="997" UpgardeExp="2675" Value="79201000" />
  <SingNetExp Level="998" UpgardeExp="2675" Value="79468000" />
  <SingNetExp Level="999" UpgardeExp="2685" Value="79736000" />
  <SingNetExp Level="1000" UpgardeExp="0" Value="80004000" />
</ArrayOfSingNetExp>