<?xml version="1.0" encoding="utf-8"?>
<ListAutoSkills xmlns:xsi="http://www.w3.org/2001/XMLSchema-instance" xmlns:xsd="http://www.w3.org/2001/XMLSchema">	
	<AutoSkill ID="1" Type="1" Name="Thí Nguyên Quyết" CastPercent="{1,4},{20,12},{21,12}" CastSkillID="221" CastSkillLevel="-1" ParentSkillID="0" DelayPerCast="{1,540},{20,540}" MaxCastCount="-1" ActivateIfLostBuff="-1" ActivateIfHitTarget="false" ActivateWhenHPPercentDropBelow="-1" ActivateWhenBeHit="true" ActivateWhenBeCritHit="false" ActivateWhenDoCritHit="false" ActivateAfterDie="false" ActivateAfterDoTotalCritHit="-1" ActivateWhenBeHitBySkills="-1" ActivateWhenHitWithSkills="-1" ActivateIfNoUseSkillForFrame="-1" ActivateIfNoUseSkillCauseLostInvisibilityForFrame="-1" ActivateEachFrame="-1" />
	<AutoSkill ID="2" Type="1" Name="Bất Động Minh Vương" CastPercent="{1,2},{10,6},{11,7}" CastSkillID="35" CastSkillLevel="-1" ParentSkillID="0" DelayPerCast="{1,540},{20,540}" MaxCastCount="-1" ActivateIfLostBuff="-1" ActivateIfHitTarget="false" ActivateWhenHPPercentDropBelow="-1" ActivateWhenBeHit="false" ActivateWhenBeCritHit="false" ActivateWhenDoCritHit="false" ActivateAfterDie="false" ActivateAfterDoTotalCritHit="-1" ActivateWhenBeHitBySkills="-1" ActivateWhenHitWithSkills="-1" ActivateIfNoUseSkillForFrame="-1" ActivateIfNoUseSkillCauseLostInvisibilityForFrame="-1" ActivateEachFrame="-1" />
	<AutoSkill ID="3" Type="2" Name="Cửu Khúc Hợp Thương" CastPercent="{1,100},{20,100}" CastSkillID="1282" CastSkillLevel="-1" ParentSkillID="0" DelayPerCast="{1,1},{20,1}" MaxCastCount="-1" ActivateIfLostBuff="-1" ActivateIfHitTarget="false" ActivateWhenHPPercentDropBelow="-1" ActivateWhenBeHit="false" ActivateWhenBeCritHit="false" ActivateWhenDoCritHit="false" ActivateAfterDie="false" ActivateAfterDoTotalCritHit="-1" ActivateWhenBeHitBySkills="-1" ActivateWhenHitWithSkills="787,148" ActivateIfNoUseSkillForFrame="-1" ActivateIfNoUseSkillCauseLostInvisibilityForFrame="-1" ActivateEachFrame="-1" />
	<AutoSkill ID="4" Type="2" Name="Bi Tô Thanh Phong" CastPercent="{1,100},{10,100}" CastSkillID="1281" CastSkillLevel="-1" ParentSkillID="0" DelayPerCast="{1,18},{10,18}" MaxCastCount="-1" ActivateIfLostBuff="-1" ActivateIfHitTarget="true" ActivateWhenHPPercentDropBelow="-1" ActivateWhenBeHit="false" ActivateWhenBeCritHit="false" ActivateWhenDoCritHit="false" ActivateAfterDie="false" ActivateAfterDoTotalCritHit="-1" ActivateWhenBeHitBySkills="-1" ActivateWhenHitWithSkills="-1" ActivateIfNoUseSkillForFrame="-1" ActivateIfNoUseSkillCauseLostInvisibilityForFrame="-1" ActivateEachFrame="-1" />
	<AutoSkill ID="5" Type="4" Name="Ôn Cổ Chi Khí" CastPercent="{1,25},{10,75},{13,80}" CastSkillID="270" CastSkillLevel="-1" ParentSkillID="0" DelayPerCast="{1,36},{20,36}" MaxCastCount="-1" ActivateIfLostBuff="-1" ActivateIfHitTarget="false" ActivateWhenHPPercentDropBelow="25" ActivateWhenBeHit="false" ActivateWhenBeCritHit="false" ActivateWhenDoCritHit="false" ActivateAfterDie="false" ActivateAfterDoTotalCritHit="-1" ActivateWhenBeHitBySkills="-1" ActivateWhenHitWithSkills="-1" ActivateIfNoUseSkillForFrame="-1" ActivateIfNoUseSkillCauseLostInvisibilityForFrame="-1" ActivateEachFrame="-1" />
	<AutoSkill ID="6" Type="4" Name="Kim Cang Hộ Thể" CastPercent="{1,10},{20,100}" CastSkillID="238" CastSkillLevel="-1" ParentSkillID="0" DelayPerCast="{1,18},{20,18}" MaxCastCount="-1" ActivateIfLostBuff="-1" ActivateIfHitTarget="false" ActivateWhenHPPercentDropBelow="-1" ActivateWhenBeHit="false" ActivateWhenBeCritHit="false" ActivateWhenDoCritHit="false" ActivateAfterDie="false" ActivateAfterDoTotalCritHit="-1" ActivateWhenBeHitBySkills="-1" ActivateWhenHitWithSkills="-1" ActivateIfNoUseSkillForFrame="-1" ActivateIfNoUseSkillCauseLostInvisibilityForFrame="-1" ActivateEachFrame="-1" />
	<AutoSkill ID="7" Type="2" Name="Cửu Khúc Hợp Thương_Tử 1" CastPercent="{1,100},{20,100}" CastSkillID="1283" CastSkillLevel="-1" ParentSkillID="1282" DelayPerCast="{1,1},{20,1}" MaxCastCount="{1,2},{10,2}" ActivateIfLostBuff="-1" ActivateIfHitTarget="false" ActivateWhenHPPercentDropBelow="-1" ActivateWhenBeHit="false" ActivateWhenBeCritHit="false" ActivateWhenDoCritHit="false" ActivateAfterDie="false" ActivateAfterDoTotalCritHit="-1" ActivateWhenBeHitBySkills="-1" ActivateWhenHitWithSkills="-1" ActivateIfNoUseSkillForFrame="-1" ActivateIfNoUseSkillCauseLostInvisibilityForFrame="-1" ActivateEachFrame="-1" />
	<AutoSkill ID="8" Type="4" Name="Khô Vinh Thiền Công" CastPercent="{1,100},{20,100}" CastSkillID="249" CastSkillLevel="-1" ParentSkillID="0" DelayPerCast="{1,540},{20,540}" MaxCastCount="-1" ActivateIfLostBuff="-1" ActivateIfHitTarget="false" ActivateWhenHPPercentDropBelow="25" ActivateWhenBeHit="false" ActivateWhenBeCritHit="false" ActivateWhenDoCritHit="false" ActivateAfterDie="false" ActivateAfterDoTotalCritHit="-1" ActivateWhenBeHitBySkills="-1" ActivateWhenHitWithSkills="-1" ActivateIfNoUseSkillForFrame="-1" ActivateIfNoUseSkillCauseLostInvisibilityForFrame="-1" ActivateEachFrame="-1" />
	<AutoSkill ID="9" Type="1" Name="Hàng Long Phục Hổ" CastPercent="{1,2},{10,6},{11,7}" CastSkillID="251" CastSkillLevel="-1" ParentSkillID="0" DelayPerCast="{1,540},{20,540}" MaxCastCount="-1" ActivateIfLostBuff="-1" ActivateIfHitTarget="false" ActivateWhenHPPercentDropBelow="-1" ActivateWhenBeHit="true" ActivateWhenBeCritHit="false" ActivateWhenDoCritHit="false" ActivateAfterDie="false" ActivateAfterDoTotalCritHit="-1" ActivateWhenBeHitBySkills="-1" ActivateWhenHitWithSkills="-1" ActivateIfNoUseSkillForFrame="-1" ActivateIfNoUseSkillCauseLostInvisibilityForFrame="-1" ActivateEachFrame="-1" />
	<AutoSkill ID="10" Type="4" Name="Kinh Lôi Phá Thiên" CastPercent="{1,20},{10,80},{13,90}" CastSkillID="257" CastSkillLevel="-1" ParentSkillID="0" DelayPerCast="{1,540},{20,540}" MaxCastCount="-1" ActivateIfLostBuff="-1" ActivateIfHitTarget="false" ActivateWhenHPPercentDropBelow="25" ActivateWhenBeHit="false" ActivateWhenBeCritHit="false" ActivateWhenDoCritHit="false" ActivateAfterDie="false" ActivateAfterDoTotalCritHit="-1" ActivateWhenBeHitBySkills="-1" ActivateWhenHitWithSkills="-1" ActivateIfNoUseSkillForFrame="-1" ActivateIfNoUseSkillCauseLostInvisibilityForFrame="-1" ActivateEachFrame="-1" />
	<AutoSkill ID="11" Type="4" Name="Thiên Vương Bản Sinh" CastPercent="{1,10},{10,60},{11,63}" CastSkillID="261" CastSkillLevel="-1" ParentSkillID="0" DelayPerCast="{1,810},{20,810}" MaxCastCount="-1" ActivateIfLostBuff="-1" ActivateIfHitTarget="false" ActivateWhenHPPercentDropBelow="25" ActivateWhenBeHit="false" ActivateWhenBeCritHit="false" ActivateWhenDoCritHit="false" ActivateAfterDie="false" ActivateAfterDoTotalCritHit="-1" ActivateWhenBeHitBySkills="-1" ActivateWhenHitWithSkills="-1" ActivateIfNoUseSkillForFrame="-1" ActivateIfNoUseSkillCauseLostInvisibilityForFrame="-1" ActivateEachFrame="-1" />
	<AutoSkill ID="12" Type="7" Name="Đoạn Cân Nhẫn" CastPercent="{1,100},{10,100}" CastSkillID="267" CastSkillLevel="-1" ParentSkillID="0" DelayPerCast="{1,90},{20,90}" MaxCastCount="-1" ActivateIfLostBuff="-1" ActivateIfHitTarget="false" ActivateWhenHPPercentDropBelow="-1" ActivateWhenBeHit="false" ActivateWhenBeCritHit="false" ActivateWhenDoCritHit="false" ActivateAfterDie="false" ActivateAfterDoTotalCritHit="-1" ActivateWhenBeHitBySkills="-1" ActivateWhenHitWithSkills="-1" ActivateIfNoUseSkillForFrame="-1" ActivateIfNoUseSkillCauseLostInvisibilityForFrame="-1" ActivateEachFrame="-1" />
	<AutoSkill ID="13" Type="4" Name="Khu Độc Thuật" CastPercent="{1,50},{10,100},{11,100}" CastSkillID="273" CastSkillLevel="-1" ParentSkillID="0" DelayPerCast="{1,540},{20,540}" MaxCastCount="-1" ActivateIfLostBuff="-1" ActivateIfHitTarget="false" ActivateWhenHPPercentDropBelow="25" ActivateWhenBeHit="false" ActivateWhenBeCritHit="false" ActivateWhenDoCritHit="false" ActivateAfterDie="false" ActivateAfterDoTotalCritHit="-1" ActivateWhenBeHitBySkills="-1" ActivateWhenHitWithSkills="-1" ActivateIfNoUseSkillForFrame="-1" ActivateIfNoUseSkillCauseLostInvisibilityForFrame="-1" ActivateEachFrame="-1" />
	<AutoSkill ID="14" Type="4" Name="Bất Diệt Bất Tuyệt" CastPercent="{1,50},{10,100},{11,100}" CastSkillID="480" CastSkillLevel="-1" ParentSkillID="0" DelayPerCast="{1,540},{20,540}" MaxCastCount="-1" ActivateIfLostBuff="-1" ActivateIfHitTarget="false" ActivateWhenHPPercentDropBelow="25" ActivateWhenBeHit="false" ActivateWhenBeCritHit="false" ActivateWhenDoCritHit="false" ActivateAfterDie="false" ActivateAfterDoTotalCritHit="-1" ActivateWhenBeHitBySkills="-1" ActivateWhenHitWithSkills="-1" ActivateIfNoUseSkillForFrame="-1" ActivateIfNoUseSkillCauseLostInvisibilityForFrame="-1" ActivateEachFrame="-1" />
	<AutoSkill ID="15" Type="4" Name="Huyền Băng Vô Tức" CastPercent="{1,100},{10,100}" CastSkillID="484" CastSkillLevel="-1" ParentSkillID="0" DelayPerCast="{1,540},{20,540}" MaxCastCount="-1" ActivateIfLostBuff="-1" ActivateIfHitTarget="false" ActivateWhenHPPercentDropBelow="25" ActivateWhenBeHit="false" ActivateWhenBeCritHit="false" ActivateWhenDoCritHit="false" ActivateAfterDie="false" ActivateAfterDoTotalCritHit="-1" ActivateWhenBeHitBySkills="-1" ActivateWhenHitWithSkills="-1" ActivateIfNoUseSkillForFrame="-1" ActivateIfNoUseSkillCauseLostInvisibilityForFrame="-1" ActivateEachFrame="-1" />
	<AutoSkill ID="16" Type="2" Name="Thời Thừa Lục Long" CastPercent="{1,100},{10,100}" CastSkillID="490" CastSkillLevel="-1" ParentSkillID="489" DelayPerCast="{1,2},{10,2}" MaxCastCount="{1,1},{10,6},{13,7}" ActivateIfLostBuff="-1" ActivateIfHitTarget="true" ActivateWhenHPPercentDropBelow="-1" ActivateWhenBeHit="false" ActivateWhenBeCritHit="false" ActivateWhenDoCritHit="false" ActivateAfterDie="false" ActivateAfterDoTotalCritHit="-1" ActivateWhenBeHitBySkills="-1" ActivateWhenHitWithSkills="-1" ActivateIfNoUseSkillForFrame="-1" ActivateIfNoUseSkillCauseLostInvisibilityForFrame="-1" ActivateEachFrame="-1" />
	<AutoSkill ID="17" Type="4" Name="Từ Bi Quyết" CastPercent="{1,15},{10,60},{11,60}" CastSkillID="1174" CastSkillLevel="{1,1},{10,10},{11,10}" ParentSkillID="0" DelayPerCast="{1,810},{20,810}" MaxCastCount="-1" ActivateIfLostBuff="-1" ActivateIfHitTarget="false" ActivateWhenHPPercentDropBelow="25" ActivateWhenBeHit="false" ActivateWhenBeCritHit="false" ActivateWhenDoCritHit="false" ActivateAfterDie="false" ActivateAfterDoTotalCritHit="-1" ActivateWhenBeHitBySkills="-1" ActivateWhenHitWithSkills="-1" ActivateIfNoUseSkillForFrame="-1" ActivateIfNoUseSkillCauseLostInvisibilityForFrame="-1" ActivateEachFrame="-1" />
	<AutoSkill ID="18" Type="4" Name="Lục Kiếm Tề Phát" CastPercent="{1,10},{10,60},{11,63}" CastSkillID="777" CastSkillLevel="-1" ParentSkillID="0" DelayPerCast="{1,540},{20,540}" MaxCastCount="-1" ActivateIfLostBuff="-1" ActivateIfHitTarget="false" ActivateWhenHPPercentDropBelow="25" ActivateWhenBeHit="false" ActivateWhenBeCritHit="false" ActivateWhenDoCritHit="false" ActivateAfterDie="false" ActivateAfterDoTotalCritHit="-1" ActivateWhenBeHitBySkills="-1" ActivateWhenHitWithSkills="-1" ActivateIfNoUseSkillForFrame="-1" ActivateIfNoUseSkillCauseLostInvisibilityForFrame="-1" ActivateEachFrame="-1" />
	<AutoSkill ID="19" Type="6" Name="Khí Vũ Thoái Tán" CastPercent="{1,100},{10,100}" CastSkillID="974" CastSkillLevel="-1" ParentSkillID="0" DelayPerCast="{1,270},{20,270}" MaxCastCount="-1" ActivateIfLostBuff="-1" ActivateIfHitTarget="false" ActivateWhenHPPercentDropBelow="-1" ActivateWhenBeHit="false" ActivateWhenBeCritHit="false" ActivateWhenDoCritHit="false" ActivateAfterDie="false" ActivateAfterDoTotalCritHit="-1" ActivateWhenBeHitBySkills="-1" ActivateWhenHitWithSkills="-1" ActivateIfNoUseSkillForFrame="-1" ActivateIfNoUseSkillCauseLostInvisibilityForFrame="-1" ActivateEachFrame="-1" />
	<AutoSkill ID="20" Type="5" Name="Ma Âm Phệ Phách" CastPercent="{1,100},{10,100}" CastSkillID="790" CastSkillLevel="-1" ParentSkillID="0" DelayPerCast="{1,810},{20,810}" MaxCastCount="-1" ActivateIfLostBuff="-1" ActivateIfHitTarget="false" ActivateWhenHPPercentDropBelow="-1" ActivateWhenBeHit="false" ActivateWhenBeCritHit="false" ActivateWhenDoCritHit="false" ActivateAfterDie="true" ActivateAfterDoTotalCritHit="-1" ActivateWhenBeHitBySkills="-1" ActivateWhenHitWithSkills="-1" ActivateIfNoUseSkillForFrame="-1" ActivateIfNoUseSkillCauseLostInvisibilityForFrame="-1" ActivateEachFrame="-1" />
	<AutoSkill ID="21" Type="5" Name="Ba La Tâm Kinh" CastPercent="{1,100},{10,100}" CastSkillID="792" CastSkillLevel="-1" ParentSkillID="0" DelayPerCast="{1,810},{20,810}" MaxCastCount="-1" ActivateIfLostBuff="-1" ActivateIfHitTarget="false" ActivateWhenHPPercentDropBelow="-1" ActivateWhenBeHit="false" ActivateWhenBeCritHit="false" ActivateWhenDoCritHit="false" ActivateAfterDie="true" ActivateAfterDoTotalCritHit="-1" ActivateWhenBeHitBySkills="-1" ActivateWhenHitWithSkills="-1" ActivateIfNoUseSkillForFrame="-1" ActivateIfNoUseSkillCauseLostInvisibilityForFrame="-1" ActivateEachFrame="-1" />
	<AutoSkill ID="22" Type="2" Name="npc Thời Thừa Lục Long" CastPercent="{1,100},{10,100}" CastSkillID="1023" CastSkillLevel="-1" ParentSkillID="1022" DelayPerCast="{1,10},{10,10}" MaxCastCount="{1,6},{10,6}" ActivateIfLostBuff="-1" ActivateIfHitTarget="false" ActivateWhenHPPercentDropBelow="-1" ActivateWhenBeHit="false" ActivateWhenBeCritHit="false" ActivateWhenDoCritHit="false" ActivateAfterDie="false" ActivateAfterDoTotalCritHit="-1" ActivateWhenBeHitBySkills="-1" ActivateWhenHitWithSkills="-1" ActivateIfNoUseSkillForFrame="-1" ActivateIfNoUseSkillCauseLostInvisibilityForFrame="-1" ActivateEachFrame="-1" />
	<AutoSkill ID="23" Type="2" Name="npc Lục Dương Dung Tuyết Công" CastPercent="{1,100},{10,100}" CastSkillID="1085" CastSkillLevel="-1" ParentSkillID="0" DelayPerCast="{1,18},{20,18}" MaxCastCount="-1" ActivateIfLostBuff="-1" ActivateIfHitTarget="false" ActivateWhenHPPercentDropBelow="-1" ActivateWhenBeHit="false" ActivateWhenBeCritHit="false" ActivateWhenDoCritHit="false" ActivateAfterDie="false" ActivateAfterDoTotalCritHit="-1" ActivateWhenBeHitBySkills="-1" ActivateWhenHitWithSkills="-1" ActivateIfNoUseSkillForFrame="-1" ActivateIfNoUseSkillCauseLostInvisibilityForFrame="-1" ActivateEachFrame="-1" />
	<AutoSkill ID="24" Type="4" Name="Kim Cang Bất Hoại" CastPercent="{1,20},{10,80},{13,90}" CastSkillID="1223" CastSkillLevel="-1" ParentSkillID="0" DelayPerCast="{1,810},{20,810}" MaxCastCount="-1" ActivateIfLostBuff="-1" ActivateIfHitTarget="false" ActivateWhenHPPercentDropBelow="25" ActivateWhenBeHit="false" ActivateWhenBeCritHit="false" ActivateWhenDoCritHit="false" ActivateAfterDie="false" ActivateAfterDoTotalCritHit="-1" ActivateWhenBeHitBySkills="-1" ActivateWhenHitWithSkills="-1" ActivateIfNoUseSkillForFrame="-1" ActivateIfNoUseSkillCauseLostInvisibilityForFrame="-1" ActivateEachFrame="-1" />
	<AutoSkill ID="25" Type="11" Name="Hóa Huyết Tiệt Mạch" CastPercent="{1,8},{10,20},{11,20}" CastSkillID="1225" CastSkillLevel="-1" ParentSkillID="0" DelayPerCast="{1,360},{20,360}" MaxCastCount="-1" ActivateIfLostBuff="-1" ActivateIfHitTarget="false" ActivateWhenHPPercentDropBelow="-1" ActivateWhenBeHit="false" ActivateWhenBeCritHit="false" ActivateWhenDoCritHit="true" ActivateAfterDie="false" ActivateAfterDoTotalCritHit="-1" ActivateWhenBeHitBySkills="-1" ActivateWhenHitWithSkills="-1" ActivateIfNoUseSkillForFrame="-1" ActivateIfNoUseSkillCauseLostInvisibilityForFrame="-1" ActivateEachFrame="-1" />
	<AutoSkill ID="26" Type="11" Name="Truy Phong Độc Thích" CastPercent="{1,12},{10,30},{11,30}" CastSkillID="1228" CastSkillLevel="-1" ParentSkillID="0" DelayPerCast="{1,270},{20,270}" MaxCastCount="-1" ActivateIfLostBuff="-1" ActivateIfHitTarget="false" ActivateWhenHPPercentDropBelow="-1" ActivateWhenBeHit="false" ActivateWhenBeCritHit="false" ActivateWhenDoCritHit="true" ActivateAfterDie="false" ActivateAfterDoTotalCritHit="-1" ActivateWhenBeHitBySkills="-1" ActivateWhenHitWithSkills="-1" ActivateIfNoUseSkillForFrame="-1" ActivateIfNoUseSkillCauseLostInvisibilityForFrame="-1" ActivateEachFrame="-1" />
	<AutoSkill ID="27" Type="9" Name="Kim Đỉnh Miên Chưởng" CastPercent="{1,12},{10,30},{11,30}" CastSkillID="1230" CastSkillLevel="-1" ParentSkillID="0" DelayPerCast="{1,360},{20,360}" MaxCastCount="-1" ActivateIfLostBuff="-1" ActivateIfHitTarget="false" ActivateWhenHPPercentDropBelow="-1" ActivateWhenBeHit="false" ActivateWhenBeCritHit="false" ActivateWhenDoCritHit="true" ActivateAfterDie="false" ActivateAfterDoTotalCritHit="-1" ActivateWhenBeHitBySkills="-1" ActivateWhenHitWithSkills="-1" ActivateIfNoUseSkillForFrame="-1" ActivateIfNoUseSkillCauseLostInvisibilityForFrame="-1" ActivateEachFrame="-1" />
	<AutoSkill ID="28" Type="10" Name="Đạp Tuyết Vô Ngấn" CastPercent="{1,12},{10,30},{11,30}" CastSkillID="1231" CastSkillLevel="-1" ParentSkillID="0" DelayPerCast="{1,270},{20,270}" MaxCastCount="-1" ActivateIfLostBuff="-1" ActivateIfHitTarget="false" ActivateWhenHPPercentDropBelow="-1" ActivateWhenBeHit="false" ActivateWhenBeCritHit="false" ActivateWhenDoCritHit="true" ActivateAfterDie="false" ActivateAfterDoTotalCritHit="-1" ActivateWhenBeHitBySkills="-1" ActivateWhenHitWithSkills="-1" ActivateIfNoUseSkillForFrame="-1" ActivateIfNoUseSkillCauseLostInvisibilityForFrame="-1" ActivateEachFrame="-1" />
	<AutoSkill ID="29" Type="8" Name="Lưỡng Nghi Tâm Pháp" CastPercent="{1,20},{10,80},{13,90}" CastSkillID="1234" CastSkillLevel="-1" ParentSkillID="0" DelayPerCast="{1,540},{20,540}" MaxCastCount="-1" ActivateIfLostBuff="497" ActivateIfHitTarget="false" ActivateWhenHPPercentDropBelow="-1" ActivateWhenBeHit="false" ActivateWhenBeCritHit="false" ActivateWhenDoCritHit="false" ActivateAfterDie="false" ActivateAfterDoTotalCritHit="-1" ActivateWhenBeHitBySkills="-1" ActivateWhenHitWithSkills="-1" ActivateIfNoUseSkillForFrame="-1" ActivateIfNoUseSkillCauseLostInvisibilityForFrame="-1" ActivateEachFrame="-1" />
	<AutoSkill ID="30" Type="4" Name="Lưỡng Nghi Chân Khí" CastPercent="{1,20},{10,80},{13,90}" CastSkillID="1237" CastSkillLevel="-1" ParentSkillID="0" DelayPerCast="{1,540},{20,540}" MaxCastCount="-1" ActivateIfLostBuff="-1" ActivateIfHitTarget="false" ActivateWhenHPPercentDropBelow="25" ActivateWhenBeHit="false" ActivateWhenBeCritHit="false" ActivateWhenDoCritHit="false" ActivateAfterDie="false" ActivateAfterDoTotalCritHit="-1" ActivateWhenBeHitBySkills="-1" ActivateWhenHitWithSkills="-1" ActivateIfNoUseSkillForFrame="-1" ActivateIfNoUseSkillCauseLostInvisibilityForFrame="-1" ActivateEachFrame="-1" />
	<AutoSkill ID="31" Type="6" Name="npc Tự Động Ẩn Thân" CastPercent="{1,100},{10,100}" CastSkillID="122" CastSkillLevel="-1" ParentSkillID="0" DelayPerCast="{1,540},{20,540}" MaxCastCount="-1" ActivateIfLostBuff="-1" ActivateIfHitTarget="false" ActivateWhenHPPercentDropBelow="-1" ActivateWhenBeHit="false" ActivateWhenBeCritHit="false" ActivateWhenDoCritHit="false" ActivateAfterDie="false" ActivateAfterDoTotalCritHit="-1" ActivateWhenBeHitBySkills="-1" ActivateWhenHitWithSkills="-1" ActivateIfNoUseSkillForFrame="-1" ActivateIfNoUseSkillCauseLostInvisibilityForFrame="-1" ActivateEachFrame="-1" />
	<AutoSkill ID="32" Type="6" Name="Thông Vi Hiển Hóa_Đồng đội" CastPercent="{1,100},{10,100}" CastSkillID="1360" CastSkillLevel="-1" ParentSkillID="0" DelayPerCast="{1,270},{20,270}" MaxCastCount="-1" ActivateIfLostBuff="-1" ActivateIfHitTarget="false" ActivateWhenHPPercentDropBelow="-1" ActivateWhenBeHit="false" ActivateWhenBeCritHit="false" ActivateWhenDoCritHit="false" ActivateAfterDie="false" ActivateAfterDoTotalCritHit="-1" ActivateWhenBeHitBySkills="-1" ActivateWhenHitWithSkills="-1" ActivateIfNoUseSkillForFrame="-1" ActivateIfNoUseSkillCauseLostInvisibilityForFrame="-1" ActivateEachFrame="-1" />
	<AutoSkill ID="33" Type="6" Name="Hạo Nhiên Chính Khí_Đồng đội" CastPercent="{1,100},{10,100}" CastSkillID="1298" CastSkillLevel="-1" ParentSkillID="0" DelayPerCast="{1,270},{20,270}" MaxCastCount="-1" ActivateIfLostBuff="-1" ActivateIfHitTarget="false" ActivateWhenHPPercentDropBelow="-1" ActivateWhenBeHit="false" ActivateWhenBeCritHit="false" ActivateWhenDoCritHit="false" ActivateAfterDie="false" ActivateAfterDoTotalCritHit="-1" ActivateWhenBeHitBySkills="-1" ActivateWhenHitWithSkills="-1" ActivateIfNoUseSkillForFrame="-1" ActivateIfNoUseSkillCauseLostInvisibilityForFrame="-1" ActivateEachFrame="-1" />
	<AutoSkill ID="34" Type="6" Name="Thất Tuyệt Sát Quang" CastPercent="{1,100},{10,100}" CastSkillID="1187" CastSkillLevel="-1" ParentSkillID="0" DelayPerCast="{1,540},{20,540}" MaxCastCount="-1" ActivateIfLostBuff="-1" ActivateIfHitTarget="false" ActivateWhenHPPercentDropBelow="-1" ActivateWhenBeHit="false" ActivateWhenBeCritHit="false" ActivateWhenDoCritHit="false" ActivateAfterDie="false" ActivateAfterDoTotalCritHit="-1" ActivateWhenBeHitBySkills="-1" ActivateWhenHitWithSkills="-1" ActivateIfNoUseSkillForFrame="-1" ActivateIfNoUseSkillCauseLostInvisibilityForFrame="-1" ActivateEachFrame="540" />
	<AutoSkill ID="35" Type="4" Name="Cửu Hi Hỗn Dương" CastPercent="{1,20},{10,80},{13,90}" CastSkillID="1172" CastSkillLevel="-1" ParentSkillID="0" DelayPerCast="{1,810},{20,810}" MaxCastCount="-1" ActivateIfLostBuff="-1" ActivateIfHitTarget="false" ActivateWhenHPPercentDropBelow="25" ActivateWhenBeHit="false" ActivateWhenBeCritHit="false" ActivateWhenDoCritHit="false" ActivateAfterDie="false" ActivateAfterDoTotalCritHit="-1" ActivateWhenBeHitBySkills="-1" ActivateWhenHitWithSkills="-1" ActivateIfNoUseSkillForFrame="-1" ActivateIfNoUseSkillCauseLostInvisibilityForFrame="-1" ActivateEachFrame="-1" />
	<AutoSkill ID="36" Type="12" Name="Quy Khứ Lai Hề" CastPercent="{1,20},{10,100},{11,100}" CastSkillID="122" CastSkillLevel="-1" ParentSkillID="0" DelayPerCast="{1,180},{10,540}" MaxCastCount="-1" ActivateIfLostBuff="-1" ActivateIfHitTarget="true" ActivateWhenHPPercentDropBelow="-1" ActivateWhenBeHit="false" ActivateWhenBeCritHit="false" ActivateWhenDoCritHit="false" ActivateAfterDie="false" ActivateAfterDoTotalCritHit="-1" ActivateWhenBeHitBySkills="-1" ActivateWhenHitWithSkills="-1" ActivateIfNoUseSkillForFrame="-1" ActivateIfNoUseSkillCauseLostInvisibilityForFrame="-1" ActivateEachFrame="-1" />
	<AutoSkill ID="37" Type="3" Name="Trảo Long Công" CastPercent="{1,20},{10,80},{13,90}" CastSkillID="1176" CastSkillLevel="-1" ParentSkillID="0" DelayPerCast="{1,540},{20,540}" MaxCastCount="-1" ActivateIfLostBuff="-1" ActivateIfHitTarget="false" ActivateWhenHPPercentDropBelow="50" ActivateWhenBeHit="false" ActivateWhenBeCritHit="false" ActivateWhenDoCritHit="false" ActivateAfterDie="false" ActivateAfterDoTotalCritHit="-1" ActivateWhenBeHitBySkills="-1" ActivateWhenHitWithSkills="-1" ActivateIfNoUseSkillForFrame="-1" ActivateIfNoUseSkillCauseLostInvisibilityForFrame="-1" ActivateEachFrame="-1" />
	<AutoSkill ID="38" Type="13" Name="Thúc Phọc Chú" CastPercent="{1,2},{10,6},{11,7}" CastSkillID="1179" CastSkillLevel="-1" ParentSkillID="0" DelayPerCast="{1,540},{20,540}" MaxCastCount="-1" ActivateIfLostBuff="-1" ActivateIfHitTarget="false" ActivateWhenHPPercentDropBelow="-1" ActivateWhenBeHit="true" ActivateWhenBeCritHit="false" ActivateWhenDoCritHit="false" ActivateAfterDie="false" ActivateAfterDoTotalCritHit="-1" ActivateWhenBeHitBySkills="-1" ActivateWhenHitWithSkills="-1" ActivateIfNoUseSkillForFrame="-1" ActivateIfNoUseSkillCauseLostInvisibilityForFrame="-1" ActivateEachFrame="-1" />
	<AutoSkill ID="39" Type="6" Name="Thái Ất Chân Khí" CastPercent="{1,100},{10,100}" CastSkillID="1180" CastSkillLevel="-1" ParentSkillID="0" DelayPerCast="{1,216},{10,108},{13,90}" MaxCastCount="-1" ActivateIfLostBuff="-1" ActivateIfHitTarget="false" ActivateWhenHPPercentDropBelow="-1" ActivateWhenBeHit="false" ActivateWhenBeCritHit="false" ActivateWhenDoCritHit="false" ActivateAfterDie="false" ActivateAfterDoTotalCritHit="-1" ActivateWhenBeHitBySkills="-1" ActivateWhenHitWithSkills="-1" ActivateIfNoUseSkillForFrame="-1" ActivateIfNoUseSkillCauseLostInvisibilityForFrame="-1" ActivateEachFrame="-1" />
	<AutoSkill ID="40" Type="1" Name="Mật Tịch Côn Thiếu (cao)" CastPercent="{1,100},{10,100}" CastSkillID="1265" CastSkillLevel="-1" ParentSkillID="0" DelayPerCast="{1,540},{10,180},{12,162}" MaxCastCount="-1" ActivateIfLostBuff="-1" ActivateIfHitTarget="false" ActivateWhenHPPercentDropBelow="-1" ActivateWhenBeHit="true" ActivateWhenBeCritHit="false" ActivateWhenDoCritHit="false" ActivateAfterDie="false" ActivateAfterDoTotalCritHit="-1" ActivateWhenBeHitBySkills="-1" ActivateWhenHitWithSkills="-1" ActivateIfNoUseSkillForFrame="-1" ActivateIfNoUseSkillCauseLostInvisibilityForFrame="-1" ActivateEachFrame="-1" />
	<AutoSkill ID="41" Type="2" Name="Mật Tịch Chưởng Cái (cao)" CastPercent="{1,2},{10,2}" CastSkillID="1268" CastSkillLevel="-1" ParentSkillID="0" DelayPerCast="{1,540},{10,180}" MaxCastCount="-1" ActivateIfLostBuff="-1" ActivateIfHitTarget="true" ActivateWhenHPPercentDropBelow="-1" ActivateWhenBeHit="false" ActivateWhenBeCritHit="false" ActivateWhenDoCritHit="false" ActivateAfterDie="false" ActivateAfterDoTotalCritHit="-1" ActivateWhenBeHitBySkills="-1" ActivateWhenHitWithSkills="-1" ActivateIfNoUseSkillForFrame="-1" ActivateIfNoUseSkillCauseLostInvisibilityForFrame="-1" ActivateEachFrame="-1" />
	<AutoSkill ID="42" Type="13" Name="Mật Tịch Kiếm Minh (cao)" CastPercent="{1,2},{10,6}" CastSkillID="1271" CastSkillLevel="-1" ParentSkillID="0" DelayPerCast="{1,180},{20,180}" MaxCastCount="-1" ActivateIfLostBuff="-1" ActivateIfHitTarget="false" ActivateWhenHPPercentDropBelow="-1" ActivateWhenBeHit="false" ActivateWhenBeCritHit="false" ActivateWhenDoCritHit="true" ActivateAfterDie="false" ActivateAfterDoTotalCritHit="-1" ActivateWhenBeHitBySkills="-1" ActivateWhenHitWithSkills="-1" ActivateIfNoUseSkillForFrame="-1" ActivateIfNoUseSkillCauseLostInvisibilityForFrame="-1" ActivateEachFrame="-1" />
	<AutoSkill ID="43" Type="2" Name="Mật Tịch Thương Thiên (cao)" CastPercent="{1,100},{10,100}" CastSkillID="1273" CastSkillLevel="-1" ParentSkillID="0" DelayPerCast="{1,3},{10,3}" MaxCastCount="-1" ActivateIfLostBuff="-1" ActivateIfHitTarget="true" ActivateWhenHPPercentDropBelow="-1" ActivateWhenBeHit="false" ActivateWhenBeCritHit="false" ActivateWhenDoCritHit="false" ActivateAfterDie="false" ActivateAfterDoTotalCritHit="-1" ActivateWhenBeHitBySkills="-1" ActivateWhenHitWithSkills="-1" ActivateIfNoUseSkillForFrame="-1" ActivateIfNoUseSkillCauseLostInvisibilityForFrame="-1" ActivateEachFrame="-1" />
	<AutoSkill ID="44" Type="13" Name="Mật Tịch Khí Võ (cao)" CastPercent="{1,2},{10,6},{11,6}" CastSkillID="1274" CastSkillLevel="-1" ParentSkillID="0" DelayPerCast="{1,10},{10,10}" MaxCastCount="-1" ActivateIfLostBuff="-1" ActivateIfHitTarget="false" ActivateWhenHPPercentDropBelow="-1" ActivateWhenBeHit="true" ActivateWhenBeCritHit="false" ActivateWhenDoCritHit="false" ActivateAfterDie="false" ActivateAfterDoTotalCritHit="-1" ActivateWhenBeHitBySkills="-1" ActivateWhenHitWithSkills="-1" ActivateIfNoUseSkillForFrame="-1" ActivateIfNoUseSkillCauseLostInvisibilityForFrame="-1" ActivateEachFrame="-1" />
	<AutoSkill ID="45" Type="2" Name="Mật Tịch Ma Nhẫn (cao 1)" CastPercent="{1,100},{10,100}" CastSkillID="1277" CastSkillLevel="-1" ParentSkillID="0" DelayPerCast="{1,540},{10,540}" MaxCastCount="-1" ActivateIfLostBuff="-1" ActivateIfHitTarget="true" ActivateWhenHPPercentDropBelow="-1" ActivateWhenBeHit="false" ActivateWhenBeCritHit="false" ActivateWhenDoCritHit="false" ActivateAfterDie="false" ActivateAfterDoTotalCritHit="-1" ActivateWhenBeHitBySkills="-1" ActivateWhenHitWithSkills="-1" ActivateIfNoUseSkillForFrame="-1" ActivateIfNoUseSkillCauseLostInvisibilityForFrame="-1" ActivateEachFrame="-1" />
	<AutoSkill ID="46" Type="2" Name="Mật Tịch Chưởng Độc (cao)" CastPercent="{1,100},{10,100}" CastSkillID="1276" CastSkillLevel="-1" ParentSkillID="0" DelayPerCast="{1,36},{10,36}" MaxCastCount="-1" ActivateIfLostBuff="-1" ActivateIfHitTarget="true" ActivateWhenHPPercentDropBelow="-1" ActivateWhenBeHit="false" ActivateWhenBeCritHit="false" ActivateWhenDoCritHit="false" ActivateAfterDie="false" ActivateAfterDoTotalCritHit="-1" ActivateWhenBeHitBySkills="-1" ActivateWhenHitWithSkills="-1" ActivateIfNoUseSkillForFrame="-1" ActivateIfNoUseSkillCauseLostInvisibilityForFrame="-1" ActivateEachFrame="-1" />
	<AutoSkill ID="47" Type="2" Name="Mật Tịch Ma Nhẫn (cao 2)" CastPercent="{1,100},{10,100}" CastSkillID="1278" CastSkillLevel="-1" ParentSkillID="1277" DelayPerCast="{1,18},{10,18}" MaxCastCount="3" ActivateIfLostBuff="-1" ActivateIfHitTarget="false" ActivateWhenHPPercentDropBelow="-1" ActivateWhenBeHit="false" ActivateWhenBeCritHit="false" ActivateWhenDoCritHit="false" ActivateAfterDie="false" ActivateAfterDoTotalCritHit="3" ActivateWhenBeHitBySkills="-1" ActivateWhenHitWithSkills="-1" ActivateIfNoUseSkillForFrame="-1" ActivateIfNoUseSkillCauseLostInvisibilityForFrame="-1" ActivateEachFrame="-1" />
	<AutoSkill ID="48" Type="1" Name="Mật Tịch Chùy Thiên (cao)" CastPercent="{1,100},{10,100}" CastSkillID="1279" CastSkillLevel="-1" ParentSkillID="0" DelayPerCast="{1,36},{10,36}" MaxCastCount="-1" ActivateIfLostBuff="-1" ActivateIfHitTarget="false" ActivateWhenHPPercentDropBelow="-1" ActivateWhenBeHit="true" ActivateWhenBeCritHit="false" ActivateWhenDoCritHit="false" ActivateAfterDie="false" ActivateAfterDoTotalCritHit="-1" ActivateWhenBeHitBySkills="-1" ActivateWhenHitWithSkills="-1" ActivateIfNoUseSkillForFrame="-1" ActivateIfNoUseSkillCauseLostInvisibilityForFrame="-1" ActivateEachFrame="-1" />
	<AutoSkill ID="49" Type="6" Name="Mật Tịch Khí Đoàn (cao)" CastPercent="{1,40},{10,40}" CastSkillID="1285" CastSkillLevel="-1" ParentSkillID="0" DelayPerCast="{1,18},{10,18}" MaxCastCount="-1" ActivateIfLostBuff="-1" ActivateIfHitTarget="true" ActivateWhenHPPercentDropBelow="-1" ActivateWhenBeHit="false" ActivateWhenBeCritHit="false" ActivateWhenDoCritHit="false" ActivateAfterDie="false" ActivateAfterDoTotalCritHit="-1" ActivateWhenBeHitBySkills="-1" ActivateWhenHitWithSkills="-1" ActivateIfNoUseSkillForFrame="-1" ActivateIfNoUseSkillCauseLostInvisibilityForFrame="-1" ActivateEachFrame="-1" />
	<AutoSkill ID="50" Type="6" Name="Nguyệt Hoa Thiên Lý_Đồng đội" CastPercent="{1,100},{10,100}" CastSkillID="1416" CastSkillLevel="-1" ParentSkillID="0" DelayPerCast="{1,270},{20,270}" MaxCastCount="-1" ActivateIfLostBuff="-1" ActivateIfHitTarget="false" ActivateWhenHPPercentDropBelow="-1" ActivateWhenBeHit="false" ActivateWhenBeCritHit="false" ActivateWhenDoCritHit="false" ActivateAfterDie="false" ActivateAfterDoTotalCritHit="-1" ActivateWhenBeHitBySkills="-1" ActivateWhenHitWithSkills="-1" ActivateIfNoUseSkillForFrame="-1" ActivateIfNoUseSkillCauseLostInvisibilityForFrame="-1" ActivateEachFrame="-1" />
	<AutoSkill ID="51" Type="6" Name="Kỹ năng giày_Đồng đội" CastPercent="{1,100},{10,100}" CastSkillID="1472" CastSkillLevel="-1" ParentSkillID="0" DelayPerCast="{1,270},{20,270}" MaxCastCount="-1" ActivateIfLostBuff="-1" ActivateIfHitTarget="false" ActivateWhenHPPercentDropBelow="-1" ActivateWhenBeHit="false" ActivateWhenBeCritHit="false" ActivateWhenDoCritHit="false" ActivateAfterDie="false" ActivateAfterDoTotalCritHit="-1" ActivateWhenBeHitBySkills="-1" ActivateWhenHitWithSkills="-1" ActivateIfNoUseSkillForFrame="-1" ActivateIfNoUseSkillCauseLostInvisibilityForFrame="-1" ActivateEachFrame="-1" />
	<AutoSkill ID="52" Type="14" Name="Thiên Hà Thần Công" CastPercent="{1,100},{10,100}" CastSkillID="1294" CastSkillLevel="-1" ParentSkillID="0" DelayPerCast="{1,5400},{10,5400}" MaxCastCount="-1" ActivateIfLostBuff="-1" ActivateIfHitTarget="false" ActivateWhenHPPercentDropBelow="-1" ActivateWhenBeHit="false" ActivateWhenBeCritHit="false" ActivateWhenDoCritHit="false" ActivateAfterDie="false" ActivateAfterDoTotalCritHit="-1" ActivateWhenBeHitBySkills="-1" ActivateWhenHitWithSkills="-1" ActivateIfNoUseSkillForFrame="-1" ActivateIfNoUseSkillCauseLostInvisibilityForFrame="-1" ActivateEachFrame="-1" />
	<AutoSkill ID="53" Type="13" Name="Kiếm Thúy 120" CastPercent="{1,100},{10,100}" CastSkillID="1288" CastSkillLevel="-1" ParentSkillID="840" DelayPerCast="{1,1},{10,1}" MaxCastCount="{1,9},{10,15},{11,15}" ActivateIfLostBuff="-1" ActivateIfHitTarget="false" ActivateWhenHPPercentDropBelow="-1" ActivateWhenBeHit="false" ActivateWhenBeCritHit="false" ActivateWhenDoCritHit="false" ActivateAfterDie="false" ActivateAfterDoTotalCritHit="-1" ActivateWhenBeHitBySkills="-1" ActivateWhenHitWithSkills="-1" ActivateIfNoUseSkillForFrame="-1" ActivateIfNoUseSkillCauseLostInvisibilityForFrame="-1" ActivateEachFrame="-1" />
	<AutoSkill ID="54" Type="1" Name="Đao Thiếu 120" CastPercent="{1,100},{10,100}" CastSkillID="1283" CastSkillLevel="-1" ParentSkillID="820" DelayPerCast="{1,3},{10,3}" MaxCastCount="{1,15},{10,24},{11,24}" ActivateIfLostBuff="-1" ActivateIfHitTarget="false" ActivateWhenHPPercentDropBelow="-1" ActivateWhenBeHit="false" ActivateWhenBeCritHit="false" ActivateWhenDoCritHit="false" ActivateAfterDie="false" ActivateAfterDoTotalCritHit="-1" ActivateWhenBeHitBySkills="-1" ActivateWhenHitWithSkills="-1" ActivateIfNoUseSkillForFrame="-1" ActivateIfNoUseSkillCauseLostInvisibilityForFrame="-1" ActivateEachFrame="-1" />
	<AutoSkill ID="55" Type="6" Name="Tụ Tiễn 120" CastPercent="{1,100},{10,100}" CastSkillID="1292" CastSkillLevel="-1" ParentSkillID="1292" DelayPerCast="{1,90},{10,90}" MaxCastCount="{1,6},{10,6}" ActivateIfLostBuff="-1" ActivateIfHitTarget="false" ActivateWhenHPPercentDropBelow="-1" ActivateWhenBeHit="false" ActivateWhenBeCritHit="false" ActivateWhenDoCritHit="false" ActivateAfterDie="false" ActivateAfterDoTotalCritHit="-1" ActivateWhenBeHitBySkills="-1" ActivateWhenHitWithSkills="-1" ActivateIfNoUseSkillForFrame="-1" ActivateIfNoUseSkillCauseLostInvisibilityForFrame="-1" ActivateEachFrame="-1" />
	<AutoSkill ID="56" Type="2" Name="Chưởng Nga 120" CastPercent="{1,10},{10,10}" CastSkillID="1436" CastSkillLevel="-1" ParentSkillID="0" DelayPerCast="{1,9},{10,9}" MaxCastCount="-1" ActivateIfLostBuff="-1" ActivateIfHitTarget="false" ActivateWhenHPPercentDropBelow="-1" ActivateWhenBeHit="false" ActivateWhenBeCritHit="false" ActivateWhenDoCritHit="false" ActivateAfterDie="false" ActivateAfterDoTotalCritHit="-1" ActivateWhenBeHitBySkills="-1" ActivateWhenHitWithSkills="-1" ActivateIfNoUseSkillForFrame="-1" ActivateIfNoUseSkillCauseLostInvisibilityForFrame="-1" ActivateEachFrame="-1" />
	<AutoSkill ID="57" Type="6" Name="Đao Thúy 120" CastPercent="{1,100},{10,100}" CastSkillID="1672" CastSkillLevel="-1" ParentSkillID="0" DelayPerCast="{1,54},{10,54}" MaxCastCount="-1" ActivateIfLostBuff="-1" ActivateIfHitTarget="false" ActivateWhenHPPercentDropBelow="-1" ActivateWhenBeHit="false" ActivateWhenBeCritHit="false" ActivateWhenDoCritHit="false" ActivateAfterDie="false" ActivateAfterDoTotalCritHit="-1" ActivateWhenBeHitBySkills="-1" ActivateWhenHitWithSkills="-1" ActivateIfNoUseSkillForFrame="-1" ActivateIfNoUseSkillCauseLostInvisibilityForFrame="-1" ActivateEachFrame="-1" />
	<AutoSkill ID="58" Type="2" Name="Đao Thúy 120_Tử" CastPercent="{1,100},{10,100}" CastSkillID="1283" CastSkillLevel="-1" ParentSkillID="1648" DelayPerCast="{1,1},{10,1}" MaxCastCount="{1,1},{10,1}" ActivateIfLostBuff="-1" ActivateIfHitTarget="false" ActivateWhenHPPercentDropBelow="-1" ActivateWhenBeHit="false" ActivateWhenBeCritHit="false" ActivateWhenDoCritHit="false" ActivateAfterDie="false" ActivateAfterDoTotalCritHit="-1" ActivateWhenBeHitBySkills="-1" ActivateWhenHitWithSkills="-1" ActivateIfNoUseSkillForFrame="-1" ActivateIfNoUseSkillCauseLostInvisibilityForFrame="-1" ActivateEachFrame="-1" />
	<AutoSkill ID="59" Type="13" Name="Chưởng Cái 120" CastPercent="{1,2},{10,15},{11,15}" CastSkillID="1649" CastSkillLevel="-1" ParentSkillID="0" DelayPerCast="{1,10},{10,10}" MaxCastCount="-1" ActivateIfLostBuff="-1" ActivateIfHitTarget="false" ActivateWhenHPPercentDropBelow="-1" ActivateWhenBeHit="false" ActivateWhenBeCritHit="false" ActivateWhenDoCritHit="false" ActivateAfterDie="false" ActivateAfterDoTotalCritHit="-1" ActivateWhenBeHitBySkills="-1" ActivateWhenHitWithSkills="-1" ActivateIfNoUseSkillForFrame="-1" ActivateIfNoUseSkillCauseLostInvisibilityForFrame="-1" ActivateEachFrame="-1" />
	<AutoSkill ID="60" Type="6" Name="Ma Nhẫn 120" CastPercent="{1,100},{10,100}" CastSkillID="1669" CastSkillLevel="-1" ParentSkillID="0" DelayPerCast="{1,90},{10,90}" MaxCastCount="-1" ActivateIfLostBuff="-1" ActivateIfHitTarget="false" ActivateWhenHPPercentDropBelow="-1" ActivateWhenBeHit="false" ActivateWhenBeCritHit="false" ActivateWhenDoCritHit="false" ActivateAfterDie="false" ActivateAfterDoTotalCritHit="-1" ActivateWhenBeHitBySkills="-1" ActivateWhenHitWithSkills="-1" ActivateIfNoUseSkillForFrame="-1" ActivateIfNoUseSkillCauseLostInvisibilityForFrame="-1" ActivateEachFrame="-1" />
	<AutoSkill ID="61" Type="6" Name="Kiếm Võ 120" CastPercent="{1,100},{10,100}" CastSkillID="1658" CastSkillLevel="-1" ParentSkillID="854" DelayPerCast="{1,90},{10,90}" MaxCastCount="-1" ActivateIfLostBuff="-1" ActivateIfHitTarget="false" ActivateWhenHPPercentDropBelow="-1" ActivateWhenBeHit="false" ActivateWhenBeCritHit="false" ActivateWhenDoCritHit="false" ActivateAfterDie="false" ActivateAfterDoTotalCritHit="-1" ActivateWhenBeHitBySkills="-1" ActivateWhenHitWithSkills="-1" ActivateIfNoUseSkillForFrame="-1" ActivateIfNoUseSkillCauseLostInvisibilityForFrame="-1" ActivateEachFrame="-1" />
	<AutoSkill ID="62" Type="2" Name="Đao Côn 120" CastPercent="{1,10},{10,35}" CastSkillID="1659" CastSkillLevel="-1" ParentSkillID="0" DelayPerCast="{1,270},{10,270}" MaxCastCount="-1" ActivateIfLostBuff="-1" ActivateIfHitTarget="false" ActivateWhenHPPercentDropBelow="-1" ActivateWhenBeHit="false" ActivateWhenBeCritHit="false" ActivateWhenDoCritHit="false" ActivateAfterDie="false" ActivateAfterDoTotalCritHit="-1" ActivateWhenBeHitBySkills="-1" ActivateWhenHitWithSkills="-1" ActivateIfNoUseSkillForFrame="-1" ActivateIfNoUseSkillCauseLostInvisibilityForFrame="-1" ActivateEachFrame="-1" />
	<AutoSkill ID="63" Type="13" Name="npc Kiếm Thúy 120" CastPercent="{1,100},{10,100}" CastSkillID="1955" CastSkillLevel="-1" ParentSkillID="1954" DelayPerCast="{1,1},{10,1}" MaxCastCount="{1,9},{10,15},{11,15}" ActivateIfLostBuff="-1" ActivateIfHitTarget="false" ActivateWhenHPPercentDropBelow="-1" ActivateWhenBeHit="false" ActivateWhenBeCritHit="false" ActivateWhenDoCritHit="false" ActivateAfterDie="false" ActivateAfterDoTotalCritHit="-1" ActivateWhenBeHitBySkills="-1" ActivateWhenHitWithSkills="-1" ActivateIfNoUseSkillForFrame="-1" ActivateIfNoUseSkillCauseLostInvisibilityForFrame="-1" ActivateEachFrame="-1" />
	<AutoSkill ID="64" Type="1" Name="Kiếm Côn 120" CastPercent="{1,20},{10,20},{11,21}" CastSkillID="1661" CastSkillLevel="-1" ParentSkillID="0" DelayPerCast="{1,9},{10,9}" MaxCastCount="-1" ActivateIfLostBuff="-1" ActivateIfHitTarget="false" ActivateWhenHPPercentDropBelow="-1" ActivateWhenBeHit="false" ActivateWhenBeCritHit="false" ActivateWhenDoCritHit="false" ActivateAfterDie="false" ActivateAfterDoTotalCritHit="-1" ActivateWhenBeHitBySkills="-1" ActivateWhenHitWithSkills="-1" ActivateIfNoUseSkillForFrame="-1" ActivateIfNoUseSkillCauseLostInvisibilityForFrame="-1" ActivateEachFrame="-1" />
	<AutoSkill ID="65" Type="13" Name="Trảm Long Quyết" CastPercent="{1,0},{10,1},{11,1}" CastSkillID="800" CastSkillLevel="-1" ParentSkillID="0" DelayPerCast="{1,1},{10,1}" MaxCastCount="-1" ActivateIfLostBuff="-1" ActivateIfHitTarget="false" ActivateWhenHPPercentDropBelow="-1" ActivateWhenBeHit="true" ActivateWhenBeCritHit="false" ActivateWhenDoCritHit="false" ActivateAfterDie="false" ActivateAfterDoTotalCritHit="-1" ActivateWhenBeHitBySkills="-1" ActivateWhenHitWithSkills="-1" ActivateIfNoUseSkillForFrame="-1" ActivateIfNoUseSkillCauseLostInvisibilityForFrame="-1" ActivateEachFrame="-1" />
	<AutoSkill ID="66" Type="2" Name="Chỉ Đoàn 120" CastPercent="{1,100},{10,100}" CastSkillID="1664" CastSkillLevel="-1" ParentSkillID="0" DelayPerCast="{1,1},{10,1}" MaxCastCount="-1" ActivateIfLostBuff="-1" ActivateIfHitTarget="false" ActivateWhenHPPercentDropBelow="-1" ActivateWhenBeHit="false" ActivateWhenBeCritHit="false" ActivateWhenDoCritHit="false" ActivateAfterDie="false" ActivateAfterDoTotalCritHit="-1" ActivateWhenBeHitBySkills="-1" ActivateWhenHitWithSkills="-1" ActivateIfNoUseSkillForFrame="-1" ActivateIfNoUseSkillCauseLostInvisibilityForFrame="-1" ActivateEachFrame="-1" />
	<AutoSkill ID="67" Type="2" Name="Khí Đoàn 120_Thêm" CastPercent="{1,3},{2,3}" CastSkillID="1663" CastSkillLevel="-1" ParentSkillID="0" DelayPerCast="{1,1},{10,1}" MaxCastCount="-1" ActivateIfLostBuff="-1" ActivateIfHitTarget="false" ActivateWhenHPPercentDropBelow="-1" ActivateWhenBeHit="false" ActivateWhenBeCritHit="false" ActivateWhenDoCritHit="false" ActivateAfterDie="false" ActivateAfterDoTotalCritHit="-1" ActivateWhenBeHitBySkills="-1" ActivateWhenHitWithSkills="-1" ActivateIfNoUseSkillForFrame="-1" ActivateIfNoUseSkillCauseLostInvisibilityForFrame="-1" ActivateEachFrame="-1" />
	<AutoSkill ID="68" Type="6" Name="Đao Độc 120_Thi triển 1" CastPercent="{1,100},{10,100}" CastSkillID="1667" CastSkillLevel="-1" ParentSkillID="0" DelayPerCast="{1,90},{10,90}" MaxCastCount="-1" ActivateIfLostBuff="-1" ActivateIfHitTarget="false" ActivateWhenHPPercentDropBelow="-1" ActivateWhenBeHit="false" ActivateWhenBeCritHit="false" ActivateWhenDoCritHit="false" ActivateAfterDie="false" ActivateAfterDoTotalCritHit="-1" ActivateWhenBeHitBySkills="-1" ActivateWhenHitWithSkills="-1" ActivateIfNoUseSkillForFrame="-1" ActivateIfNoUseSkillCauseLostInvisibilityForFrame="-1" ActivateEachFrame="-1" />
	<AutoSkill ID="69" Type="2" Name="Đao Độc 120_Thi triển 2" CastPercent="{1,100},{10,100}" CastSkillID="1670" CastSkillLevel="-1" ParentSkillID="0" DelayPerCast="{1,18},{10,18}" MaxCastCount="-1" ActivateIfLostBuff="-1" ActivateIfHitTarget="false" ActivateWhenHPPercentDropBelow="-1" ActivateWhenBeHit="false" ActivateWhenBeCritHit="false" ActivateWhenDoCritHit="false" ActivateAfterDie="false" ActivateAfterDoTotalCritHit="-1" ActivateWhenBeHitBySkills="-1" ActivateWhenHitWithSkills="-1" ActivateIfNoUseSkillForFrame="-1" ActivateIfNoUseSkillCauseLostInvisibilityForFrame="-1" ActivateEachFrame="-1" />
	<AutoSkill ID="70" Type="6" Name="Thương Thiên 120" CastPercent="{1,100},{10,100}" CastSkillID="89" CastSkillLevel="-1" ParentSkillID="0" DelayPerCast="{1,18},{10,18}" MaxCastCount="-1" ActivateIfLostBuff="-1" ActivateIfHitTarget="false" ActivateWhenHPPercentDropBelow="-1" ActivateWhenBeHit="false" ActivateWhenBeCritHit="false" ActivateWhenDoCritHit="false" ActivateAfterDie="false" ActivateAfterDoTotalCritHit="-1" ActivateWhenBeHitBySkills="-1" ActivateWhenHitWithSkills="-1" ActivateIfNoUseSkillForFrame="-1" ActivateIfNoUseSkillCauseLostInvisibilityForFrame="-1" ActivateEachFrame="-1" />
	<AutoSkill ID="71" Type="6" Name="Thập Diện Mai Phục" CastPercent="{1,100},{10,100}" CastSkillID="1180" CastSkillLevel="-1" ParentSkillID="0" DelayPerCast="{1,36},{10,36}" MaxCastCount="-1" ActivateIfLostBuff="-1" ActivateIfHitTarget="false" ActivateWhenHPPercentDropBelow="-1" ActivateWhenBeHit="false" ActivateWhenBeCritHit="false" ActivateWhenDoCritHit="false" ActivateAfterDie="false" ActivateAfterDoTotalCritHit="-1" ActivateWhenBeHitBySkills="-1" ActivateWhenHitWithSkills="-1" ActivateIfNoUseSkillForFrame="-1" ActivateIfNoUseSkillCauseLostInvisibilityForFrame="36" ActivateEachFrame="-1" />
	<AutoSkill ID="72" Type="6" Name="Đao Thúy 120_Tử 2" CastPercent="{1,100},{10,100}" CastSkillID="1648" CastSkillLevel="-1" ParentSkillID="1673" DelayPerCast="{1,18},{10,18}" MaxCastCount="1" ActivateIfLostBuff="-1" ActivateIfHitTarget="false" ActivateWhenHPPercentDropBelow="-1" ActivateWhenBeHit="false" ActivateWhenBeCritHit="false" ActivateWhenDoCritHit="false" ActivateAfterDie="false" ActivateAfterDoTotalCritHit="-1" ActivateWhenBeHitBySkills="-1" ActivateWhenHitWithSkills="-1" ActivateIfNoUseSkillForFrame="-1" ActivateIfNoUseSkillCauseLostInvisibilityForFrame="-1" ActivateEachFrame="-1" />
	<AutoSkill ID="73" Type="1" Name="Côn Thiếu 120" CastPercent="{1,25},{10,25}" CastSkillID="1287" CastSkillLevel="-1" ParentSkillID="0" DelayPerCast="{1,9},{10,9}" MaxCastCount="-1" ActivateIfLostBuff="-1" ActivateIfHitTarget="false" ActivateWhenHPPercentDropBelow="-1" ActivateWhenBeHit="false" ActivateWhenBeCritHit="false" ActivateWhenDoCritHit="false" ActivateAfterDie="false" ActivateAfterDoTotalCritHit="-1" ActivateWhenBeHitBySkills="-1" ActivateWhenHitWithSkills="-1" ActivateIfNoUseSkillForFrame="-1" ActivateIfNoUseSkillCauseLostInvisibilityForFrame="-1" ActivateEachFrame="-1" />
	<AutoSkill ID="74" Type="2" Name="Vạn Cổ Thực Tâm" CastPercent="{1,100},{10,100}" CastSkillID="774" CastSkillLevel="-1" ParentSkillID="0" DelayPerCast="{1,18},{10,18}" MaxCastCount="-1" ActivateIfLostBuff="-1" ActivateIfHitTarget="true" ActivateWhenHPPercentDropBelow="-1" ActivateWhenBeHit="false" ActivateWhenBeCritHit="false" ActivateWhenDoCritHit="false" ActivateAfterDie="false" ActivateAfterDoTotalCritHit="-1" ActivateWhenBeHitBySkills="-1" ActivateWhenHitWithSkills="-1" ActivateIfNoUseSkillForFrame="-1" ActivateIfNoUseSkillCauseLostInvisibilityForFrame="-1" ActivateEachFrame="-1" />
	<AutoSkill ID="75" Type="2" Name="Bi Ma Huyết Quang" CastPercent="{1,100},{10,100}" CastSkillID="801" CastSkillLevel="-1" ParentSkillID="0" DelayPerCast="{1,18},{10,18}" MaxCastCount="-1" ActivateIfLostBuff="-1" ActivateIfHitTarget="true" ActivateWhenHPPercentDropBelow="-1" ActivateWhenBeHit="false" ActivateWhenBeCritHit="false" ActivateWhenDoCritHit="false" ActivateAfterDie="false" ActivateAfterDoTotalCritHit="-1" ActivateWhenBeHitBySkills="-1" ActivateWhenHitWithSkills="-1" ActivateIfNoUseSkillForFrame="-1" ActivateIfNoUseSkillCauseLostInvisibilityForFrame="-1" ActivateEachFrame="-1" />
	<AutoSkill ID="76" Type="2" Name="Ôn Cổ Chi Khí (bị động)" CastPercent="{1,100},{10,100}" CastSkillID="388" CastSkillLevel="-1" ParentSkillID="0" DelayPerCast="{1,18},{10,18}" MaxCastCount="-1" ActivateIfLostBuff="-1" ActivateIfHitTarget="true" ActivateWhenHPPercentDropBelow="-1" ActivateWhenBeHit="false" ActivateWhenBeCritHit="false" ActivateWhenDoCritHit="false" ActivateAfterDie="false" ActivateAfterDoTotalCritHit="-1" ActivateWhenBeHitBySkills="-1" ActivateWhenHitWithSkills="-1" ActivateIfNoUseSkillForFrame="-1" ActivateIfNoUseSkillCauseLostInvisibilityForFrame="-1" ActivateEachFrame="-1" />
	<AutoSkill ID="77" Type="6" Name="Tử Tiêu Hoành Vân_Tử" CastPercent="{1,100},{10,100}" CastSkillID="1112" CastSkillLevel="-1" ParentSkillID="1658" DelayPerCast="{1,18},{10,18}" MaxCastCount="-1" ActivateIfLostBuff="-1" ActivateIfHitTarget="false" ActivateWhenHPPercentDropBelow="-1" ActivateWhenBeHit="false" ActivateWhenBeCritHit="false" ActivateWhenDoCritHit="false" ActivateAfterDie="false" ActivateAfterDoTotalCritHit="-1" ActivateWhenBeHitBySkills="-1" ActivateWhenHitWithSkills="-1" ActivateIfNoUseSkillForFrame="-1" ActivateIfNoUseSkillCauseLostInvisibilityForFrame="-1" ActivateEachFrame="-1" />
	<AutoSkill ID="78" Type="6" Name="xoyo Tự động sát thương" CastPercent="{1,100},{10,100}" CastSkillID="1855" CastSkillLevel="-1" ParentSkillID="0" DelayPerCast="{1,18},{10,18}" MaxCastCount="-1" ActivateIfLostBuff="-1" ActivateIfHitTarget="false" ActivateWhenHPPercentDropBelow="-1" ActivateWhenBeHit="false" ActivateWhenBeCritHit="false" ActivateWhenDoCritHit="false" ActivateAfterDie="false" ActivateAfterDoTotalCritHit="-1" ActivateWhenBeHitBySkills="-1" ActivateWhenHitWithSkills="-1" ActivateIfNoUseSkillForFrame="-1" ActivateIfNoUseSkillCauseLostInvisibilityForFrame="-1" ActivateEachFrame="-1" />
	<AutoSkill ID="79" Type="6" Name="xoyo Tự động bất động" CastPercent="{1,100},{10,100}" CastSkillID="1856" CastSkillLevel="-1" ParentSkillID="0" DelayPerCast="{1,18},{10,18}" MaxCastCount="-1" ActivateIfLostBuff="-1" ActivateIfHitTarget="false" ActivateWhenHPPercentDropBelow="-1" ActivateWhenBeHit="false" ActivateWhenBeCritHit="false" ActivateWhenDoCritHit="false" ActivateAfterDie="false" ActivateAfterDoTotalCritHit="-1" ActivateWhenBeHitBySkills="-1" ActivateWhenHitWithSkills="-1" ActivateIfNoUseSkillForFrame="-1" ActivateIfNoUseSkillCauseLostInvisibilityForFrame="-1" ActivateEachFrame="-1" />
	<AutoSkill ID="80" Type="6" Name="jy Người chơi tự động thêm boss tấn công" CastPercent="{1,100},{10,100}" CastSkillID="1891" CastSkillLevel="-1" ParentSkillID="0" DelayPerCast="{1,18},{10,18}" MaxCastCount="-1" ActivateIfLostBuff="-1" ActivateIfHitTarget="false" ActivateWhenHPPercentDropBelow="-1" ActivateWhenBeHit="false" ActivateWhenBeCritHit="false" ActivateWhenDoCritHit="false" ActivateAfterDie="false" ActivateAfterDoTotalCritHit="-1" ActivateWhenBeHitBySkills="-1" ActivateWhenHitWithSkills="-1" ActivateIfNoUseSkillForFrame="-1" ActivateIfNoUseSkillCauseLostInvisibilityForFrame="-1" ActivateEachFrame="-1" />
	<AutoSkill ID="81" Type="5" Name="jy Khối Băng tử vong người chơi không còn bị đóng băng" CastPercent="{1,100},{10,100}" CastSkillID="1890" CastSkillLevel="4" ParentSkillID="0" DelayPerCast="{1,18},{10,18}" MaxCastCount="-1" ActivateIfLostBuff="-1" ActivateIfHitTarget="false" ActivateWhenHPPercentDropBelow="-1" ActivateWhenBeHit="false" ActivateWhenBeCritHit="false" ActivateWhenDoCritHit="false" ActivateAfterDie="false" ActivateAfterDoTotalCritHit="-1" ActivateWhenBeHitBySkills="-1" ActivateWhenHitWithSkills="-1" ActivateIfNoUseSkillForFrame="-1" ActivateIfNoUseSkillCauseLostInvisibilityForFrame="-1" ActivateEachFrame="-1" />
	<AutoSkill ID="82" Type="6" Name="ll Tự động sát thương" CastPercent="{1,100},{10,100}" CastSkillID="1902" CastSkillLevel="-1" ParentSkillID="0" DelayPerCast="{1,18},{10,18}" MaxCastCount="-1" ActivateIfLostBuff="-1" ActivateIfHitTarget="false" ActivateWhenHPPercentDropBelow="-1" ActivateWhenBeHit="false" ActivateWhenBeCritHit="false" ActivateWhenDoCritHit="false" ActivateAfterDie="false" ActivateAfterDoTotalCritHit="-1" ActivateWhenBeHitBySkills="-1" ActivateWhenHitWithSkills="-1" ActivateIfNoUseSkillForFrame="-1" ActivateIfNoUseSkillCauseLostInvisibilityForFrame="-1" ActivateEachFrame="-1" />
	<AutoSkill ID="83" Type="6" Name="jy Hỏa Xà_Đạn sát thương" CastPercent="{1,100},{10,100}" CastSkillID="1931" CastSkillLevel="-1" ParentSkillID="0" DelayPerCast="{1,6},{10,6}" MaxCastCount="-1" ActivateIfLostBuff="-1" ActivateIfHitTarget="false" ActivateWhenHPPercentDropBelow="-1" ActivateWhenBeHit="false" ActivateWhenBeCritHit="false" ActivateWhenDoCritHit="false" ActivateAfterDie="false" ActivateAfterDoTotalCritHit="-1" ActivateWhenBeHitBySkills="-1" ActivateWhenHitWithSkills="-1" ActivateIfNoUseSkillForFrame="-1" ActivateIfNoUseSkillCauseLostInvisibilityForFrame="-1" ActivateEachFrame="-1" />
	<AutoSkill ID="84" Type="6" Name="jy Minh Hỏa" CastPercent="{1,100},{10,100}" CastSkillID="1935" CastSkillLevel="-1" ParentSkillID="0" DelayPerCast="{1,18},{10,18}" MaxCastCount="-1" ActivateIfLostBuff="-1" ActivateIfHitTarget="false" ActivateWhenHPPercentDropBelow="-1" ActivateWhenBeHit="false" ActivateWhenBeCritHit="false" ActivateWhenDoCritHit="false" ActivateAfterDie="false" ActivateAfterDoTotalCritHit="-1" ActivateWhenBeHitBySkills="-1" ActivateWhenHitWithSkills="-1" ActivateIfNoUseSkillForFrame="-1" ActivateIfNoUseSkillCauseLostInvisibilityForFrame="-1" ActivateEachFrame="-1" />
	<AutoSkill ID="85" Type="6" Name="jy Bôn Bào_Tích cực" CastPercent="{1,100},{10,100}" CastSkillID="1937" CastSkillLevel="-1" ParentSkillID="0" DelayPerCast="{1,90},{10,90}" MaxCastCount="-1" ActivateIfLostBuff="-1" ActivateIfHitTarget="false" ActivateWhenHPPercentDropBelow="-1" ActivateWhenBeHit="false" ActivateWhenBeCritHit="false" ActivateWhenDoCritHit="false" ActivateAfterDie="false" ActivateAfterDoTotalCritHit="-1" ActivateWhenBeHitBySkills="-1" ActivateWhenHitWithSkills="-1" ActivateIfNoUseSkillForFrame="-1" ActivateIfNoUseSkillCauseLostInvisibilityForFrame="-1" ActivateEachFrame="-1" />
	<AutoSkill ID="86" Type="6" Name="Xuân" CastPercent="{1,100},{10,100}" CastSkillID="2188" CastSkillLevel="-1" ParentSkillID="2187" DelayPerCast="{1,18},{10,18}" MaxCastCount="-1" ActivateIfLostBuff="-1" ActivateIfHitTarget="false" ActivateWhenHPPercentDropBelow="-1" ActivateWhenBeHit="false" ActivateWhenBeCritHit="false" ActivateWhenDoCritHit="false" ActivateAfterDie="false" ActivateAfterDoTotalCritHit="-1" ActivateWhenBeHitBySkills="-1" ActivateWhenHitWithSkills="-1" ActivateIfNoUseSkillForFrame="-1" ActivateIfNoUseSkillCauseLostInvisibilityForFrame="-1" ActivateEachFrame="-1" />
	<AutoSkill ID="87" Type="6" Name="Phi Phi" CastPercent="{1,100},{10,100}" CastSkillID="2170" CastSkillLevel="-1" ParentSkillID="2169" DelayPerCast="{1,18},{10,18}" MaxCastCount="-1" ActivateIfLostBuff="-1" ActivateIfHitTarget="false" ActivateWhenHPPercentDropBelow="-1" ActivateWhenBeHit="false" ActivateWhenBeCritHit="false" ActivateWhenDoCritHit="false" ActivateAfterDie="false" ActivateAfterDoTotalCritHit="-1" ActivateWhenBeHitBySkills="-1" ActivateWhenHitWithSkills="-1" ActivateIfNoUseSkillForFrame="-1" ActivateIfNoUseSkillCauseLostInvisibilityForFrame="-1" ActivateEachFrame="-1" />
	<AutoSkill ID="88" Type="6" Name="Liệt Địa Trảm" CastPercent="{1,100},{10,100}" CastSkillID="2159" CastSkillLevel="-1" ParentSkillID="2200" DelayPerCast="{1,540},{10,540}" MaxCastCount="-1" ActivateIfLostBuff="-1" ActivateIfHitTarget="false" ActivateWhenHPPercentDropBelow="-1" ActivateWhenBeHit="false" ActivateWhenBeCritHit="false" ActivateWhenDoCritHit="false" ActivateAfterDie="false" ActivateAfterDoTotalCritHit="-1" ActivateWhenBeHitBySkills="-1" ActivateWhenHitWithSkills="-1" ActivateIfNoUseSkillForFrame="-1" ActivateIfNoUseSkillCauseLostInvisibilityForFrame="-1" ActivateEachFrame="-1" />
	<AutoSkill ID="89" Type="6" Name="Nguyện Quân Đa Thái Hiệt" CastPercent="{1,100},{10,100}" CastSkillID="2094" CastSkillLevel="-1" ParentSkillID="2093" DelayPerCast="{1,18},{10,18}" MaxCastCount="-1" ActivateIfLostBuff="-1" ActivateIfHitTarget="false" ActivateWhenHPPercentDropBelow="-1" ActivateWhenBeHit="false" ActivateWhenBeCritHit="false" ActivateWhenDoCritHit="false" ActivateAfterDie="false" ActivateAfterDoTotalCritHit="-1" ActivateWhenBeHitBySkills="-1" ActivateWhenHitWithSkills="-1" ActivateIfNoUseSkillForFrame="-1" ActivateIfNoUseSkillCauseLostInvisibilityForFrame="-1" ActivateEachFrame="-1" />
	<AutoSkill ID="90" Type="6" Name="Thử Vật Tối Tương Tư" CastPercent="{1,100},{10,100}" CastSkillID="2029" CastSkillLevel="-1" ParentSkillID="2095" DelayPerCast="{1,18},{10,18}" MaxCastCount="-1" ActivateIfLostBuff="-1" ActivateIfHitTarget="false" ActivateWhenHPPercentDropBelow="-1" ActivateWhenBeHit="false" ActivateWhenBeCritHit="false" ActivateWhenDoCritHit="false" ActivateAfterDie="false" ActivateAfterDoTotalCritHit="-1" ActivateWhenBeHitBySkills="-1" ActivateWhenHitWithSkills="-1" ActivateIfNoUseSkillForFrame="-1" ActivateIfNoUseSkillCauseLostInvisibilityForFrame="-1" ActivateEachFrame="-1" />
	<AutoSkill ID="91" Type="6" Name="Nhu Kiếm_Vô Ngấn" CastPercent="{1,100},{10,100}" CastSkillID="2137" CastSkillLevel="-1" ParentSkillID="2136" DelayPerCast="{1,180},{10,180}" MaxCastCount="-1" ActivateIfLostBuff="-1" ActivateIfHitTarget="false" ActivateWhenHPPercentDropBelow="-1" ActivateWhenBeHit="false" ActivateWhenBeCritHit="false" ActivateWhenDoCritHit="false" ActivateAfterDie="false" ActivateAfterDoTotalCritHit="-1" ActivateWhenBeHitBySkills="-1" ActivateWhenHitWithSkills="-1" ActivateIfNoUseSkillForFrame="-1" ActivateIfNoUseSkillCauseLostInvisibilityForFrame="-1" ActivateEachFrame="-1" />
	<AutoSkill ID="92" Type="14" Name="Đảo Hiệp Khách_Tự nổ" CastPercent="{1,1},{18,60},{19,100}" CastSkillID="1685" CastSkillLevel="-1" ParentSkillID="1684" DelayPerCast="{1,180},{10,180}" MaxCastCount="-1" ActivateIfLostBuff="-1" ActivateIfHitTarget="false" ActivateWhenHPPercentDropBelow="-1" ActivateWhenBeHit="false" ActivateWhenBeCritHit="false" ActivateWhenDoCritHit="false" ActivateAfterDie="false" ActivateAfterDoTotalCritHit="-1" ActivateWhenBeHitBySkills="-1" ActivateWhenHitWithSkills="-1" ActivateIfNoUseSkillForFrame="-1" ActivateIfNoUseSkillCauseLostInvisibilityForFrame="-1" ActivateEachFrame="-1" />
	<AutoSkill ID="93" Type="4" Name="Giảm sát thương" CastPercent="{1,0},{19,0},{20,90}" CastSkillID="1687" CastSkillLevel="-1" ParentSkillID="1674" DelayPerCast="{1,540},{20,540}" MaxCastCount="-1" ActivateIfLostBuff="-1" ActivateIfHitTarget="false" ActivateWhenHPPercentDropBelow="-1" ActivateWhenBeHit="false" ActivateWhenBeCritHit="false" ActivateWhenDoCritHit="false" ActivateAfterDie="false" ActivateAfterDoTotalCritHit="-1" ActivateWhenBeHitBySkills="-1" ActivateWhenHitWithSkills="-1" ActivateIfNoUseSkillForFrame="-1" ActivateIfNoUseSkillCauseLostInvisibilityForFrame="-1" ActivateEachFrame="-1" />
	<AutoSkill ID="94" Type="2" Name="Mật Tịch Chưởng Cái (cao)" CastPercent="{1,100},{10,100}" CastSkillID="1664" CastSkillLevel="-1" ParentSkillID="864" DelayPerCast="{1,540},{10,180}" MaxCastCount="-1" ActivateIfLostBuff="-1" ActivateIfHitTarget="false" ActivateWhenHPPercentDropBelow="-1" ActivateWhenBeHit="false" ActivateWhenBeCritHit="false" ActivateWhenDoCritHit="false" ActivateAfterDie="false" ActivateAfterDoTotalCritHit="-1" ActivateWhenBeHitBySkills="-1" ActivateWhenHitWithSkills="-1" ActivateIfNoUseSkillForFrame="-1" ActivateIfNoUseSkillCauseLostInvisibilityForFrame="-1" ActivateEachFrame="-1" />
	<AutoSkill ID="95" Type="4" Name="Lệ Ma Đoạt Hồn" CastPercent="{1,100},{10,100}" CastSkillID="79" CastSkillLevel="-1" ParentSkillID="-1" DelayPerCast="{1,180},{10,180}" MaxCastCount="-1" ActivateIfLostBuff="-1" ActivateIfHitTarget="true" ActivateWhenHPPercentDropBelow="-1" ActivateWhenBeHit="false" ActivateWhenBeCritHit="false" ActivateWhenDoCritHit="false" ActivateAfterDie="false" ActivateAfterDoTotalCritHit="-1" ActivateWhenBeHitBySkills="-1" ActivateWhenHitWithSkills="-1" ActivateIfNoUseSkillForFrame="-1" ActivateIfNoUseSkillCauseLostInvisibilityForFrame="-1" ActivateEachFrame="-1" />
</ListAutoSkills>
