<?xml version="1.0" encoding="utf-8"?>
<ArrayOfKSpecialState xmlns:xsi="http://www.w3.org/2001/XMLSchema-instance" xmlns:xsd="http://www.w3.org/2001/XMLSchema">
	<KSpecialState StateID="emSTATE_WEAK" Name="Suy yếu" SkillID="100001" MaxFrame="1080" />
	<KSpecialState StateID="emSTATE_SLOWALL" Name="Làm chậm" SkillID="100002" MaxFrame="108" />
	<KSpecialState StateID="emSTATE_BURN" Name="Bỏng" SkillID="100003" MaxFrame="108" />
	<KSpecialState StateID="emSTATE_POISON" Name="Trúng độc" SkillID="100004" MaxFrame="0" />
	<KSpecialState StateID="emSTATE_STUN" Name="Choáng" SkillID="100005" MaxFrame="72" />
	<KSpecialState StateID="emSTATE_FIXED" Name="Bất động" SkillID="100006" MaxFrame="90" />
	<KSpecialState StateID="emSTATE_PALSY" Name="Tê liệt" SkillID="100007" MaxFrame="90" />
	<KSpecialState StateID="emSTATE_SLOWRUN" Name="Giảm tốc" SkillID="100008" MaxFrame="90" />
	<KSpecialState StateID="emSTATE_FREEZE" Name="Đóng băng" SkillID="100009" MaxFrame="1080" />
	<KSpecialState StateID="emSTATE_CONFUSE" Name="Hỗn loạn" SkillID="100010" MaxFrame="90" />
	<KSpecialState StateID="emSTATE_SILENCE" Name="Bất lực" SkillID="100011" MaxFrame="1080" />
	<KSpecialState StateID="emSTATE_FLOAT" Name="Phù không" SkillID="100012" MaxFrame="180" />
</ArrayOfKSpecialState>