﻿<?xml version="1.0" encoding="utf-8"?>
<GuildWarCityConfig xmlns:xsi="http://www.w3.org/2001/XMLSchema-instance" xmlns:xsd="http://www.w3.org/2001/XMLSchema">
 <!--Số thành sẽ diễn ra công thành chiến --> 
  <Citys CityName="Tương Dương" HostName="NONE" TeamFightDay="6" CityFightDay="7" FightMapID="4" />
  <!--Danh sách phần thưởng dành cho 5 chức vụ Binh sĩ, Hiệu Úy , Thống LĨnh , Phó TƯớng, Đại Tướng====> Đại tướng tương đương vơi mốc 1 --> 
  
  <!--Point là điểm dnah vọng , BoxCount là số hộp được, Weekpoint là điểm hoạt động tuần, guildmoney là tích lũy cá nhân sẽ nhận --> 
  <Award Rank="1" BoxCount="10798|15" WeekPoint="150" GuildMoney="150" />
  <Award Rank="2" BoxCount="10798|10" WeekPoint="100" GuildMoney="100" />
  <Award Rank="3" BoxCount="10798|5" WeekPoint="50" GuildMoney="50" />
  <Award Rank="4" BoxCount="10798|3" WeekPoint="30" GuildMoney="30" />
  <Award Rank="5" BoxCount="10798|3" WeekPoint="30" GuildMoney="30" />
  <Award Rank="6" BoxCount="10798|3" WeekPoint="30" GuildMoney="30" />
  <Award Rank="7" BoxCount="10798|3" WeekPoint="30" GuildMoney="30" />
  <Award Rank="8" BoxCount="10798|3" WeekPoint="30" GuildMoney="30" />
  <Award Rank="9" BoxCount="10798|3" WeekPoint="30" GuildMoney="30" />
  <Award Rank="10" BoxCount="10798|3" WeekPoint="30" GuildMoney="30" />
  
  <!-- những người tham gia -->
  <Award Rank="100" BoxCount="10798|1" WeekPoint="10" GuildMoney="10" />
  
    <!--Thời gian diễn ra hoạt động vào lúc nào--> 
  <OpenTime Hours="20" Minute="0" />
  
     <!--Cọc sẽ cắm ở đâu? Binh lính trong bản đồ công thành--> 
  <ObjectPostion Name="Long Trụ Thành Chính" Hp="226877850" ID="6360" PosX="5312" PosY="4948" IsMonster="false" />
  <ObjectPostion Name="Long Trụ Thành Chính" Hp="226877850" ID="6360" PosX="3405" PosY="3857" IsMonster="false" />
  <ObjectPostion Name="Long Trụ Thành Chính" Hp="226877850" ID="6360" PosX="1506" PosY="2797" IsMonster="false" />
  
  <ObjectPostion Name="Binh sĩ lưu vong" Hp="200000" ID="6361" PosX="5694" PosY="4780" IsMonster="true" />
  <ObjectPostion Name="Binh sĩ lưu vong" Hp="200000" ID="6361" PosX="3486" PosY="4634" IsMonster="true" />
  <ObjectPostion Name="Binh sĩ lưu vong" Hp="200000" ID="6361" PosX="5866" PosY="4660" IsMonster="true" />
  <ObjectPostion Name="Binh sĩ lưu vong" Hp="200000" ID="6361" PosX="5670" PosY="4608" IsMonster="true" />
  <ObjectPostion Name="Binh sĩ lưu vong" Hp="200000" ID="6361" PosX="5670" PosY="4686" IsMonster="true" />
  
  <ObjectPostion Name="Binh sĩ lưu vong" Hp="200000" ID="6361" PosX="6353" PosY="4441" IsMonster="true" />
  <ObjectPostion Name="Binh sĩ lưu vong" Hp="200000" ID="6361" PosX="6198" PosY="4345" IsMonster="true" />
  <ObjectPostion Name="Binh sĩ lưu vong" Hp="200000" ID="6361" PosX="6525" PosY="4336" IsMonster="true" />
  <ObjectPostion Name="Binh sĩ lưu vong" Hp="200000" ID="6361" PosX="6370" PosY="4234" IsMonster="true" />
  <ObjectPostion Name="Binh sĩ lưu vong" Hp="200000" ID="6361" PosX="6367" PosY="4325" IsMonster="true" />
  
  
  <ObjectPostion Name="Binh sĩ lưu vong" Hp="200000" ID="6361" PosX="3744" PosY="3695" IsMonster="true" />
  <ObjectPostion Name="Binh sĩ lưu vong" Hp="200000" ID="6361" PosX="3575" PosY="3608" IsMonster="true" />
  <ObjectPostion Name="Binh sĩ lưu vong" Hp="200000" ID="6361" PosX="3788" PosY="3599" IsMonster="true" />
  <ObjectPostion Name="Binh sĩ lưu vong" Hp="200000" ID="6361" PosX="3741" PosY="3517" IsMonster="true" />
  <ObjectPostion Name="Binh sĩ lưu vong" Hp="200000" ID="6361" PosX="3744" PosY="3599" IsMonster="true" />
  
  <ObjectPostion Name="Binh sĩ lưu vong" Hp="200000" ID="6361" PosX="4284" PosY="3439" IsMonster="true" />
  <ObjectPostion Name="Binh sĩ lưu vong" Hp="200000" ID="6361" PosX="3981" PosY="3348" IsMonster="true" />
  <ObjectPostion Name="Binh sĩ lưu vong" Hp="200000" ID="6361" PosX="4287" PosY="3226" IsMonster="true" />
  <ObjectPostion Name="Binh sĩ lưu vong" Hp="200000" ID="6361" PosX="4441" PosY="3316" IsMonster="true" />
  <ObjectPostion Name="Binh sĩ lưu vong" Hp="200000" ID="6361" PosX="4129" PosY="3337" IsMonster="true" />
  
  
  <ObjectPostion Name="Binh sĩ lưu vong" Hp="200000" ID="6361" PosX="1836" PosY="2634" IsMonster="true" />
  <ObjectPostion Name="Binh sĩ lưu vong" Hp="200000" ID="6361" PosX="1973" PosY="2710" IsMonster="true" />
  <ObjectPostion Name="Binh sĩ lưu vong" Hp="200000" ID="6361" PosX="1789" PosY="2512" IsMonster="true" />
  <ObjectPostion Name="Binh sĩ lưu vong" Hp="200000" ID="6361" PosX="2104" PosY="2605" IsMonster="true" />
  <ObjectPostion Name="Binh sĩ lưu vong" Hp="200000" ID="6361" PosX="1961" PosY="2608" IsMonster="true" />
  
  <ObjectPostion Name="Binh sĩ lưu vong" Hp="200000" ID="6361" PosX="2498" PosY="2456" IsMonster="true" />
  <ObjectPostion Name="Binh sĩ lưu vong" Hp="200000" ID="6361" PosX="2284" PosY="2366" IsMonster="true" />
  <ObjectPostion Name="Binh sĩ lưu vong" Hp="200000" ID="6361" PosX="2519" PosY="2277" IsMonster="true" />
  <ObjectPostion Name="Binh sĩ lưu vong" Hp="200000" ID="6361" PosX="2348" PosY="2329" IsMonster="true" />
  <ObjectPostion Name="Binh sĩ lưu vong" Hp="200000" ID="6361" PosX="2511" PosY="2355" IsMonster="true" />
  
  
  
  <ObjectPostion Name="Tướng lĩnh lưu vong" Hp="200000" ID="6362" PosX="5678" PosY="4947" IsMonster="true" />
  <ObjectPostion Name="Tướng lĩnh lưu vong" Hp="200000" ID="6362" PosX="5321" PosY="4772" IsMonster="true" />
  <ObjectPostion Name="Tướng lĩnh lưu vong" Hp="200000" ID="6362" PosX="4964" PosY="4961" IsMonster="true" />
  <ObjectPostion Name="Tướng lĩnh lưu vong" Hp="200000" ID="6362" PosX="5315" PosY="5129" IsMonster="true" />
  
  <ObjectPostion Name="Tướng lĩnh lưu vong" Hp="200000" ID="6362" PosX="3737" PosY="3873" IsMonster="true" />
  <ObjectPostion Name="Tướng lĩnh lưu vong" Hp="200000" ID="6362" PosX="3141" PosY="3706" IsMonster="true" />
  <ObjectPostion Name="Tướng lĩnh lưu vong" Hp="200000" ID="6362" PosX="3045" PosY="3869" IsMonster="true" />
  <ObjectPostion Name="Tướng lĩnh lưu vong" Hp="200000" ID="6362" PosX="3405" PosY="4045" IsMonster="true" />
  
  <ObjectPostion Name="Tướng lĩnh lưu vong" Hp="200000" ID="6362" PosX="1826" PosY="2809" IsMonster="true" />
  <ObjectPostion Name="Tướng lĩnh lưu vong" Hp="200000" ID="6362" PosX="1444" PosY="2639" IsMonster="true" />
  <ObjectPostion Name="Tướng lĩnh lưu vong" Hp="200000" ID="6362" PosX="1107" PosY="2803" IsMonster="true" />
  <ObjectPostion Name="Tướng lĩnh lưu vong" Hp="200000" ID="6362" PosX="1483" PosY="2982" IsMonster="true" />
  
  <DefPoint PosX="1170" PosY="4771" />
  <DefPoint PosX="1268" PosY="4952" />
  <DefPoint PosX="927" PosY="4822" />
  <DefPoint PosX="1040" PosY="4886" />
  <DefPoint PosX="1013" PosY="4720" />
  <DefPoint PosX="1347" PosY="4833" />
  
  
  <AttackPoint PosX="8097" PosY="906" />
  <AttackPoint PosX="8310" PosY="796" />
  <AttackPoint PosX="8460" PosY="1078" />
  <AttackPoint PosX="8736" PosY="980" />
  <AttackPoint PosX="8494" PosY="881" />
  <AttackPoint PosX="8689" PosY="724" />
  
  
  <Cost AttackCost="3000000" DefCost="10000000" />
  
  
  <DefMonster Name="Kỳ Lân" Hp="2000000" ID="6363" PosX="5522" PosY="4971" IsMonster="true" />
  <DefMonster Name="Kỳ Lân" Hp="2000000" ID="6363" PosX="3574" PosY="3873" IsMonster="true" />
  <DefMonster Name="Kỳ Lân" Hp="2000000" ID="6363" PosX="1672" PosY="2805" IsMonster="true" />
  
  
  <AttackMonster Name="Xe Công Thành" Hp="2000000" ID="13137" PosX="8477" PosY="3309" TargetPosX="5312" TargetPosY="4948" IsMonster="true" />
  <AttackMonster Name="Xe Công Thành" Hp="2000000" ID="13137" PosX="6395" PosY="2329" TargetPosX="3405" TargetPosY="3857" IsMonster="true" />
  <AttackMonster Name="Xe Công Thành" Hp="2000000" ID="13137" PosX="4401" PosY="1294" TargetPosX="1506" TargetPosY="2797" IsMonster="true" />
  
</GuildWarCityConfig>