﻿<?xml version="1.0" encoding="utf-8"?>
<Map>
  <Monsters>
    <Monster ID="1" Code="2201" X="2827" Y="3359" Radius="300" Num="20" Timeslot="10" PursuitRadius="60" BirthType="0" TimePoints="0" BirthRate="1" />
	<Monster ID="2" Code="2201" X="2172" Y="2640" Radius="300" Num="20" Timeslot="10" PursuitRadius="60" BirthType="0" TimePoints="0" BirthRate="1" />
	<Monster ID="3" Code="2201" X="3622" Y="2173" Radius="300" Num="20" Timeslot="10" PursuitRadius="60" BirthType="0" TimePoints="0" BirthRate="1" />
	<Monster ID="4" Code="2201" X="4612" Y="2941" Radius="300" Num="20" Timeslot="10" PursuitRadius="60" BirthType="0" TimePoints="0" BirthRate="1" />
	<Monster ID="5" Code="2201" X="1689" Y="1989" Radius="300" Num="20" Timeslot="10" PursuitRadius="60" BirthType="0" TimePoints="0" BirthRate="1" />
	
	<Monster ID="6" Code="2202" X="2975" Y="1280" Radius="300" Num="20" Timeslot="10" PursuitRadius="60" BirthType="0" TimePoints="0" BirthRate="1" />
	<Monster ID="7" Code="2202" X="4429" Y="1241" Radius="300" Num="20" Timeslot="10" PursuitRadius="60" BirthType="0" TimePoints="0" BirthRate="1" />
	<Monster ID="8" Code="2202" X="5249" Y="1815" Radius="300" Num="20" Timeslot="10" PursuitRadius="60" BirthType="0" TimePoints="0" BirthRate="1" />
	<Monster ID="9" Code="2202" X="7067" Y="1016" Radius="300" Num="20" Timeslot="10" PursuitRadius="60" BirthType="0" TimePoints="0" BirthRate="1" />
	
	<Monster ID="10" Code="2009" X="6720" Y="4004" Radius="300" Num="20" Timeslot="10" PursuitRadius="60" BirthType="0" TimePoints="0" BirthRate="1" />
	<Monster ID="11" Code="2009" X="6538" Y="4817" Radius="300" Num="20" Timeslot="10" PursuitRadius="60" BirthType="0" TimePoints="0" BirthRate="1" />
	<Monster ID="12" Code="2009" X="4844" Y="4312" Radius="300" Num="20" Timeslot="10" PursuitRadius="60" BirthType="0" TimePoints="0" BirthRate="1" />
	<Monster ID="13" Code="2009" X="6368" Y="5569" Radius="300" Num="20" Timeslot="10" PursuitRadius="60" BirthType="0" TimePoints="0" BirthRate="1" />
	<Monster ID="14" Code="2009" X="4567" Y="6257" Radius="300" Num="20" Timeslot="10" PursuitRadius="60" BirthType="0" TimePoints="0" BirthRate="1" />
	 
	<Monster ID="15" Code="2010" X="8405" Y="5372" Radius="300" Num="20" Timeslot="10" PursuitRadius="60" BirthType="0" TimePoints="0" BirthRate="1" />
	<Monster ID="16" Code="2010" X="7007" Y="6481" Radius="300" Num="20" Timeslot="10" PursuitRadius="60" BirthType="0" TimePoints="0" BirthRate="1" />
	<Monster ID="17" Code="2010" X="8691" Y="6228" Radius="300" Num="20" Timeslot="10" PursuitRadius="60" BirthType="0" TimePoints="0" BirthRate="1" />

    
  </Monsters>
</Map>