<?xml version="1.0" encoding="utf-8"?>
<Map>
  <NPCs>
   <NPC Code="6782" Name="Đại Lão Bạch" MinimapName="Tửu Lầu" VisibleOnMinimap="1" Title="Chủ Tửu Lầu" X="6390" Y="3990" Dir="7" ScriptID="24" />
   <NPC Code="6781" Name="Bất Động Tiên Sinh" MinimapName="Tạp Hóa" VisibleOnMinimap="1" Title="Chủ Tiệm Tạp Hóa" X="5870" Y="4130" Dir="1" ScriptID="28" />
   <NPC Code="6780" Name="Trương Trảm Kinh" MinimapName="Thuốc" VisibleOnMinimap="1" Title="Chủ Tiệm Thuốc " X="5470" Y="4170" Dir="7" ScriptID="27"/>
   <NPC Code="6779" Name="Hách Phiêu Tịnh" MinimapName="Trang Sức" VisibleOnMinimap="1" Title="Chủ Tiệm Trang Sức" X="4410" Y="3450" Dir="7" ScriptID="26"/>
   <NPC Code="2963" Name="Thương Nhân Đặc Sản" MinimapName="" VisibleOnMinimap="1" Title="" X="4490" Y="2990" Dir="5" ScriptID="31"/>
   <NPC Code="3569" Name="Mộc Lương" MinimapName="Gỗ" VisibleOnMinimap="1" Title="Chủ Tiệm Gỗ" X="4650" Y="2450" Dir="1" ScriptID="23" />
   <NPC Code="2599" Name="Trâu Đức Khoái" MinimapName="Thủ Khố" VisibleOnMinimap="1" Title="Thủ Khố" X="5410" Y="2290" Dir="1" ScriptID="12"/>
   <NPC Code="3698" Name="Xa Phu" MinimapName="" VisibleOnMinimap="1" Title="" X="5750" Y="2150" Dir="1" ScriptID="13" />
   <NPC Code="2599" Name="Trâu Đức Khoái" MinimapName="Thủ Khố" VisibleOnMinimap="1" Title="Thủ Khố" X="4030" Y="4370" Dir="1" ScriptID="12"/>
   <NPC Code="3698" Name="Xa Phu" MinimapName="" VisibleOnMinimap="1" Title="" X="3350" Y="4890" Dir="7" ScriptID="13"/>
   <NPC Code="6778" Name="Thẩm Hà Diệp" MinimapName="Phòng Cụ" VisibleOnMinimap="1" Title="Chủ Tiệm Phòng Cụ" X="3390" Y="4310" Dir="7" ScriptID="25" />
   <NPC Code="6783" Name="Tạ Hiền" MinimapName="Tiền Trang" VisibleOnMinimap="1" Title="Chủ Tiền Trang" X="2310" Y="4150" Dir="7" ScriptID="14" />
   <NPC Code="6777" Name="Điềm Tửu Thúc" MinimapName="Binh Khí" VisibleOnMinimap="1" Title="Chủ Tiệm Binh Khí" X="2690" Y="3870" Dir="1" ScriptID="29" />
   <NPC Code="3568" Name="Trương Tùng Đào" MinimapName="Tiệm Da" VisibleOnMinimap="1" Title="Chủ Tiệm Da" X="3830" Y="3170" Dir="7" ScriptID="22" />
   <NPC Code="2601" Name="Lễ Quan" MinimapName="" VisibleOnMinimap="1" Title="" X="6730" Y="3250" Dir="1" ScriptID="149" />  
   <NPC Code="6786" Name="Bạch Thu Lâm" MinimapName="" VisibleOnMinimap="1" Title="Thủ lĩnh nghĩa quân" X="5350" Y="3430" Dir="0" ScriptID="0" />   
   <NPC Code="3642" Name="Tần Oa" MinimapName="Tần Oa" VisibleOnMinimap="1" Title="Trại chủ Tịch Mịch Hoạch Thủy Trại" X="4370" Y="670" Dir="7" ScriptID="157"/>
   
   <NPC Code="3513" Name="Đường Tế Dân" MinimapName="Đường Môn" VisibleOnMinimap="1" Title="Đệ tử tiếp dẫn Đường Môn" X="5430" Y="5350" Dir="5" ScriptID="52"/>
   <NPC Code="3507" Name="Tịch Huyễn" MinimapName="Thiếu Lâm" VisibleOnMinimap="1" Title="Đệ tử tiếp dẫn Thiếu Lâm" X="5230" Y="4850" Dir="1" ScriptID="51"/>
   <NPC Code="3525" Name="Huyền Tịnh" MinimapName="Nga My" VisibleOnMinimap="1" Title="Đệ tử tiếp dẫn Nga My" X="7270" Y="5130" Dir="0" ScriptID="54"/>
   <NPC Code="3549" Name="Minh Tuệ" MinimapName="Võ Đang" VisibleOnMinimap="1" Title="Đệ tử tiếp dẫn Võ Đang" X="9270" Y="3510" Dir="1" ScriptID="59"/>
   <NPC Code="3537" Name="La Tuấn" MinimapName="Cái Bang" VisibleOnMinimap="1" Title="Đệ tử Tiếp Dẫn Cái Bang" X="8810" Y="4490" Dir="1" ScriptID="55"/>
   
   <NPC Code="3501" Name="Bùi Viễn" MinimapName="Thiên Vương" VisibleOnMinimap="1" Title="Đệ tử tiếp dẫn Thiên Vương" X="6010" Y="4745" Dir="1" ScriptID="63"/>
   <NPC Code="3480" Name="Đoàn Tu Tịnh" MinimapName="Đoàn Thị" VisibleOnMinimap="1" Title="Đệ tử tiếp dẫn Đại Lý Đoàn Thị" X="8835" Y="3284" Dir="7" ScriptID="62"/>
   <NPC Code="3474" Name="Đồng Lăng" MinimapName="Minh Giáo" VisibleOnMinimap="1" Title="Đệ tử tiếp dẫn Minh Giáo" X="8388" Y="3032" Dir="7" ScriptID="61"/>
   <NPC Code="3519" Name="Biên Nhất Xuân" MinimapName="Ngũ Độc" VisibleOnMinimap="1" Title="Đệ tử tiếp dẫn Ngũ Độc" X="6060" Y="5380" Dir="1" ScriptID="53"/>
   <NPC Code="3531" Name="Tô Nhã" MinimapName="Thúy Yên" VisibleOnMinimap="1" Title="Đệ tử tiếp dẫn Thúy Yên" X="7387" Y="4830" Dir="5" ScriptID="56"/>
   <NPC Code="3543" Name="Tạ Phi Kinh" MinimapName="Thiên Nhẫn" VisibleOnMinimap="1" Title="Đệ tử tiếp dẫn Thiên Nhẫn" X="8244" Y="3912" Dir="5" ScriptID="57"/>
   <NPC Code="3555" Name="Quy Kinh Tinh" MinimapName="Côn Lôn" VisibleOnMinimap="1" Title="Đệ tử Tiếp Dẫn Côn Lôn" X="7818" Y="4262" Dir="1" ScriptID="58"/>
   
   <NPC Code="3571" Name="Long Ngũ Thái Gia" MinimapName="Long Ngũ Thái Gia" VisibleOnMinimap="1" Title="Nguyên Lão Nghĩa Quân" X="5784" Y="3830" Dir="5"  ScriptID="148"/>  
   <NPC Code="3574" Name="Dã Luyện Đại Sư" MinimapName="" VisibleOnMinimap="1" Title="" X="2790" Y="2370" Dir="7" ScriptID="33" />
   <NPC Code="3573" Name="Bao Vạn Đồng" MinimapName="" VisibleOnMinimap="1" Title="" X="4690" Y="3750" Dir="7"  ScriptID="3"/>
   <NPC Code="2711" Name="Quan Quân Nhu (nghĩa quân)" MinimapName="" VisibleOnMinimap="1" Title="" X="4850" Y="3830" Dir="7" ScriptID="17"/>
   <NPC Code="3601" Name="Cổ Phong Hà" MinimapName="Sứ giả hoạt động" VisibleOnMinimap="1" Title="Sứ giả hoạt động" X="5453" Y="3123" Dir="3" ScriptID="151"/>
   <NPC Code="3578" Name="Rương cũ nát" MinimapName="" VisibleOnMinimap="1" Title="" X="2129" Y="3977" Dir="0" ScriptID="157"/>
   
<!--   <NPC Code="3699" Name="Mã Vân" MinimapName="" VisibleOnMinimap="1" Title="Gia Tộc Chiêu Mộ Sứ" X="3916" Y="1627" Dir="7" ScriptID="201"/>  -->
  </NPCs>
</Map>